warning: The `tool.uv.dev-dependencies` field (used in `pyproject.toml`) is deprecated and will be removed in a future release; use `dependency-groups.dev` instead
4592 validated pairs available; taking 1000 every 4

### Chuo Ward, Niigata, Niigata Prefecture, Japan / Airports
  seed concern finds 0; 8 utterances kept of 8 asked for
  zero_results       0  新潟県新潟市中央区の空港を教えてください                   -> Chuo, Niigata, Niigata, Airp
  wrong_area        0  中央区にある空港を探して                           -> Chuo, Tokyo, Airports
  wrong_area        0  新潟市中央区 空港                              -> Chuo-ku, Niigata City, Airpo
  zero_results       0  新潟県新潟市中央区の空港情報をお願いします                  -> Chuo, Niigata, Niigata, Airp
  no_area_line       0  Chuo Ward                              -> 
  wrong_area        0  chuo-ku airports                       -> Chuo-ku, airports
  wrong_area        0  Show me airports in Chuo Ward          -> Chuo Ward, airports
  wrong_area        0  Please find the airports located in    -> Chuo Ward, Airports

### Higashi Ward, Niigata, Niigata Prefecture, Japan / Airports
  seed concern finds 1; 8 utterances kept of 8 asked for
  wrong_area        0  新潟県新潟市東区にある空港を教えて                      -> Higashi-ku, Niigata, Niigata
  accepted          1  新潟市東区内の空港一覧を出して                        -> Higashi-ku, Niigata, Airport
  accepted         12  新潟市東区の空港はどこ？                           -> Higashi-ku, Niigata, Airport
  wrong_area        0  新潟県新潟市東区の空港について知りたいです                  -> Higashi-ku, Niigata, Niigata
  accepted          1  Show me airports in Higashi Ward, Ni   -> Higashi Ward, Niigata, Niiga
  accepted          1  List all airports located in Higashi   -> Higashi Ward, Niigata, Niiga
  accepted          1  Where are the airports in Higashi Wa   -> Higashi Ward, Niigata, Niiga
  accepted          1  I want to find airports in Higashi W   -> Higashi Ward, Niigata, Niiga

### Kita Ward, Osaka, Osaka Prefecture, Japan / Airports
  seed concern finds 0; 8 utterances kept of 8 asked for
  zero_results       0  大阪府大阪市の北区にある空港を教えて                     -> Kita, Osaka, Osaka, Airports
  no_area_line       0  大阪市北区の空港一覧                             -> 
  zero_results       0  北区 空港 大阪                               -> Kita, Osaka, Airport
  zero_results       0  Osaka Kita-ku airpuuto                 -> Kita-ku, Osaka, Airports
  zero_results       0  Where are the airports in Kita Ward,   -> Kita Ward, Osaka, Osaka Pref
  zero_results       0  Show me airports near Kita Ward, Osa   -> Kita Ward, Osaka, Osaka Pref
  zero_results       0  I'm looking for airports in Kita War   -> Kita Ward, Osaka, Osaka Pref
  zero_results       0  List all airports in Kita Ward, Osak   -> Kita Ward, Osaka, Osaka Pref

### Nishi Ward, Osaka, Osaka Prefecture, Japan / Airports
  seed concern finds 0; 8 utterances kept of 8 asked for
  zero_results       0  大阪市西区の空港を教えて                           -> Nishi, Osaka, Airports
  accepted         18  Osaka Nishi-ku no kuukou o shirabete   -> Nishi-ku, Osaka, Airport
  wrong_area        0  西区内の空港一覧を出して                           -> Nishi-ku, Airports
  zero_results       0  Osaka Nishi-ku no kuukou ichiran o d   -> Nishi-ku, Osaka, Airports
  wrong_area        0  Where are the airports in Nishi Ward   -> Nishi Ward, Airports
  zero_results       0  Show me all airports in Nishi Ward,    -> Nishi Ward, Osaka, Airports
  wrong_area        0  Can you list the airports located in   -> Nishi Ward, Airports
  zero_results       0  I need information about airports in   -> Nishi Ward, Osaka, Airports

### Chuo Ward, Niigata, Niigata Prefecture, Japan / Aquariums
  seed concern finds 1; 8 utterances kept of 8 asked for
  deep_gap          0  新潟県新潟市中央区のアミューズメントパークを教えてください          -> Chuo, Niigata, Niigata, Amus
  accepted          1  新潟市中央区にある水族館を教えて                       -> Chuo, Niigata, Aquariums
  deep_gap          0  新潟県新潟市中央区で水族館を探してるんだけど、どこがある？          -> Chuo, Niigata, Niigata, Aqua
  accepted          1  新潟市中央区の水族館について教えてください                  -> Chuo, Niigata, Aquariums
  accepted          1  aquariums in Chuo Ward, Niigata, Nii   -> Chuo Ward, Niigata, Niigata 
  accepted          1  Find aquariums located in Chuo Ward,   -> Chuo Ward, Niigata, Niigata 
  accepted          1  Show me all aquariums in the Chuo Wa   -> Chuo Ward, Niigata, Niigata 
  accepted          1  I am looking for aquariums in Chuo W   -> Chuo Ward, Niigata, Niigata 

### Kyoto, Kyoto Prefecture, Japan / Aquariums
  seed concern finds 1; 8 utterances kept of 8 asked for
  accepted          1  京都の水族館を教えて                             -> Kyoto, Aquariums
  accepted          1  京都市内で見れる水族館はどこですか？                     -> Kyoto, Kyoto, Aquariums
  wrong_area        0  京都府にある水族館の一覧を出して                       -> Kyoto Prefecture, Aquariums
  accepted          1  京都 水族館                                 -> Kyoto, Aquariums
  accepted          1  Show me all the aquariums in Kyoto,    -> Kyoto, Kyoto Prefecture, Jap
  accepted          1  Where can I find aquariums in Kyoto,   -> Kyoto, Kyoto Prefecture, Jap
  accepted          1  aquariums in Kyoto, Kyoto Prefecture   -> Kyoto, Kyoto Prefecture, Jap
  accepted          1  List of aquariums located in Kyoto,    -> Kyoto, Kyoto Prefecture, Jap

### Ogasawara, Tokyo, Japan / Aquariums
  seed concern finds 1; 8 utterances kept of 8 asked for
  deep_gap          0  小笠原の水族館                                -> Ogasawara, Aquariums
  wrong_area        0  東京小笠原島の水族館はどこですか                       -> Ogasawara Islands, Tokyo, Aq
  wrong_area        0  小笠原諸島にある水族館を教えてください                    -> Ogasawara Islands, Aquariums
  wrong_area        0  東京都小笠原村の水族館を探しています                     -> Ogasawara Village, Tokyo, Aq
  accepted          1  Show me all the aquariums in Ogasawa   -> Ogasawara, Tokyo, Japan, Aqu
  accepted          1  Where are the aquariums located in O   -> Ogasawara, Tokyo, Japan, Aqu
  accepted          1  Find aquariums in Ogasawara, Tokyo,    -> Ogasawara, Tokyo, Japan, Aqu
  accepted          1  I need directions to aquariums in Og   -> Ogasawara, Tokyo, Japan, Aqu

### Songpa-gu, Seoul, South Korea / Aquariums
  seed concern finds 1; 8 utterances kept of 8 asked for
  deep_gap          0  서울 송파구에 있는 수족관 알려줘                     -> Songpa District, Seoul, Aqua
  deep_gap          0  송파구 수족관 검색해 줘                          -> Songpa District, Seoul, Aqua
  deep_gap          0  서울 송파구 수족관 위치 확인해 줘                    -> Songpa-gu, Seoul, Aquariums
  deep_gap          0  송파구 내 수족관 찾아줘                          -> Songpa-gu, Seoul, Aquariums
  accepted          1  Show me aquariums in Songpa-gu, Seou   -> Songpa-gu, Seoul, South Kore
  accepted          1  Where are the aquariums located in S   -> Songpa-gu, Seoul, South Kore
  accepted          1  I need a list of aquariums in Songpa   -> Songpa-gu, Seoul, South Kore
  accepted          1  Find all aquariums in Songpa-gu, Seo   -> Songpa-gu, Seoul, South Kore

### Yeongdeungpo-gu, Seoul, South Korea / Aquariums
  seed concern finds 1; 8 utterances kept of 8 asked for
  accepted          1  永登浦区の水族館を教えて                           -> Yeongdeungpo, Seoul, Aquariu
  accepted          1  ソウル永登浦区にある水族館リストが欲しいです                 -> Yeongdeungpo, Seoul, Aquariu
  accepted          1  永登浦区で水族館を探しています                        -> Yeongdeungpo, Seoul, Aquariu
  deep_gap          0  ソウルの永登浦区に水棲展示がある施設を調べて                 -> Yeongdeungpo, Seoul, Aquatic
  accepted          1  Aquariums in Yeongdeungpo-gu, Seoul,   -> Yeongdeungpo-gu, Seoul, Sout
  accepted          1  Find aquariums located in Yeongdeung   -> Yeongdeungpo-gu, Seoul, Sout
  accepted          1  List all aquariums in Yeongdeungpo-g   -> Yeongdeungpo-gu, Seoul, Sout
  accepted          1  Where are the aquariums in Yeongdeun   -> Yeongdeungpo-gu, Seoul, Sout

### Fushimi Ward, Kyoto, Kyoto Prefecture, Japan / Archaeological Sites
  seed concern finds 87; 8 utterances kept of 8 asked for
  deep_gap          0  京都市伏見区の遺跡を探しています                       -> Fushimi, Kyoto, Historical s
  accepted         17  伏見区にある考古遺跡はどこですか                       -> Fushimi, Kyoto, Archaeologic
  deep_gap          0  京都府京都市伏見区の遺跡一覧                         -> Fushimi, Kyoto, Historical s
  deep_gap          0  伏見区の遺跡スポットを教えてください                     -> Fushimi, Kyoto, Historical r
  accepted         87  Find archaeological sites in Fushimi   -> Fushimi Ward, Kyoto, Kyoto P
  accepted         87  Show me archaeological sites in Fush   -> Fushimi Ward, Kyoto, Kyoto P
  accepted         87  Locate archaeological sites in Fushi   -> Fushimi Ward, Kyoto, Kyoto P
  accepted         87  Where can I find archaeological site   -> Fushimi Ward, Kyoto, Kyoto P

### Hakata Ward, Fukuoka, Fukuoka Prefecture, Japan / Archaeological Sites
  seed concern finds 1; 8 utterances kept of 8 asked for
  accepted          1  博多区の考古遺跡を教えて                           -> Hakata, Fukuoka, Archaeologi
  no_area_line       0  福岡県福岡市博多区の史跡リスト                        -> 
  accepted          1  博多区の考古遺跡はどこ？                           -> Hakata, Fukuoka, Archaeologi
  accepted         31  福岡市博多区の遺跡一覧                            -> Hakata, Fukuoka, Ruins
  accepted          1  Show me archaeological sites in Haka   -> Hakata Ward, Fukuoka, Fukuok
  accepted          1  I am looking for archaeological site   -> Hakata Ward, Fukuoka, Fukuok
  accepted          1  List archaeological sites in Hakata    -> Hakata Ward, Fukuoka, Fukuok
  accepted          1  Where can I find archaeological site   -> Hakata Ward, Fukuoka, Fukuok

### Kamigyō Ward, Kyoto, Kyoto Prefecture, Japan / Archaeological Sites
  seed concern finds 4; 8 utterances kept of 8 asked for
  accepted          4  京都府京都市上京区の考古遺跡を教えてください。                -> Kamigyō, Kyoto, Archaeologic
  deep_gap          0  上京区にある遺跡の地図を探しているの。                    -> Kamigyō, Kyoto, Historical s
  deep_gap          0  京都市上京区の遺跡スポットはどこですか？                   -> Kamigyō, Kyoto, Historical r
  accepted          4  上京区の考古学遺跡一覧を出して。                       -> Kamigyō, Kyoto, Archaeologic
  accepted          4  Where are the archaeological sites i   -> Kamigyō Ward, Kyoto, Archaeo
  accepted          4  Kamigyō Ward, Kyoto, Kyoto Prefectur   -> Kamigyō Ward, Kyoto, Kyoto P
  accepted          4  Show me Kamigyō Ward, Kyoto, Kyoto P   -> Kamigyō Ward, Kyoto, Kyoto P
  accepted          4  I need to find Kamigyō Ward, Kyoto,    -> Kamigyō Ward, Kyoto, Kyoto P

### Sawara Ward, Fukuoka, Fukuoka Prefecture, Japan / Archaeological Sites
  seed concern finds 18; 8 utterances kept of 8 asked for
  accepted          2  福岡県福岡市早良区の考古遺跡を教えて                     -> Sawara, Fukuoka, Fukuoka Pre
  accepted          2  早良区にある遺跡はどこですか                         -> Sawara, Fukuoka, Ruins
  deep_gap          0  福岡早良区の史跡一覧を出して                         -> Sawara, Fukuoka, Historical 
  accepted          2  早良区の考古学遺跡を表示                           -> Sawara, Fukuoka, Archaeologi
  accepted          2  Find archaeological sites in Sawara    -> Sawara Ward, Fukuoka, Fukuok
  accepted          2  Where are the archaeological sites l   -> Sawara Ward, Fukuoka, Fukuok
  accepted          2  Show me archaeological sites in Sawa   -> Sawara Ward, Fukuoka, Fukuok
  accepted          2  I need directions to archaeological    -> Sawara Ward, Fukuoka, Fukuok

### Tsuzuki Ward, Yokohama, Kanagawa Prefecture, Japan / Archaeological Sites
  seed concern finds 3; 8 utterances kept of 8 asked for
  accepted          5  Tsuzuki Ward, Yokohama, Kanagawa Pre   -> Tsuzuki, Yokohama, Kanagawa 
  accepted          3  Tsuzuki Ward, Yokohama, Kanagawa Pre   -> Tsuzuki, Yokohama, Kanagawa 
  wrong_area        0  Tsuzuki Ward, Yokohama, Kanagawa Pre   -> Tsurumi, Yokohama, Kanagawa,
  accepted          3  Tsuzuki Ward, Yokohama, Kanagawa Pre   -> Tsuzuki, Yokohama, Kanagawa 
  accepted          3  Show me the archaeological sites in    -> Tsuzuki Ward, Yokohama, Kana
  accepted          3  I need a map of archaeological sites   -> Tsuzuki Ward, Yokohama, Kana
  accepted          3  Where can I find archaeological site   -> Tsuzuki Ward, Yokohama, Kana
  accepted          3  Please display archaeological sites    -> Tsuzuki Ward, Yokohama, Kana

### Nishinari Ward, Osaka, Osaka Prefecture, Japan / Bakeries
  seed concern finds 0; 8 utterances kept of 8 asked for
  wrong_area        0  西成区のパン屋さんを教えてください                      -> Nishi-ku, Osaka, Bakeries
  zero_results       0  大阪府大阪市西成区内のベーカリーを探している                 -> Nishinari, Osaka, Osaka Pref
  zero_results       0  西成区で美味しいパンが買える場所                       -> Nishinari, Osaka, Bakeries
  zero_results       0  Osaka PrefectureのNishinari Wardにあるパン   -> Nishinari, Osaka, Bakeries
  zero_results       0  Show me bakeries in Nishinari Ward,    -> Nishinari Ward, Osaka, Osaka
  zero_results       0  Where can I find bakeries in Nishina   -> Nishinari Ward, Osaka, Baker
  zero_results       0  List of bakeries in Nishinari Ward,    -> Nishinari Ward, Osaka, Osaka
  zero_results       0  Find bakeries located in Nishinari W   -> Nishinari Ward, Osaka, Osaka

### Dobong-gu, Seoul, South Korea / Banks
  seed concern finds 30; 8 utterances kept of 8 asked for
  accepted         30  Dobong-gu, Seoul, South Koreaの銀行を教えて   -> Dobong-gu, Seoul, South Kore
  accepted         30  Dobong-gu, Seoul, South Korea内で銀行を探し   -> Dobong-gu, Seoul, South Kore
  accepted         30  Dobong-gu, Seoul, South Koreaの銀行一覧     -> Dobong-gu, Seoul, South Kore
  accepted         30  Dobong-gu, Seoul, South Koreaにある銀行を教   -> Dobong-gu, Seoul, South Kore
  accepted         30  Banks in Dobong-gu, Seoul, South Kor   -> Dobong-gu, Seoul, South Kore
  accepted         30  Show banks near Dobong-gu, Seoul, So   -> Dobong-gu, Seoul, South Kore
  accepted         30  Where are the banks in Dobong-gu, Se   -> Dobong-gu, Seoul, South Kore
  accepted         30  I need to find banks in Dobong-gu, S   -> Dobong-gu, Seoul, South Kore

### Fushimi Ward, Kyoto, Kyoto Prefecture, Japan / Banks
  seed concern finds 213; 8 utterances kept of 8 asked for
  accepted        349  京都市伏見区の銀行を教えてください。                     -> Fushimi, Kyoto, Banks
  accepted        349  伏見区にある銀行のリストを表示して。                     -> Fushimi, Kyoto, Banks
  accepted        349  京都伏見区の銀行はどこですか？                        -> Fushimi, Kyoto, Banks
  accepted        349  京都市伏見区にある銀行一覧を探して。                     -> Fushimi, Kyoto, Banks
  deep_gap          0  Show me all the banks in Fushimi War   -> Fushimi Ward, Banks
  accepted        349  I need to find banks located in Fush   -> Fushimi Ward, Kyoto, Banks
  accepted        349  Where can I find banks in Fushimi Wa   -> Fushimi Ward, Kyoto, Banks
  accepted        349  List banks in Fushimi Ward, Kyoto      -> Fushimi Ward, Kyoto, Banks

### Gangseo-gu, Seoul, South Korea / Banks
  seed concern finds 9; 8 utterances kept of 8 asked for
  accepted          9  Gangseo-gu, Seoul, South Koreaにある銀行を   -> Gangseo-gu, Seoul, Banks
  accepted          9  South Korea Seoul Gangseo-guの銀行一覧      -> Gangseo-gu, Seoul, South Kor
  accepted          9  Gangseo-gu, Seoul, South Korea 銀行      -> Gangseo-gu, Seoul, South Kor
  accepted          9  Gangseo-gu, Seoul, South Koreaの銀行を探し   -> Gangseo-gu, Seoul, South Kor
  accepted          9  Banks in Gangseo-gu, Seoul, South Ko   -> Gangseo-gu, Seoul, South Kor
  accepted          9  Show me all banks in Gangseo-gu, Seo   -> Gangseo-gu, Seoul, South Kor
  accepted          9  Where are banks in Gangseo-gu, Seoul   -> Gangseo-gu, Seoul, South Kor
  accepted          9  List banks in Gangseo-gu, Seoul, Sou   -> Gangseo-gu, Seoul, South Kor

### Gwangjin-gu, Seoul, South Korea / Banks
  seed concern finds 3; 8 utterances kept of 8 asked for
  accepted          3  SeoulのGwangjin-guにある銀行を教えて             -> Gwangjin-gu, Seoul, Banks
  accepted          3  Gwangjin-gu, Seoul, South Koreaの銀行一覧   -> Gwangjin-gu, Seoul, South Ko
  accepted          3  南ソウルGwangjin-guの銀行探して                  -> Gwangjin-gu, Seoul, Banks
  accepted          3  Gwangjin-gu, Seoul, South Koreaの銀行はど   -> Gwangjin-gu, Seoul, South Ko
  accepted          3  Show me all banks in Gwangjin-gu, Se   -> Gwangjin-gu, Seoul, South Ko
  accepted          3  I need to find banks located in Gwan   -> Gwangjin-gu, Seoul, South Ko
  accepted          3  Where can I find banks in Gwangjin-g   -> Gwangjin-gu, Seoul, South Ko
  accepted          3  List the banks in Gwangjin-gu, Seoul   -> Gwangjin-gu, Seoul, South Ko

### Kanagawa Ward, Yokohama, Kanagawa Prefecture, Japan / Banks
  seed concern finds 12; 8 utterances kept of 8 asked for
  wrong_area        0  神奈川県横浜市神奈川区の銀行一覧を表示して                  -> Kanagawa-ku, Yokohama, Kanag
  accepted         46  神奈川区で銀行を探して                            -> Kanagawa-ku, Yokohama, Banks
  wrong_area        0  神奈川県横浜市神奈川区にある銀行を地図上に表示してください          -> Kanagawa-ku, Yokohama, Kanag
  accepted         46  神奈川区の銀行スポットを教えて                        -> Kanagawa-ku, Yokohama, Banks
  accepted         12  Show me all the banks in Kanagawa Wa   -> Kanagawa Ward, Yokohama, Kan
  accepted         12  Where can I find banks in Kanagawa W   -> Kanagawa Ward, Yokohama, Kan
  wrong_area        0  List banks in Kanagawa Ward, Yokoham   -> Kanagawa Ward, Yokohama, Kan
  accepted         12  I need to locate banks in Kanagawa W   -> Kanagawa Ward, Yokohama, Kan

### Nakagawa Ward, Nagoya, Aichi Prefecture, Japan / Banks
  seed concern finds 34; 8 utterances kept of 8 asked for
  accepted         75  中川区の銀行を探して                             -> Nakagawa, Nagoya, Banks
  deep_gap          0  愛知県名古屋市中川区にある銀行のリストを表示してください           -> Nakagawa, Nagoya, Aichi, Ban
  accepted         75  中川区 銀行                                 -> Nakagawa, Nagoya, Banks
  accepted         75  名古屋市中川区の銀行をマップ上に表示して                   -> Nakagawa-ku, Nagoya, Banks
  accepted         34  Find banks in Nakagawa Ward, Nagoya,   -> Nakagawa Ward, Nagoya, Aichi
  accepted         34  Where are the banks located in Nakag   -> Nakagawa Ward, Nagoya, Aichi
  wrong_area        0  Show me banks in Nakagawa Ward, Nago   -> Nakagawa Ward, Nagoya, Aichi
  accepted         34  I need to locate banks in Nakagawa W   -> Nakagawa Ward, Nagoya, Aichi

### Pingshan District, Shenzhen, Guangdong Province, China / Banks
  seed concern finds 330; 8 utterances kept of 8 asked for
  accepted        330  Pingshan District, Shenzhen, Guangdo   -> Pingshan District, Shenzhen,
  accepted        330  ShenzhenのPingshan District, Guangdon   -> Pingshan District, Shenzhen,
  accepted        330  Pingshan District, Shenzhen, Guangdo   -> Pingshan District, Shenzhen,
  wrong_area        0  Shenzhen Guangdong Pingshan District   -> Pingshan District, Shenzhen,
  accepted        330  Show me all banks in Pingshan Distri   -> Pingshan District, Shenzhen,
  accepted        330  I need to find banks located in Ping   -> Pingshan District, Shenzhen,
  accepted        330  Please list the banks in Pingshan Di   -> Pingshan District, Shenzhen,
  accepted        330  Find banks in Pingshan District, She   -> Pingshan District, Shenzhen,

### Seodaemun-gu, Seoul, South Korea / Banks
  seed concern finds 40; 8 utterances kept of 8 asked for
  accepted         17  Seodaemun-gu, Seoul, South Koreaにある銀   -> Seodaemun-gu, Seoul, Banks
  accepted         17  ソウルの西区（Seodaemun-gu）の銀行を探している          -> Seodaemun-gu, Seoul, Banks
  accepted         40  Seodaemun-gu, Seoul, South Koreaの銀行一   -> Seodaemun-gu, Seoul, South K
  invented_name       0  西区にある銀行を教えて                            -> 
  accepted         40  Banks in Seodaemun-gu, Seoul, South    -> Seodaemun-gu, Seoul, South K
  accepted         40  Where are banks in Seodaemun-gu, Seo   -> Seodaemun-gu, Seoul, South K
  accepted         40  Show banks in Seodaemun-gu, Seoul, S   -> Seodaemun-gu, Seoul, South K
  accepted         40  List all banks in Seodaemun-gu, Seou   -> Seodaemun-gu, Seoul, South K

### Yangcheon-gu, Seoul, South Korea / Banks
  seed concern finds 5; 8 utterances kept of 8 asked for
  invented_name       0  ソウルの楊川区の銀行を教えて                         -> 
  invented_name       0  楊川区 銀行 一覧                              -> 
  accepted          5  Yangcheon-gu Seoul South Korea Banks   -> Yangcheon-gu, Seoul, South K
  invented_name       0  杨川区的银行在哪里                              -> 
  accepted          5  Find banks in Yangcheon-gu, Seoul, S   -> Yangcheon-gu, Seoul, South K
  accepted          5  Show me all the banks located in Yan   -> Yangcheon-gu, Seoul, South K
  accepted          5  Where are the banks in Yangcheon-gu,   -> Yangcheon-gu, Seoul, South K
  accepted          5  List banks in Yangcheon-gu, Seoul, S   -> Yangcheon-gu, Seoul, South K

### Adachi, Tokyo, Japan / Bars
  seed concern finds 57; 8 utterances kept of 8 asked for
  no_area_line       0  Adachi, Tokyo, Japan                   -> 
  accepted         57  Adachi, Tokyo, Japan のバー               -> Adachi, Tokyo, Japan, Bars
  accepted         57  東京都足立区のバー                              -> Adachi, Tokyo, Bars
  accepted         57  足立区のバーを教えて                             -> Adachi, Tokyo, Bars
  accepted         57  Bars in Adachi, Tokyo, Japan           -> Adachi, Tokyo, Bars
  accepted         57  Find bars in Adachi, Tokyo, Japan      -> Adachi, Tokyo, Japan, Bars
  accepted         57  Show me bars located in Adachi, Toky   -> Adachi, Tokyo, Japan, Bars
  accepted         57  Where are the bars in Adachi, Tokyo,   -> Adachi, Tokyo, Bars

### Arakawa, Tokyo, Japan / Bars
  seed concern finds 15; 7 utterances kept of 8 asked for
  no_area_line       0  Arakawa, Tokyo, Japan                  -> 
  accepted         15  Arakawa, Tokyo, Japan のバーを探して          -> Arakawa, Tokyo, Bars
  accepted         15  Arakawa, Tokyo, Japan にある酒吧            -> Arakawa, Tokyo, Japan, Bars
  accepted         15  Show me bars in Arakawa, Tokyo, Japa   -> Arakawa, Tokyo, Japan, Bars
  accepted         15  Bars Arakawa Tokyo Japan               -> Arakawa, Tokyo, Japan, Bars
  accepted         15  Can you find bars in Arakawa, Tokyo,   -> Arakawa, Tokyo, Bars
  accepted         15  I am looking for bars in Arakawa, To   -> Arakawa, Tokyo, Bars

### Bao'an District, Shenzhen, Guangdong Province, China / Bars
  seed concern finds 4; 8 utterances kept of 8 asked for
  accepted          4  宝安区のバーを教えて                             -> Bao'an, Shenzhen, Bars
  accepted          4  Find bars in Bao'an District, Shenzh   -> Bao'an District, Shenzhen, G
  accepted          4  深圳市宝安区 酒吧                              -> Bao'an District, Shenzhen, B
  accepted          4  宝安区でバーを教えてください                         -> Bao'an, Shenzhen, Bars
  accepted          4  Bars in Bao'an District, Shenzhen, G   -> Bao'an District, Shenzhen, G
  accepted          4  Find bars located in Bao'an District   -> Bao'an District, Shenzhen, G
  accepted          4  Where are the bars in Bao'an Distric   -> Bao'an District, Shenzhen, G
  accepted         36  Show me bars in Bao'an District, She   -> Bao'an District, Shenzhen, G

### Chofu, Tokyo, Japan / Bars
  seed concern finds 30; 8 utterances kept of 8 asked for
  accepted         30  調布市のバーを教えて                             -> Chofu, Tokyo, Bars
  accepted         30  東京・調布で美味しいバーを探しています                    -> Chofu, Tokyo, Bars
  accepted         30  調布にあるバー一覧を出して                          -> Chofu, Tokyo, Bars
  accepted         30  東京都調布市のバー情報を検索して                       -> Chofu, Tokyo, Bars
  accepted         30  Where are the bars in Chofu, Tokyo,    -> Chofu, Tokyo, Bars
  accepted         30  Bars in Chofu, Tokyo, Japan            -> Chofu, Tokyo, Bars
  accepted         30  Chofu, Tokyo, Japan bars               -> Chofu, Tokyo, Bars
  accepted         30  I want to find bars in Chofu, Tokyo,   -> Chofu, Tokyo, Bars

### Chuo, Osaka, Osaka Prefecture, Japan / Bars
  seed concern finds 145; 8 utterances kept of 8 asked for
  deep_gap          0  Chuo, Osaka, Osaka Prefecture, Japan   -> Chuo, Osaka, Osaka Prefectur
  accepted        145  大阪府大阪市中央区にあるバー一覧を見せて                   -> Chuo, Osaka, Bars
  deep_gap          0  Chuo, Osaka, Osaka Prefecture, Japan   -> Chuo, Osaka, Osaka Prefectur
  accepted        145  大阪市中央区のバーを地図に表示して                      -> Chuo, Osaka, Bars
  accepted        145  I am looking for bars in Chuo, Osaka   -> Chuo, Osaka, Bars
  accepted        145  Bars in Chuo, Osaka, Osaka Prefectur   -> Chuo, Osaka, Bars
  accepted        145  Show me the bars located in Chuo, Os   -> Chuo, Osaka, Osaka Prefectur
  accepted        145  Bars in Chuo, Osaka, Osaka Prefectur   -> Chuo, Osaka, Bars

### Dongdaemun-gu, Seoul, South Korea / Bars
  seed concern finds 90; 8 utterances kept of 8 asked for
  accepted         90  Seoul of Dongdaemun-gu in the bars p   -> Dongdaemun-gu, Seoul, Bars
  accepted         90  Where are the bars in Dongdaemun-gu?   -> Dongdaemun-gu, Seoul, Bars
  accepted         90  Dongdaemun-gu のバーを教えて                  -> Dongdaemun-gu, Seoul, Bars
  accepted         90  Dongdaemun-gu, Seoul, South Korea. S   -> Dongdaemun-gu, Seoul, South 
  accepted         90  Show me bars in Dongdaemun-gu, Seoul   -> Dongdaemun-gu, Seoul, South 
  accepted         90  I want to find bars in Dongdaemun-gu   -> Dongdaemun-gu, Seoul, South 
  accepted         90  Please search for bars in Dongdaemun   -> Dongdaemun-gu, Seoul, South 
  accepted         90  Search: bars in Dongdaemun-gu, Seoul   -> Dongdaemun-gu, Seoul, South 

### Fuchu, Tokyo, Japan / Bars
  seed concern finds 8; 8 utterances kept of 8 asked for
  no_area_line       0  Fuchu, Tokyo, Japan                    -> 
  no_area_line       0  Fuchu, Tokyo, Japan に行きたい              -> 
  no_area_line       0  Fuchu, Tokyo, Japan の場所を教えて            -> 
  no_area_line       0  Fuchu, Tokyo, Japan を探して               -> 
  accepted          8  Bars in Fuchu, Tokyo, Japan            -> Fuchu, Tokyo, Bars
  accepted          8  Where can I find bars in Fuchu, Toky   -> Fuchu, Tokyo, Japan, Bars
  accepted          8  Show me all bars in Fuchu, Tokyo, Ja   -> Fuchu, Tokyo, Bars
  accepted          8  I want to see bars in Fuchu, Tokyo,    -> Fuchu, Tokyo, Japan, Bars

### Futian District, Shenzhen, Guangdong Province, China / Bars
  seed concern finds 11; 8 utterances kept of 8 asked for
  accepted         11  福田区のバーを教えて                             -> Futian, Shenzhen, Bars
  accepted         11  深圳福田区のバー一覧                             -> Futian, Shenzhen, Bars
  accepted         11  Futian Districtのバーはどこですか？              -> Futian District, Bars
  accepted         11  深圳市福田区にあるバーを探して                        -> Futian, Shenzhen, Bars
  accepted         11  Show me bars in Futian District, She   -> Futian District, Shenzhen, G
  accepted         11  Where can I find bars in Futian Dist   -> Futian District, Shenzhen, G
  accepted         11  List all bars in Futian District, Sh   -> Futian District, Shenzhen, G
  accepted         11  Find bars located in Futian District   -> Futian District, Shenzhen, G

### Gangseo-gu, Seoul, South Korea / Bars
  seed concern finds 6; 8 utterances kept of 8 asked for
  accepted          6  gangseo-guのバー教えて                       -> Gangseo-gu, Bars
  accepted          6  서울 강서구에서バー探している                        -> Gangseo-gu, Seoul, Bars
  accepted          6  강서구 내 바 위치를 알려줘                        -> Gangseo-gu, Seoul, Bars
  accepted          6  I want bars in Gangseo-gu, Seoul       -> Gangseo-gu, Seoul, Bars
  accepted          6  Show me all the bars in Gangseo-gu,    -> Gangseo-gu, Seoul, South Kor
  accepted          6  I need a list of bars in Gangseo-gu,   -> Gangseo-gu, Seoul, South Kor
  accepted          6  Find bars located in Gangseo-gu, Seo   -> Gangseo-gu, Seoul, South Kor
  accepted          6  Where are the bars in Gangseo-gu, Se   -> Gangseo-gu, Seoul, South Kor

### Gwangjin-gu, Seoul, South Korea / Bars
  seed concern finds 64; 8 utterances kept of 8 asked for
  accepted         64  SeoulのGwangjin-guにあるバーを教えて             -> Gwangjin-gu, Seoul, Bars
  accepted         64  Gwangjin-gu, Seoul, South Koreaのバー一覧   -> Gwangjin-gu, Seoul, South Ko
  accepted         64  SeoulのGwangjin-gu地区のバー検索               -> Gwangjin-gu, Seoul, Bars
  accepted         64  Gwangjin-gu, Seoul, South Koreaのバーはど   -> Gwangjin-gu, Seoul, South Ko
  accepted         64  Find bars in Gwangjin-gu, Seoul, Sou   -> Gwangjin-gu, Seoul, South Ko
  deep_gap          0  Show me nightlife spots in Gwangjin-   -> Gwangjin-gu, Seoul, South Ko
  accepted         64  Where can I get a drink in Gwangjin-   -> Gwangjin-gu, Seoul, South Ko
  accepted         33  List all pubs located in Gwangjin-gu   -> Gwangjin-gu, Seoul, South Ko

### Higashi Ward, Fukuoka, Fukuoka Prefecture, Japan / Bars
  seed concern finds 15; 8 utterances kept of 8 asked for
  wrong_area        0  福岡県福岡市東区にあるバーを探しているんだけど                -> Higashi-ku, Fukuoka, Fukuoka
  wrong_area        0  東区のバーを教えて                              -> Higashi, Tokyo, Bars
  accepted         15  福岡の東区でバーをいくつか教えてよ                      -> Higashi-ku, Fukuoka, Bars
  wrong_area        0  東区 バー                                  -> Higashi, Tokyo, Bars
  accepted         15  Find bars in Higashi Ward, Fukuoka,    -> Higashi Ward, Fukuoka, Fukuo
  accepted         15  Show me bars in Higashi Ward, Fukuok   -> Higashi Ward, Fukuoka, Fukuo
  accepted         15  Looking for bars in Higashi Ward, Fu   -> Higashi Ward, Fukuoka, Fukuo
  accepted         15  Where can I find bars in Higashi War   -> Higashi Ward, Fukuoka, Fukuo

### Higashinari Ward, Osaka, Osaka Prefecture, Japan / Bars
  seed concern finds 10; 8 utterances kept of 8 asked for
  accepted         10  東成区のバーを教えて                             -> Higashinari, Osaka, Bars
  accepted         10  大阪東成区のバー一覧                             -> Higashinari, Osaka, Bars
  accepted         10  Osaka Higashinari Wardのバー              -> Higashinari, Osaka, Bars
  accepted         10  Higashinari Ward, Osakaのバー探して          -> Higashinari, Osaka, Bars
  accepted         10  Find bars in Higashinari Ward, Osaka   -> Higashinari Ward, Osaka, Osa
  accepted         10  Where are the bars in Higashinari Wa   -> Higashinari Ward, Osaka, Osa
  accepted         10  Show me bars in Higashinari Ward, Os   -> Higashinari Ward, Osaka, Osa
  accepted         10  I want to see bars in Higashinari Wa   -> Higashinari Ward, Osaka, Osa

### Hirano Ward, Osaka, Osaka Prefecture, Japan / Bars
  seed concern finds 18; 7 utterances kept of 8 asked for
  accepted         18  大阪府大阪市平野区のバーを調べて                       -> Hirano, Osaka, Bars
  accepted         18  平野区のバーを教えて                             -> Hirano, Osaka, Bars
  accepted         18  大阪市平野区のバー情報                            -> Hirano, Osaka, Bars
  wrong_area        0  Show me bars in Hirano Ward            -> Hirano Ward, Bars
  accepted         18  I am looking for bars located in Hir   -> Hirano Ward, Osaka, Bars
  accepted         18  Bars in Hirano Ward, Osaka             -> Hirano Ward, Osaka, Bars
  wrong_area        0  Can you find bars for me in Hirano W   -> Hirano Ward, Bars

### Isogo Ward, Yokohama, Kanagawa Prefecture, Japan / Bars
  seed concern finds 23; 8 utterances kept of 8 asked for
  invented_name       0  磯谷区にあるバーを教えて                           -> 
  invented_name       0  神奈川県横浜市磯谷区 酒吧                          -> 
  invented_name       0  磯谷区のバーはどこ？                             -> 
  accepted         23  Isogo Ward, Yokohama, Kanagawa Prefe   -> Isogo Ward, Yokohama, Kanaga
  accepted         23  Show me bars in Isogo Ward, Yokohama   -> Isogo Ward, Yokohama, Kanaga
  accepted         23  I need a list of bars in Isogo Ward,   -> Isogo Ward, Yokohama, Kanaga
  accepted         23  Where can I find bars in Isogo Ward,   -> Isogo Ward, Yokohama, Kanaga
  accepted         23  Find bars in Isogo Ward, Yokohama, K   -> Isogo Ward, Yokohama, Kanaga

### Jonan Ward, Fukuoka, Fukuoka Prefecture, Japan / Bars
  seed concern finds 4; 5 utterances kept of 8 asked for
  invented_name       0  福岡県福岡市南区のバーを探して                        -> 
  accepted          4  Jonan Ward, Fukuokaのバー一覧               -> Jonan Ward, Fukuoka, Bars
  invented_name       0  福岡南区  バー  検索                           -> 
  invented_name       0  Jōnan-ku, Fukuokaのバーを教えてください           -> 
  accepted          4  Bars in Jonan Ward, Fukuoka, Fukuoka   -> Jonan Ward, Fukuoka, Fukuoka

### Jungnang-gu, Seoul, South Korea / Bars
  seed concern finds 7; 8 utterances kept of 8 asked for
  accepted          7  Jungnang-gu, Seoul, South Korea のバーを   -> Jungnang-gu, Seoul, South Ko
  accepted          7  Jungnang-gu, Seoul, South Korea 内でバー   -> Jungnang-gu, Seoul, South Ko
  accepted          7  Jungnang-gu, Seoul, South Korea のバー一   -> Jungnang-gu, Seoul, South Ko
  accepted          7  Jungnang-gu, Seoul, South Korea にあるバ   -> Jungnang-gu, Seoul, South Ko
  accepted          7  Show me bars in Jungnang-gu, Seoul,    -> Jungnang-gu, Seoul, South Ko
  accepted          7  I need a list of bars located in Jun   -> Jungnang-gu, Seoul, South Ko
  accepted          7  Can you find bars in Jungnang-gu, Se   -> Jungnang-gu, Seoul, South Ko
  accepted          7  List bars in Jungnang-gu, Seoul, Sou   -> Jungnang-gu, Seoul, South Ko

### Katsushika, Tokyo, Japan / Bars
  seed concern finds 38; 8 utterances kept of 8 asked for
  accepted         38  葛飾区のバーを探して                             -> Katsushika, Tokyo, Bars
  accepted         38  東京・葛飾で飲める酒吧                            -> Katsushika, Tokyo, Bars
  accepted         38  Katsushika, Tokyo, Japanのバー一覧          -> Katsushika, Tokyo, Bars
  accepted         38  東京都葛飾区内のバー施設                           -> Katsushika, Tokyo, Bars
  accepted         38  Show me bars in Katsushika, Tokyo, J   -> Katsushika, Tokyo, Japan, Ba
  deep_gap          0  I am looking for nightlife spots in    -> Katsushika, Tokyo, Japan, Ni
  accepted        198  Find pub locations within Katsushika   -> Katsushika, Tokyo, Japan, Pu
  deep_gap          0  Where can I find drinking places in    -> Katsushika, Tokyo, Drinking 

### Kita Ward, Osaka, Osaka Prefecture, Japan / Bars
  seed concern finds 113; 8 utterances kept of 8 asked for
  accepted        113  大阪府大阪市北区のバーを調べて                        -> Kita, Osaka, Bars
  wrong_area        0  北区のバー教えて                               -> Kita, Tokyo, Bars
  accepted        113  大阪市北区にあるバー一覧                           -> Kita, Osaka, Bars
  accepted        113  大阪 北区 バー 検索                            -> Kita, Osaka, Bars
  accepted        113  Where are the bars in Kita Ward, Osa   -> Kita Ward, Osaka, Bars
  accepted        113  List of bars in Kita Ward, Osaka Pre   -> Kita Ward, Osaka Prefecture,
  accepted        113  I want to find bars in Kita Ward, Os   -> Kita Ward, Osaka, Bars
  accepted        113  Show me bars located in Kita Ward, O   -> Kita Ward, Osaka, Osaka Pref

### Koganei, Tokyo, Japan / Bars
  seed concern finds 2; 8 utterances kept of 8 asked for
  accepted          2  小金井のバーを探している                           -> Koganei, Tokyo, Bars
  accepted          2  小金井でバーが知りたい                            -> Koganei, Tokyo, Bars
  accepted          2  小金井のバーってどこにあるの？                        -> Koganei, Tokyo, Bars
  accepted          2  小金井のバーを教えて                             -> Koganei, Tokyo, Bars
  accepted          2  Bars in Koganei, Tokyo, Japan          -> Koganei, Tokyo, Bars
  accepted          2  Where are the bars in Koganei, Tokyo   -> Koganei, Tokyo, Bars
  accepted          2  Find bars Koganei Tokyo Japan          -> Koganei, Tokyo, Japan, Bars
  accepted          2  Please show me bars located in Kogan   -> Koganei, Tokyo, Bars

### Konohana Ward, Osaka, Osaka Prefecture, Japan / Bars
  seed concern finds 34; 4 utterances kept of 8 asked for
  accepted         34  Where can I find bars in Konohana Wa   -> Konohana Ward, Osaka, Osaka 
  accepted         34  Show me the bars located in Konohana   -> Konohana Ward, Osaka, Osaka 
  accepted         34  I'm looking for bars in Konohana War   -> Konohana Ward, Osaka, Bars
  accepted         34  Bars in Konohana Ward, Osaka, Osaka    -> Konohana Ward, Osaka, Bars

### Kunitachi, Tokyo, Japan / Bars
  seed concern finds 3; 8 utterances kept of 8 asked for
  wrong_area        0  国立のバーを教えて                              -> Kokubunji, Tokyo, Bars
  accepted          3  東京都国立市内のバーを探しています                      -> Kunitachi, Tokyo, Bars
  wrong_area        0  東京・国立にあるバーはどこ？                         -> Kokubunji, Tokyo, Bars
  accepted          3  東京都国立市でバーを検索して                         -> Kunitachi, Tokyo, Bars
  accepted          3  Where are the bars in Kunitachi, Tok   -> Kunitachi, Tokyo, Bars
  accepted          3  I need to find bars in Kunitachi, To   -> Kunitachi, Tokyo, Bars
  accepted          3  Can you show me bars in Kunitachi, T   -> Kunitachi, Tokyo, Japan, Bar
  accepted          3  Search for bars in Kunitachi, Tokyo,   -> Kunitachi, Tokyo, Bars

### Machida, Tokyo, Japan / Bars
  seed concern finds 12; 8 utterances kept of 8 asked for
  accepted         12  東京の町田のバーを探して                           -> Machida, Tokyo, Bars
  accepted         12  町田でバーがある場所はどこ？                         -> Machida, Tokyo, Bars
  accepted         12  町田のバー一覧                                -> Machida, Tokyo, Bars
  accepted         12  町田にあるバーを教えてください                        -> Machida, Tokyo, Bars
  accepted         12  I need to find bars in Machida, Toky   -> Machida, Tokyo, Japan, Bars
  accepted         12  Where can I go for drinks in Machida   -> Machida, Bars
  accepted         12  Show me bars located in Machida, Tok   -> Machida, Tokyo, Japan, Bars
  accepted         12  I am looking for bars in Machida, To   -> Machida, Tokyo, Japan, Bars

### Minami Ward, Fukuoka, Fukuoka Prefecture, Japan / Bars
  seed concern finds 0; 8 utterances kept of 8 asked for
  wrong_area        0  福岡県福岡市南区にあるバーを教えて                      -> Minami-ku, Fukuoka City, Fuk
  wrong_area        0  南区のバー一覧                                -> Minami, Japan, Bars
  wrong_area        0  福岡南区のバーはどこですか                          -> Minami, Fukuoka, Bars
  wrong_area        0  南区でバーが楽しめる場所を探している                     -> Minami, Nagoya, Bars
  zero_results       0  Find bars in Minami Ward, Fukuoka, F   -> Minami Ward, Fukuoka, Fukuok
  zero_results       0  I need a list of bars in Minami Ward   -> Minami Ward, Fukuoka, Fukuok
  zero_results       0  Where can I find bars in Minami Ward   -> Minami Ward, Fukuoka, Fukuok
  zero_results       0  Show me bars in Minami Ward, Fukuoka   -> Minami Ward, Fukuoka, Fukuok

### Minami Ward, Yokohama, Kanagawa Prefecture, Japan / Bars
  seed concern finds 0; 8 utterances kept of 8 asked for
  wrong_area        0  Minami Ward, Yokohama, Kanagawa Pref   -> Minami, Yokohama, Kanagawa P
  wrong_area        0  Minami Ward, Yokohama, Kanagawa Pref   -> Minami Ward, Yokohama, Kanag
  wrong_area        0  Minami Ward, Yokohama, Kanagawa Pref   -> Minami Ward, Yokohama, Kanag
  wrong_area        0  Minami Ward, Yokohama, Kanagawa Pref   -> Minami Ward, Yokohama, Kanag
  wrong_area        0  Where can I find bars in Minami Ward   -> Minami Ward, Yokohama, Kanag
  wrong_area        0  Bars in Minami Ward, Yokohama, Kanag   -> Minami Ward, Yokohama, Kanag
  zero_results       0  Show me bars located in Minami Ward,   -> Minami Ward, Yokohama, Kanag
  wrong_area        0  I am looking for bars in Minami Ward   -> Minami Ward, Yokohama, Kanag

### Miyake, Tokyo, Japan / Bars
  seed concern finds 6; 8 utterances kept of 8 asked for
  wrong_area        0  三宅島のバーを探して                             -> Miyakejima, Bars
  accepted          6  TokyoのMiyake地区にあるバーはどこですか？             -> Miyake, Tokyo, Bars
  wrong_area        0  三宅島、東京。バー一覧を表示して                       -> Miyakejima, Tokyo, Bars
  wrong_area        0  Miyake, Tokyo, Japanにあるバーを教えて          -> Miyakejima, Tokyo, Bars
  accepted          6  Where can I find bars in Miyake, Tok   -> Miyake, Tokyo, Japan, Bars
  accepted          6  Show me bars in Miyake, Tokyo, Japan   -> Miyake, Tokyo, Japan, Bars
  accepted          6  I am looking for bars in Miyake, Tok   -> Miyake, Tokyo, Bars
  accepted          6  Please list bars in Miyake, Tokyo, J   -> Miyake, Tokyo, Bars

### Naka Ward, Nagoya, Aichi Prefecture, Japan / Bars
  seed concern finds 39; 8 utterances kept of 8 asked for
  accepted         39  名古屋市中区のバー                              -> Naka, Nagoya, Bars
  accepted         39  愛知県名古屋市中区にあるバーを教えて                     -> Naka, Nagoya, Aichi, Bars
  accepted         39  中区 名古屋市 愛知県 バー                         -> Naka, Nagoya, Aichi, Bars
  accepted         39  愛知県名古屋市名古屋市中区のバー一覧                     -> Naka, Nagoya, Aichi, Bars
  accepted         39  Where are bars in Naka Ward, Nagoya,   -> Naka Ward, Nagoya, Aichi Pre
  accepted         39  Show me bars in Naka Ward, Nagoya, A   -> Naka Ward, Nagoya, Aichi Pre
  accepted         39  List bars in Naka Ward, Nagoya, Aich   -> Naka Ward, Nagoya, Aichi Pre
  accepted         39  Find bars in Naka Ward, Nagoya, Aich   -> Naka Ward, Nagoya, Aichi Pre

### Nakamura Ward, Nagoya, Aichi Prefecture, Japan / Bars
  seed concern finds 93; 8 utterances kept of 8 asked for
  accepted         14  中村区のバーを探しています。                         -> Nakamura, Nagoya, Bars
  accepted         14  名古屋市中村区にあるバーを教えてください。                  -> Nakamura, Nagoya, Bars
  deep_gap          0  愛知県名古屋市中村区のバーリストが欲しいです。                -> Nakamura, Nagoya, Aichi, Bar
  wrong_area        0  中村区 名古屋 愛知県 バー                         -> Naka-ku, Nagoya, Aichi, Bars
  accepted         93  Show bars in Nakamura Ward, Nagoya,    -> Nakamura Ward, Nagoya, Aichi
  wrong_area        0  I need to find bars in Nakamura Ward   -> Nakamura Ward, Nagoya, Aichi
  wrong_area        0  Where are the bars in Nakamura Ward,   -> Nakamura Ward, Nagoya, Aichi
  wrong_area        0  Please list bars in Nakamura Ward, N   -> Nakamura Ward, Nagoya, Aichi

### Nerima, Tokyo, Japan / Bars
  seed concern finds 25; 8 utterances kept of 8 asked for
  accepted         25  Nerima, Tokyo, Japanのバーを教えて            -> Nerima, Tokyo, Japan, Bars
  accepted         25  東京都練馬区にあるバーを探しています                     -> Nerima, Tokyo, Bars
  deep_gap          0  Nerima, Tokyo, Japanの居酒屋一覧             -> Nerima, Tokyo, Izakaya
  accepted         25  Nerima, Tokyo, Japanで飲める場所             -> Nerima, Tokyo, Bars
  accepted         25  Where are the bars in Nerima, Tokyo?   -> Nerima, Tokyo, Bars
  accepted         25  Show me bars in Nerima, Tokyo, Japan   -> Nerima, Tokyo, Japan, Bars
  accepted         25  Can you list bars located in Nerima,   -> Nerima, Tokyo, Bars
  accepted         25  I am looking for bars in Nerima, Tok   -> Nerima, Tokyo, Bars

### Nishi Ward, Osaka, Osaka Prefecture, Japan / Bars
  seed concern finds 51; 8 utterances kept of 8 asked for
  accepted         51  大阪市西区のバーを教えてください                       -> Nishi, Osaka, Bars
  accepted         51  西区にあるバー一覧                              -> Nishi, Osaka, Bars
  deep_gap          0  大阪・西区のバースポット                           -> Nishi, Osaka, Boat launch si
  accepted         51  大阪市西区のバー検索                             -> Nishi, Osaka, Bars
  accepted         51  Where can I find bars in Nishi Ward,   -> Nishi Ward, Osaka, Osaka Pre
  accepted         51  Show me bars in Nishi Ward, Osaka, O   -> Nishi Ward, Osaka, Osaka Pre
  wrong_area        0  I am looking for bars in Nishi Ward,   -> Nishi Ward, Osaka, Osaka Pre
  accepted         51  Please list the bars in Nishi Ward,    -> Nishi Ward, Osaka, Bars

### Nishitokyo, Tokyo, Japan / Bars
  seed concern finds 8; 8 utterances kept of 8 asked for
  wrong_area        0  西東京のバー教えて                              -> Nishi-Tokyo, Tokyo, Bars
  accepted          8  Nishitokyo, Tokyo, Japanのバー一覧          -> Nishitokyo, Tokyo, Bars
  wrong_area        0  西東京でおすすめのバーは？                          -> Nishi-Tokyo, Tokyo, Bars
  accepted          8  Nishitokyo, Tokyo, Japanにあるバーを探索して     -> Nishitokyo, Tokyo, Bars
  accepted          8  Bars in Nishitokyo, Tokyo, Japan       -> Nishitokyo, Tokyo, Japan, Ba
  accepted          8  Where can I find bars in Nishitokyo,   -> Nishitokyo, Tokyo, Japan, Ba
  accepted          8  Show me bars located in Nishitokyo,    -> Nishitokyo, Tokyo, Japan, Ba
  accepted          8  I'm looking for bars in Nishitokyo,    -> Nishitokyo, Tokyo, Bars

### Omiya Ward, Saitama, Saitama Prefecture, Japan / Bars
  seed concern finds 12; 8 utterances kept of 8 asked for
  accepted         12  大宮区のバーを探して                             -> Omiya, Saitama, Bars
  accepted         12  埼玉の大宮区にあるバーについて教えて                     -> Omiya, Saitama, Bars
  invented_name       0  Omiya WardのBars一覧                      -> 
  accepted         12  埼玉大宮区 Bars 検索                          -> Omiya, Saitama, Bars
  invented_name       0  Bars in Omiya Ward, Saitama, Saitama   -> 
  invented_name       0  Find bars in Omiya Ward                -> 
  invented_name       0  Where can I go for drinks in Omiya W   -> 
  invented_name       0  Show me all bars located in Omiya Wa   -> 

### Sakyo Ward, Kyoto, Kyoto Prefecture, Japan / Bars
  seed concern finds 6; 7 utterances kept of 8 asked for
  accepted          6  京都市左京区のバーを教えてください。                     -> Sakyo, Kyoto, Bars
  deep_gap          0  左京区にあるバーリスト。                           -> Sakyo, Kyoto, Bartenders
  accepted          6  左京区のバー教えて                              -> Sakyo, Kyoto, Bars
  accepted          6  京都市左京区のバーを探しています。                      -> Sakyo, Kyoto, Bars
  accepted          6  Bars in Sakyo Ward, Kyoto, Kyoto Pre   -> Sakyo Ward, Kyoto, Kyoto Pre
  accepted          6  Show me bars in Sakyo Ward, Kyoto, K   -> Sakyo Ward, Kyoto, Kyoto Pre
  accepted          6  Where can I find bars in Sakyo Ward,   -> Sakyo Ward, Kyoto, Kyoto Pre

### Seongbuk-gu, Seoul, South Korea / Bars
  seed concern finds 19; 8 utterances kept of 8 asked for
  accepted         19  Seongbuk-gu, Seoul, South Koreaのバーを探   -> Seongbuk-gu, Seoul, South Ko
  accepted         19  Seongbuk-gu, Seoul, South Koreaにあるバー   -> Seongbuk-gu, Seoul, South Ko
  accepted         19  Seongbuk-gu, Seoul, South Koreaでバーを探   -> Seongbuk-gu, Seoul, South Ko
  accepted         19  Seongbuk-gu, Seoul, South Koreaのバーを教   -> Seongbuk-gu, Seoul, South Ko
  accepted         19  Show me bars in Seongbuk-gu, Seoul,    -> Seongbuk-gu, Seoul, South Ko
  accepted         19  I want to find bars located in Seong   -> Seongbuk-gu, Seoul, South Ko
  accepted         19  Can you list bars in Seongbuk-gu, Se   -> Seongbuk-gu, Seoul, South Ko
  accepted         19  Search for bars in Seongbuk-gu, Seou   -> Seongbuk-gu, Seoul, South Ko

### Sha Tin District, Hong Kong, China / Bars
  seed concern finds 2; 8 utterances kept of 8 asked for
  invented_name       0  沙田区のバーを探して                             -> 
  accepted          2  Hong KongのSha Tin DistrictにあるBarsはどこ   -> Sha Tin District, Hong Kong,
  invented_name       0  沙田地区のバー一覧                              -> 
  accepted          2  I want to see Bars in Sha Tin Distri   -> Sha Tin District, Hong Kong,
  accepted          2  Show bars in Sha Tin District, Hong    -> Sha Tin District, Hong Kong,
  accepted          2  I need to find bars in Sha Tin Distr   -> Sha Tin District, Hong Kong,
  accepted          2  Where can I find bars in Sha Tin Dis   -> Sha Tin District, Hong Kong,
  accepted          2  Please list bars in Sha Tin District   -> Sha Tin District, Hong Kong,

### Shinagawa, Tokyo, Japan / Bars
  seed concern finds 31; 8 utterances kept of 8 asked for
  accepted         96  品川のカバー                                 -> Shinagawa, Tokyo, Covers
  accepted         31  東京の品川にあるバーを教えて                         -> Shinagawa, Tokyo, Bars
  accepted         31  Shinagawa, Tokyo, Japanのバー検索           -> Shinagawa, Tokyo, Bars
  accepted         31  品川エリアのバー一覧                             -> Shinagawa, Tokyo, Bars
  accepted         31  Where can I find bars in Shinagawa,    -> Shinagawa, Tokyo, Bars
  accepted         31  List of bars in Shinagawa, Tokyo, Ja   -> Shinagawa, Tokyo, Bars
  accepted         31  Show me bars in the Shinagawa, Tokyo   -> Shinagawa, Tokyo, Bars
  accepted         31  I am looking for bars in Shinagawa,    -> Shinagawa, Tokyo, Bars

### Suginami, Tokyo, Japan / Bars
  seed concern finds 79; 8 utterances kept of 8 asked for
  accepted         79  杉並区のバーを探しています                          -> Suginami, Tokyo, Bars
  accepted         79  Tokyo, JapanのSuginamiにあるBarsを教えて       -> Suginami, Tokyo, Bars
  accepted         79  杉並区 東京 ジャパンのバー一覧                       -> Suginami, Tokyo, Bars
  accepted         79  Suginami, Tokyo, JapanにあるBarsはどこですか    -> Suginami, Tokyo, Bars
  accepted         79  Show me bars in Suginami, Tokyo, Jap   -> Suginami, Tokyo, Japan, Bars
  accepted         79  I'm looking for bars in Suginami, To   -> Suginami, Tokyo, Bars
  accepted         79  Please find bars in Suginami, Tokyo,   -> Suginami, Tokyo, Japan, Bars
  accepted         79  Bars in Suginami, Tokyo, Japan         -> Suginami, Tokyo, Bars

### Tachikawa, Tokyo, Japan / Bars
  seed concern finds 12; 8 utterances kept of 8 asked for
  accepted         12  Tachikawa, Tokyo, Japanのバーを教えて         -> Tachikawa, Tokyo, Bars
  accepted         12  Tachikawa, Tokyo, Japanでバーを探しています      -> Tachikawa, Tokyo, Bars
  accepted         12  Tachikawa, Tokyo, Japanのバー一覧を表示して      -> Tachikawa, Tokyo, Bars
  accepted         12  Tachikawa, Tokyo, Japanのバーはどこですか       -> Tachikawa, Tokyo, Japan, Bar
  accepted         12  Find bars in Tachikawa, Tokyo, Japan   -> Tachikawa, Tokyo, Japan, Bar
  accepted         12  Where can I get a drink in Tachikawa   -> Tachikawa, Tokyo, Bars
  deep_gap          0  Show me nightlife spots in Tachikawa   -> Tachikawa, Tokyo, Japan, Nig
  accepted         12  I need bar recommendations in Tachik   -> Tachikawa, Tokyo, Bars

### Tama, Tokyo, Japan / Bars
  seed concern finds 10; 8 utterances kept of 8 asked for
  accepted         10  東京都多摩市のバーを教えて                          -> Tama, Tokyo, Bars
  accepted         10  Tama, Tokyo, Japan のバー検索               -> Tama, Tokyo, Japan, Bars
  accepted         10  多摩市にあるバーをリストして                         -> Tama, Tokyo, Bars
  accepted         10  東京都多摩地区のバー探して                          -> Tama, Tokyo, Bars
  accepted         10  Show bars in Tama, Tokyo, Japan        -> Tama, Tokyo, Bars
  accepted         10  Tama, Tokyo, Japan Bars                -> Tama, Tokyo, Bars
  accepted         10  Bars Tama Tokyo Japan                  -> Tama, Tokyo, Bars
  accepted         10  I want to find bars in Tama, Tokyo,    -> Tama, Tokyo, Bars

### Totsuka Ward, Yokohama, Kanagawa Prefecture, Japan / Bars
  seed concern finds 5; 8 utterances kept of 8 asked for
  accepted          5  横浜市戸塚区のバーを探す                           -> Totsuka, Yokohama, Bars
  accepted          5  戸塚区内のバー一覧                              -> Totsuka, Yokohama, Bars
  accepted          5  横浜の戸塚で飲めるバー教えて                         -> Totsuka, Yokohama, Bars
  wrong_area        0  神奈川県横浜市戸塚区のバーを調べて                      -> Totsuka, Yokohama, Kanagawa,
  wrong_area        0  Where can I find bars in Totsuka War   -> Totsuka, Yokohama, Kanagawa,
  accepted          5  Show me bars in Totsuka Ward, Yokoha   -> Totsuka Ward, Yokohama, Kana
  accepted          5  I need a list of bars in Totsuka War   -> Totsuka Ward, Yokohama, Bars
  wrong_area        0  Find bars in Totsuka Ward, Yokohama,   -> Totsuka, Yokohama, Kanagawa,

### Urawa Ward, Saitama, Saitama Prefecture, Japan / Bars
  seed concern finds 7; 8 utterances kept of 8 asked for
  accepted          7  埼玉県浦和区のバーを教えて                          -> Urawa, Saitama, Bars
  accepted          7  浦和区で美味しいバーを探してる                        -> Urawa, Saitama, Bars
  accepted          7  埼玉県浦和区のバー一覧を出して                        -> Urawa, Saitama, Bars
  accepted          7  浦和区のバーってどこにある?                         -> Urawa, Saitama, Bars
  accepted          7  Show me bars in Urawa Ward, Saitama,   -> Urawa Ward, Saitama, Saitama
  accepted          7  Bars near Urawa Ward, Saitama, Saita   -> Urawa Ward, Saitama, Saitama
  accepted          7  Find bars in Urawa Ward, Saitama, Sa   -> Urawa Ward, Saitama, Saitama
  accepted          7  I am looking for bars in Urawa Ward,   -> Urawa Ward, Saitama, Saitama

### Yeongdeungpo-gu, Seoul, South Korea / Bars
  seed concern finds 34; 8 utterances kept of 8 asked for
  accepted         34  ソウルの永登浦区にあるバーを教えてください                  -> Yeongdeungpo, Seoul, Bars
  accepted         34  永登浦区のバー一覧 showing                      -> Yeongdeungpo-gu, Seoul, Bars
  accepted         34  永登浦区 バー 検索                             -> Yeongdeungpo-gu, Seoul, Bars
  accepted         34  ソウル 永登浦区 の バー 場所 を 示して                 -> Yeongdeungpo, Seoul, Bars
  accepted         34  Bars in Yeongdeungpo-gu, Seoul, Sout   -> Yeongdeungpo-gu, Seoul, Sout
  accepted         34  Show bars in Yeongdeungpo-gu, Seoul,   -> Yeongdeungpo-gu, Seoul, Sout
  accepted         34  Bars in Yeongdeungpo-gu, Seoul, Sout   -> Yeongdeungpo-gu, Seoul, Sout
  accepted         34  I would like to find bars in Yeongde   -> Yeongdeungpo-gu, Seoul, Sout

### Dobong-gu, Seoul, South Korea / Bicycle Rental
  seed concern finds 75; 8 utterances kept of 8 asked for
  invented_name       0  東京から大邱まで自転車で移動します。                     -> 
  wrong_area        0  大邱市道峰区のレンタサイクル店を探しています。                -> Dalseong-gu, Daegu, Bicycle 
  accepted    !     3  ソウル道峰区で自転車レンタルできる場所教えて。                -> Dobong-gu, Seoul, Bicycle re
  no_area_line       0  大邱道峰区のバイクシェアリングサービスについて教えて。            -> 
  accepted    !     3  Where can I rent a bicycle in Dobong   -> Dobong-gu, Seoul, South Kore
  accepted         75  Find bicycle rental spots in Dobong-   -> Dobong-gu, Seoul, South Kore
  accepted         75  Show me bicycle rental places in Dob   -> Dobong-gu, Seoul, South Kore
  deep_gap          0  I need to rent a bike in Dobong-gu,    -> Dobong-gu, Seoul, South Kore

### Gangbuk-gu, Seoul, South Korea / Bicycle Rental
  seed concern finds 59; 8 utterances kept of 8 asked for
  accepted    !     2  Gangbuk-gu, Seoul, South Koreaのレンタサイ   -> Gangbuk-gu, Seoul, South Kor
  accepted    !     2  South Korea, Seoul, Gangbuk-gu で自転車レ   -> Gangbuk-gu, Seoul, South Kor
  deep_gap          0  Gangbuk-gu, Seoul, South Koreaのサイクルシ   -> Gangbuk-gu, Seoul, South Kor
  accepted         59  Gangbuk-gu, Seoul, South Korea付近のレンタ   -> Gangbuk-gu, Seoul, South Kor
  accepted    !     2  Find bicycle rental shops in Gangbuk   -> Gangbuk-gu, Seoul, South Kor
  accepted         59  Where can I rent a bike in Gangbuk-g   -> Gangbuk-gu, Seoul, South Kor
  accepted         59  I need a bicycle rental in Gangbuk-g   -> Gangbuk-gu, Seoul, South Kor
  accepted         59  Bicycle rental locations in Gangbuk-   -> Gangbuk-gu, Seoul, South Kor

### Geumcheon-gu, Seoul, South Korea / Bicycle Rental
  seed concern finds 71; 8 utterances kept of 8 asked for
  invented_name       0  金浦区での自転車レンタル                           -> 
  invented_name       0  ソウル市金浦区のレンタサイクル情報を教えて                  -> 
  invented_name       0  金浦区で借りられる自転車屋ってどこ？                     -> 
  invented_name       0  ソウルの金浦地区にあるサイクルレンタル店一覧                 -> 
  accepted         71  Where can I rent a bike in Geumcheon   -> Geumcheon-gu, Seoul, South K
  accepted         71  Find bicycle rental shops in Geumche   -> Geumcheon-gu, Seoul, South K
  accepted         71  I need to rent a bicycle. Show me op   -> Geumcheon-gu, Seoul, South K
  accepted         71  Please locate bicycle rental places    -> Geumcheon-gu, Seoul, South K

### Jongno-gu, Seoul, South Korea / Bicycle Rental
  seed concern finds 98; 5 utterances kept of 8 asked for
  deep_gap          0  jongno-gu, Seoul, South Korea のレンタサイ   -> Jongno-gu, Seoul, South Kore
  deep_gap          0  ソウルのjongno-gu, Seoul, South Korea で自   -> Jongno-gu, Seoul, South Kore
  deep_gap          0  jongno-gu, Seoul, South Korea 内のサイクル   -> Jongno-gu, Seoul, South Kore
  deep_gap          0  jongno-gu, Seoul, South Korea で借りられる   -> Jongno-gu, Seoul, South Kore
  accepted         98  Where can I find bicycle rentals in    -> Jongno-gu, Seoul, South Kore

### Minuma Ward, Saitama, Saitama Prefecture, Japan / Bicycle Rental
  seed concern finds 490; 8 utterances kept of 8 asked for
  invented_name       0  南浦和区のレンタサイクル屋を探して                      -> 
  invented_name       0  さいたま南区で自転車のレンタルができるところはどこ？             -> 
  invented_name       0  南浦和 レンタサイクル                            -> 
  invented_name       0  南浦和区の自転車レンタル店舗一覧を表示して                  -> 
  accepted        490  Bicycle Rental in Minuma Ward, Saita   -> Minuma Ward, Saitama, Saitam
  deep_gap          0  where to rent bikes in Minuma Ward,    -> Minuma Ward, Saitama, Saitam
  accepted    !    10  I need a bicycle rental shop in Minu   -> Minuma Ward, Saitama, Saitam
  accepted        490  Find bicycle rental services availab   -> Minuma Ward, Saitama, Saitam

### Sawara Ward, Fukuoka, Fukuoka Prefecture, Japan / Bicycle Rental
  seed concern finds 44; 8 utterances kept of 8 asked for
  accepted          7  福岡県福岡市早良区の自転車屋さんを教えて                   -> Sawara, Fukuoka, Fukuoka Pre
  accepted          6  早良区内で自転車レンタルできる場所ある？                   -> Sawara, Fukuoka, Bicycle ren
  deep_gap          0  福岡市早良区のサイクルショップ一覧表示して                  -> Sawara, Fukuoka, Cycle shops
  deep_gap          0  早良区のレンタルサイクル店を探して                      -> Sawara, Fukuoka, Rental cycl
  wrong_area        0  Where can I rent a bike in Sawara Wa   -> Sawara Ward, Bike rental
  accepted          7  Find bicycle rental shops in Sawara    -> Sawara Ward, Fukuoka, Bicycl
  accepted          6  I need a bicycle rental in Sawara Wa   -> Sawara Ward, Fukuoka, Japan,
  wrong_area        0  Show me bicycle rental locations in    -> Sawara Ward, Bicycle rental 

### Yangcheon-gu, Seoul, South Korea / Bicycle Rental
  seed concern finds 105; 8 utterances kept of 8 asked for
  invented_name       0  Seoulの楊川区のレンタサイクル店を教えて                 -> 
  invented_name       0  楊川区 自転車レンタル 一覧                         -> 
  accepted        105  서울 양천구 자전거 대여점 검색                      -> Yangcheon-gu, Seoul, Bicycle
  invented_name       0  楊川区にあるレンタサイクル施設について知りたい                -> 
  accepted        105  Where can I rent a bicycle in Yangch   -> Yangcheon-gu, Seoul, South K
  deep_gap          0  Find bike rental shops in Yangcheon-   -> Yangcheon-gu, Seoul, South K
  accepted        105  I need to find a place to rent a bik   -> Yangcheon-gu, Seoul, South K
  accepted        105  Bicycle rental options in Yangcheon-   -> Yangcheon-gu, Seoul, South K

### Dobong-gu, Seoul, South Korea / Bicycle shops
  seed concern finds 3; 8 utterances kept of 8 asked for
  invented_name       0  ドボンクの自転車屋を検索                           -> 
  invented_name       0  ソウル・ドボンク地区にある自転車店のリスト                  -> 
  invented_name       0  ドボンク 自転車屋 一覧                           -> 
  invented_name       0  ドボンクの自転車専門店を教えて                        -> 
  deep_gap          0  Find bicycle shops in Dobong-gu, Seo   -> 도봉구, 서울, 대한민국, 자전거 가게
  accepted          3  I need to locate some bicycle shops    -> Dobong-gu, Seoul, South Kore
  accepted          3  Where are the bicycle shops in Dobon   -> Dobong-gu, Seoul, South Kore
  accepted          3  Search for bicycle shops located in    -> Dobong-gu, Seoul, South Kore

### Fushimi Ward, Kyoto, Kyoto Prefecture, Japan / Bicycle shops
  seed concern finds 75; 5 utterances kept of 8 asked for
  accepted         11  伏見区の自転車屋                               -> Fushimi, Kyoto, Bicycle shop
  accepted         11  京都府京都市伏見区にある自転車店の検索                    -> Fushimi-ku, Kyoto, Bicycle s
  accepted         11  伏見区 自転車屋                               -> Fushimi, Kyoto, Bicycle shop
  accepted         11  京都・伏見区の自転車店を教えて                        -> Fushimi, Kyoto, Bicycle shop
  accepted         75  Bicycle shops in Fushimi Ward, Kyoto   -> Fushimi Ward, Kyoto, Kyoto P

### Gangseo-gu, Seoul, South Korea / Bicycle shops
  seed concern finds 4; 8 utterances kept of 8 asked for
  accepted          4  gangseo-gu, Seoul, South Korea の自転車屋   -> Gangseo-gu, Seoul, South Kor
  deep_gap          0  Seoul South KoreaのGangseo-guにあるサイクルシ   -> Gangseo-gu, Seoul, South Kor
  accepted          4  강서구 서울 한국에 있는 자전거 가게                   -> Gangseo-gu, Seoul, South Kor
  accepted          4  Gangseo-gu, Seoul, South Koreaに自転車専門   -> Gangseo-gu, Seoul, South Kor
  accepted          4  Bicycle shops in Gangseo-gu, Seoul,    -> Gangseo-gu, Seoul, South Kor
  accepted          4  where can I find bicycle shops in Ga   -> Gangseo-gu, Seoul, South Kor
  accepted          4  List of bicycle shops located in Gan   -> Gangseo-gu, Seoul, South Kor
  accepted          4  Show me bicycle shops in Gangseo-gu,   -> Gangseo-gu, Seoul, South Kor

### Higashi Ward, Fukuoka, Fukuoka Prefecture, Japan / Bicycle shops
  seed concern finds 10; 8 utterances kept of 8 asked for
  accepted         10  福岡県福岡市東区の自転車屋を知りたい                     -> Higashi, Fukuoka, Fukuoka Pr
  wrong_area        0  東区の自転車店を教えて                            -> Higashi, Tokyo, Bicycle shop
  accepted         10  Fukuoka Higashi Ward bicycle shops     -> Fukuoka Higashi Ward, Bicycl
  accepted         10  Higashi Ward Fukuoka bicycle shops     -> Higashi Ward, Fukuoka, Bicyc
  accepted         10  Bicycle shops in Higashi Ward, Fukuo   -> Higashi Ward, Fukuoka, Fukuo
  wrong_area        0  Where can I find bicycle shops in Hi   -> Higashi Ward, Bicycle shops
  accepted         10  I need a list of bicycle shops locat   -> Higashi Ward, Fukuoka, Fukuo
  accepted         10  Show me bicycle shops in Higashi War   -> Higashi Ward, Fukuoka, Fukuo

### Higashiyodogawa Ward, Osaka, Osaka Prefecture, Japan / Bicycle shops
  seed concern finds 20; 8 utterances kept of 8 asked for
  accepted         20  大阪府大阪市東淀川区の自転車屋                        -> Higashiyodogawa, Osaka, Bicy
  deep_gap          0  大阪市東淀川区にあるサイクルショップを教えて                 -> Higashiyodogawa, Osaka, Cycl
  accepted         20  東淀川区 自転車販売店                            -> Higashiyodogawa, Osaka, Bicy
  accepted         20  大阪 東淀川区 自転車屋さん検索                       -> Higashiyodogawa, Osaka, Bicy
  accepted         20  Find bicycle shops in Higashiyodogaw   -> Higashiyodogawa Ward, Osaka,
  accepted         20  Where can I buy a bike in Higashiyod   -> Higashiyodogawa Ward, Osaka,
  accepted         20  Show me all bicycle shops in Higashi   -> Higashiyodogawa Ward, Osaka,
  accepted         20  List of bicycle shops in Higashiyodo   -> Higashiyodogawa Ward, Osaka,

### Jungnang-gu, Seoul, South Korea / Bicycle shops
  seed concern finds 6; 8 utterances kept of 8 asked for
  invented_name       0  セウルの龍山区にある自転車屋を教えて                     -> 
  invented_name       0  龍山区 自転車店                               -> 
  accepted          6  서울 중랑구 자전거 가게 찾아줘                      -> Jungnang-gu, Seoul, Bicycle 
  accepted          6  Seoul Jungnang-gu bicycle shops        -> Jungnang-gu, Seoul, bicycle 
  accepted          6  Bicycle shops in Jungnang-gu, Seoul,   -> Jungnang-gu, Seoul, South Ko
  accepted          6  Where can I find bicycle shops in Ju   -> Jungnang-gu, Seoul, South Ko
  accepted          6  Please show me bicycle shops located   -> Jungnang-gu, Seoul, South Ko
  accepted          6  Find bicycle shops in Jungnang-gu, S   -> Jungnang-gu, Seoul, South Ko

### Kita Ward, Osaka, Osaka Prefecture, Japan / Bicycle shops
  seed concern finds 16; 8 utterances kept of 8 asked for
  accepted         16  大阪市北区の自転車屋を教えてください                     -> Kita, Osaka, Bicycle shops
  wrong_area        0  北区にある自転車店リスト                           -> Kita, Tokyo, Bicycle shops
  accepted         16  大阪北区の自転車販売店を探して                        -> Kita, Osaka, Bicycle shops
  wrong_area        0  北区 自転車屋 検索                             -> Kita, Tokyo, Bicycle shops
  accepted         16  Where can I find bicycle shops in Ki   -> Kita Ward, Osaka, Osaka Pref
  accepted         16  I am looking for bicycle shops in Ki   -> Kita Ward, Osaka, Osaka Pref
  accepted         16  Find all bicycle shops located in Ki   -> Kita Ward, Osaka, Osaka Pref
  accepted         16  Show me bicycle shops in Kita Ward,    -> Kita Ward, Osaka, Osaka Pref

### Midori Ward, Saitama, Saitama Prefecture, Japan / Bicycle shops
  seed concern finds 9; 8 utterances kept of 8 asked for
  wrong_area        0  さいたま県さいたま市緑区の自転車屋を教えて                  -> Midori-ku, Saitama, Saitama,
  accepted          9  埼玉市緑区にある自転車店を探して                       -> Midori, Saitama, Bicycle sho
  wrong_area        0  緑区 自転車屋                                -> Midori, Yokohama, Bicycle sh
  accepted          9  さいたま市緑区で自転車販売してるお店どこ？                  -> Midori, Saitama, Bicycle sho
  wrong_area        0  Bicycle shops in Midori Ward           -> Midori Ward, Bicycle shops
  accepted          9  Where can I find bicycle shops in Mi   -> Midori Ward, Saitama, Bicycl
  accepted          9  Show me bicycle shops near Midori Wa   -> Midori Ward, Saitama, Bicycl
  accepted          9  I need bicycle shops in Midori Ward,   -> Midori Ward, Saitama, Saitam

### Minuma Ward, Saitama, Saitama Prefecture, Japan / Bicycle shops
  seed concern finds 78; 8 utterances kept of 8 asked for
  invented_name       0  武州南原で自転車屋を探して                          -> 
  invented_name       0  埼玉県南原区の自転車店一覧                          -> 
  invented_name       0  武州南原エリアのショップ                           -> 
  invented_name       0  南原の自転車屋を地図で表示して                        -> 
  accepted         78  Where are the bicycle shops located    -> Minuma Ward, Saitama, Saitam
  deep_gap          0  Show me bike stores in Minuma Ward,    -> Minuma Ward, Saitama, Saitam
  accepted         78  Please list all bicycle shops found    -> Minuma Ward, Saitama, Saitam
  accepted         78  I need to find bicycle shops in Minu   -> Minuma Ward, Saitama, Saitam

### Nishi Ward, Osaka, Osaka Prefecture, Japan / Bicycle shops
  seed concern finds 18; 8 utterances kept of 8 asked for
  accepted         18  大阪市西区の自転車屋さんを教えて                       -> Nishi, Osaka, Bicycle shops
  accepted         18  大阪府大阪市西区 自転車ショップ 一覧                    -> Nishi, Osaka, Bicycle shops
  accepted         18  西区の自転車店を探したい                           -> Nishi, Osaka, Bicycle shops
  accepted         18  大阪市西区にある自転車販売店一覧を表示して                  -> Nishi, Osaka, Bicycle shops
  accepted         18  Find bicycle shops in Nishi Ward, Os   -> Nishi Ward, Osaka, Osaka Pre
  accepted         18  I am looking for bike stores located   -> Nishi Ward, Osaka, Osaka Pre
  accepted         18  Where can I buy bicycles in Nishi Wa   -> Nishi Ward, Osaka, Osaka Pre
  accepted         18  Search for places that sell bikes in   -> Nishi Ward, Osaka, Osaka Pre

### Pristina, Municipality of Pristina, District of Pristina, Kosovo / Bicycle shops
  seed concern finds 5; 8 utterances kept of 8 asked for
  accepted          5  プリシュティナの自転車屋を探して                       -> Pristina, Bicycle shops
  accepted          5  プリシュティナに自転車専門店がある？                     -> Pristina, Bicycle shops
  accepted          5  プリシュティナ 自転車店                           -> Pristina, Bicycle shops
  accepted          5  プリシュティナで自転車を買える店                       -> Pristina, Bicycle shops
  accepted          5  Bicycle shops in Pristina              -> Pristina, Bicycle shops
  accepted          5  Where can I find bicycle shops in Pr   -> Pristina, bicycle shops
  accepted          5  List of bicycle shops in Pristina      -> Pristina, Bicycle shops
  accepted          5  I'm looking for bicycle shops locate   -> Pristina, bicycle shops

### Seongbuk-gu, Seoul, South Korea / Bicycle shops
  seed concern finds 2; 7 utterances kept of 8 asked for
  accepted          2  Seongbuk-gu, Seoul, South Korea の自転車   -> Seongbuk-gu, Seoul, South Ko
  deep_gap          0  Seongbuk-gu, Seoul, South Korea 付近のサ   -> Seongbuk-gu, Seoul, South Ko
  accepted          2  Seongbuk-gu, Seoul, South Korea で自転車   -> Seongbuk-gu, Seoul, South Ko
  accepted          2  Bicycle shops in Seongbuk-gu, Seoul,   -> Seongbuk-gu, Seoul, South Ko
  accepted          2  Where can I find bicycle shops in Se   -> Seongbuk-gu, Seoul, South Ko
  accepted          2  Show me all bicycle shops located in   -> Seongbuk-gu, Seoul, South Ko
  accepted          2  Find bicycle shops in Seongbuk-gu, S   -> Seongbuk-gu, Seoul, South Ko

### Shimogyo Ward, Kyoto, Kyoto Prefecture, Japan / Bicycle shops
  seed concern finds 5; 8 utterances kept of 8 asked for
  accepted          5  京都府京都市下京区の自転車屋を調べて                     -> Shimogyo, Kyoto, Bicycle sho
  accepted          2  下京区にあるバイクショップはどこ？                      -> Shimogyo, Kyoto, Motorcycle 
  deep_gap          0  京都市下京区のサイクルショップ一覧を教えて                  -> Shimogyo, Kyoto, Cycle shops
  accepted          5  下京区の自転車販売店を探して                         -> Shimogyo, Kyoto, Bicycle sho
  no_area_line       0  Shimogyo Ward, Kyoto, Kyoto Prefectu   -> 
  accepted          5  Bicycle shops in Shimogyo Ward, Kyot   -> Shimogyo Ward, Kyoto, Kyoto 
  accepted          5  Can you find bike stores near Shimog   -> Shimogyo Ward, Kyoto, Kyoto 
  accepted          5  I am looking for bicycle shops in Sh   -> Shimogyo Ward, Kyoto, Kyoto 

### Yangcheon-gu, Seoul, South Korea / Bicycle shops
  seed concern finds 6; 8 utterances kept of 8 asked for
  accepted          6  Yangcheon-guの自転車店を教えてください              -> Yangcheon-gu, Seoul, Bicycle
  invented_name       0  ソウル楊川区のバイク屋さんどこ？                       -> 
  invented_name       0  楊川区の自転車屋さん教えて                          -> 
  accepted          6  양천구 자전거 가게 위치 알려줘                      -> Yangcheon-gu, Seoul, Bicycle
  accepted          6  Where are the bicycle shops in Yangc   -> Yangcheon-gu, Seoul, South K
  deep_gap          0  Show me bike stores in Yangcheon-gu,   -> Yangcheon-gu, Seoul, South K
  accepted          6  I am looking for bicycle shops locat   -> Yangcheon-gu, Seoul, South K
  accepted          6  Find bicycle shops Yangcheon-gu, Seo   -> Yangcheon-gu, Seoul, South K

### Yongsan-gu, Seoul, South Korea / Bicycle shops
  seed concern finds 8; 8 utterances kept of 8 asked for
  accepted          8  龍山区の自転車屋さんを教えて                         -> Yongsan, Seoul, Bicycle shop
  accepted          8  ソウル龍山地域にある自転車の専門店を探しています               -> Yongsan, Seoul, Bicycle shop
  accepted          8  龍山区 自転車ショップ                            -> Yongsan-gu, Seoul, Bicycle s
  accepted          8  龍山区内での自転車購入に適したお店を教えてください              -> Yongsan-gu, Seoul, Bicycle s
  accepted          8  Bicycle shops in Yongsan-gu, Seoul,    -> Yongsan-gu, Seoul, South Kor
  accepted          8  Where can I find bicycle shops in Yo   -> Yongsan-gu, Seoul, South Kor
  accepted          8  Search for bicycle shops located in    -> Yongsan-gu, Seoul, South Kor
  accepted          8  I am looking for bicycle shops in Yo   -> Yongsan-gu, Seoul, South Kor

### Sawara Ward, Fukuoka, Fukuoka Prefecture, Japan / Blacksmiths
  seed concern finds 0; 8 utterances kept of 8 asked for
  zero_results       0  福岡県福岡市早良区の鍛冶屋を教えてください                  -> Sawara, Fukuoka, Fukuoka Pre
  zero_results       0  早良区の鍛冶屋を教えて                            -> Sawara, Fukuoka, Blacksmiths
  accepted          9  福岡早良区の鍛冶屋の場所探してる                       -> Sawara, Fukuoka, Blacksmiths
  zero_results       0  福岡県福岡市早良区で鍛冶屋を探しています                   -> Sawara, Fukuoka, Fukuoka Pre
  zero_results       0  Blacksmiths in Sawara Ward, Fukuoka,   -> Sawara Ward, Fukuoka, Fukuok
  zero_results       0  Find blacksmiths near me in Sawara W   -> Sawara Ward, Fukuoka, Fukuok
  zero_results       0  I need to locate blacksmiths within    -> Sawara Ward, Fukuoka, Fukuok
  zero_results       0  Where can I find blacksmiths in Sawa   -> Sawara Ward, Fukuoka, Fukuok

### Gangdong-gu, Seoul, South Korea / Burger shops
  seed concern finds 8; 8 utterances kept of 8 asked for
  deep_gap          0  강동구 햄버거집 어딨어?                          -> Gangdong-gu, Seoul, Hamburge
  deep_gap          0  서울 강동구에서 햄버거 전문점 찾아줘                   -> Gangdong-gu, Seoul, Hamburge
  deep_gap          0  강동구 지역에 있는 버거 숍들의 위치를 알려주세요            -> Gangdong-gu, Seoul, Burger s
  wrong_area        0  서울특별시 강동구의 햄버거 전문 음식점 지도 표시해 줘         -> Gangdong-hu, Seoul, Hamburge
  accepted          8  Show me burger shops in Gangdong-gu,   -> Gangdong-gu, Seoul, South Ko
  deep_gap          0  Where can I get burgers in Gangdong-   -> Gangdong-gu, Seoul, South Ko
  deep_gap          0  Find burger places in Gangdong-gu, S   -> Gangdong-gu, Seoul, South Ko
  accepted          8  List of burger shops in Gangdong-gu,   -> Gangdong-gu, Seoul, South Ko

### Gwangjin-gu, Seoul, South Korea / Burger shops
  seed concern finds 13; 8 utterances kept of 8 asked for
  accepted         49  広津区のハンバーガーショップを教えて                     -> Gwangjin, Seoul, Fast foods
  deep_gap          0  Gwangjin-gu, Seoul, South Koreaのハンバー   -> Gwangjin-gu, Seoul, South Ko
  deep_gap          0  ソウル広津区で美味しいハンバーガー屋を探してる                -> Gwangjin, Seoul, Hamburger s
  deep_gap          0  広津区にあるハンバーガー専門店はどこ？                    -> Gwangjin, Seoul, Hamburger s
  accepted         13  Find burger shops in Gwangjin-gu, Se   -> Gwangjin-gu, Seoul, South Ko
  accepted         13  I want to see places for burger shop   -> Gwangjin-gu, Seoul, South Ko
  accepted         13  Show me burger shops in Gwangjin-gu,   -> Gwangjin-gu, Seoul, South Ko
  deep_gap          0  Where can I get burgers in Gwangjin-   -> Gwangjin-gu, Seoul, South Ko

### Nowon-gu, Seoul, South Korea / Burger shops
  seed concern finds 17; 8 utterances kept of 8 asked for
  invented_name       0  ソウルのノウォン区にあるハンバーガーショップを教えてください         -> 
  invented_name       0  ノウォン区のburger shopsを教えて                 -> 
  accepted        164  Nowon-gu, Seoul, South Koreaのハンバーガー屋   -> Nowon-gu, Seoul, South Korea
  invented_name       0  ソウルノウォン区のハンバーガー専門店を探してる                -> 
  accepted         17  Show burger shops in Nowon-gu, Seoul   -> Nowon-gu, Seoul, South Korea
  deep_gap          0  Where are the burger places in Nowon   -> Nowon-gu, Seoul, South Korea
  accepted         17  I need burger shops located in Nowon   -> Nowon-gu, Seoul, South Korea
  accepted         17  Find burger shops in Nowon-gu, Seoul   -> Nowon-gu, Seoul, South Korea

### Seongbuk-gu, Seoul, South Korea / Burger shops
  seed concern finds 10; 8 utterances kept of 8 asked for
  accepted         10  Seongbuk-gu, Seoul, South Koreaのバーガー   -> Seongbuk-gu, Seoul, South Ko
  deep_gap          0  Seongbuk-gu, Seoul, South Koreaでハンバー   -> Seongbuk-gu, Seoul, South Ko
  deep_gap          0  ソウル城北区のバーガー専門店を探しています                  -> Seongbuk-gu, Seoul, Burger s
  accepted         10  Seongbuk-gu, Seoul, South Korea 市内のバ   -> Seongbuk-gu, Seoul, South Ko
  accepted         10  Show me all burger shops in Seongbuk   -> Seongbuk-gu, Seoul, South Ko
  deep_gap          0  Where can I find burger places in Se   -> Seongbuk-gu, Seoul, South Ko
  accepted          1  List burger restaurants located in S   -> Seongbuk-gu, Seoul, South Ko
  accepted         10  I want to see burger shops in Seongb   -> Seongbuk-gu, Seoul, South Ko

### Yeongdeungpo-gu, Seoul, South Korea / Burger shops
  seed concern finds 4; 8 utterances kept of 8 asked for
  accepted         19  永登浦区のハンバーガーショップを教えて                    -> Yeongdeungpo, Seoul, Fast fo
  deep_gap          0  ソウル永登浦区でハンバーガーが食べられる店を探してる             -> Yeongdeungpo, Seoul, Hamburg
  deep_gap          0  永登浦区 ハンバーガーショップ                        -> Yeongdeungpo, Seoul, Hamburg
  deep_gap          0  ソウルの永登浦区にあるハンバーガーショップの一覧を出して           -> Yeongdeungpo, Seoul, Hamburg
  accepted          4  Show burger shops in Yeongdeungpo-gu   -> Yeongdeungpo-gu, Seoul, Sout
  accepted          4  I want to find burger places in Yeon   -> Yeongdeungpo-gu, Seoul, Sout
  deep_gap          0  Where can I eat burgers in Yeongdeun   -> Yeongdeungpo-gu, Seoul, Sout
  deep_gap          0  Please map out burger restaurants lo   -> Yeongdeungpo-gu, Seoul, Sout

### Akiruno, Tokyo, Japan / Cafes
  seed concern finds 7; 8 utterances kept of 8 asked for
  accepted          7  Akiruno, Tokyo, Japanのカフェを教えて          -> Akiruno, Tokyo, Cafe
  accepted         18  Akiruno, Tokyo, Japanでおすすめのコーヒーショップは   -> Akiruno, Tokyo, Coffee shops
  accepted          7  Akiruno, Tokyo, Japanのカフェ一覧を表示して       -> Akiruno, Tokyo, Cafe
  accepted          7  Akiruno, Tokyo, Japanにあるカフェはどこ？        -> Akiruno, Tokyo, Japan, Cafe
  accepted          7  Where are the cafes located in Akiru   -> Akiruno, Tokyo, Japan, Cafes
  accepted          7  I need to find cafes in Akiruno, Tok   -> Akiruno, Tokyo, Japan, Cafes
  accepted          7  Show me cafes in Akiruno, Tokyo, Jap   -> Akiruno, Tokyo, Japan, Cafes
  accepted          7  Looking for cafes in Akiruno, Tokyo,   -> Akiruno, Tokyo, Japan, Cafes

### Arakawa, Tokyo, Japan / Cafes
  seed concern finds 44; 8 utterances kept of 8 asked for
  accepted         44  荒川区内のカフェを教えて                           -> Arakawa, Tokyo, Cafe
  accepted         70  東京都荒川区にあるコーヒーショップはどこですか？               -> Arakawa, Tokyo, Coffee shops
  accepted         44  荒川 区 カフェ 一覧                            -> Arakawa, Tokyo, Cafe
  accepted         44  荒川区で美味しいカフェを探しています                     -> Arakawa, Tokyo, Cafe
  accepted         44  Cafes in Arakawa, Tokyo, Japan         -> Arakawa, Tokyo, Japan, Cafes
  accepted         44  Where can I find cafes in Arakawa, T   -> Arakawa, Tokyo, Japan, Cafes
  accepted         44  I am looking for cafes in Arakawa, T   -> Arakawa, Tokyo, Cafes
  accepted         44  Show me cafes in Arakawa, Tokyo, Jap   -> Arakawa, Tokyo, Japan, Cafes

### Atsubetsu Ward, Sapporo, Hokkaido, Japan / Cafes
  seed concern finds 5; 8 utterances kept of 8 asked for
  accepted          5  厚別区の喫茶店を教えて                            -> Atsubetsu, Sapporo, Cafe
  accepted          5  札幌市厚別区にあるカフェを探して                       -> Atsubetsu, Sapporo, Cafe
  deep_gap          0  厚別区のコーヒーショップは？                         -> Atsubetsu, Sapporo, Coffee s
  accepted          5  厚別区のカフェ一覧を表示                           -> Atsubetsu, Sapporo, Cafe
  accepted          5  Where are cafes in Atsubetsu Ward, S   -> Atsubetsu Ward, Sapporo, Hok
  deep_gap          0  I need a list of coffee shops in Ats   -> Atsubetsu Ward, Sapporo, Hok
  accepted          5  Show me Atsubetsu Ward, Sapporo, Hok   -> Atsubetsu Ward, Sapporo, Hok
  accepted          5  Please find all the cafes located wi   -> Atsubetsu Ward, Sapporo, Hok

### Bao'an District, Shenzhen, Guangdong Province, China / Cafes
  seed concern finds 25; 8 utterances kept of 8 asked for
  accepted         25  宝安区のカフェを教えて                            -> Bao'an, Shenzhen, Cafe
  accepted         25  Can you find cafes in Bao'an Distric   -> Bao'an District, Cafes
  accepted         25  宝安区でカフェを探している                          -> Bao'an, Shenzhen, Cafe
  deep_gap          0  Bao'an District, Shenzhenのコーヒー屋さん      -> Bao'an District, Shenzhen, C
  accepted        245  I need to find cafes in Bao'an Distr   -> Bao'an District, Shenzhen, G
  accepted    !     1  Show me coffee shops in Bao'an Distr   -> Bao'an District, Shenzhen, G
  accepted         25  Can you locate cafes in Bao'an Distr   -> Bao'an District, Shenzhen, G
  accepted         25  Find me cafes in Bao'an District, Sh   -> Bao'an District, Shenzhen, G

### Bunkyo, Tokyo, Japan / Cafes
  seed concern finds 149; 8 utterances kept of 8 asked for
  deep_gap          0  文京区のコーヒーショップを教えて                       -> Bunkyō, Tokyo, Coffee shops
  accepted        149  東京・文京区内のカフェ一覧                          -> Bunkyō, Tokyo, Cafe
  accepted        149  文京で美味しいカフェはどこ？                         -> Bunkyō, Tokyo, Cafes
  accepted        149  文京区のエリアにあるカフェを探して                      -> Bunkyō, Tokyo, Cafe
  invented_name       0  Bunkyo, Tokyo, Japan                   -> 
  invented_name       0  Where is Bunkyo, Tokyo, Japan          -> 
  invented_name       0  Show me Bunkyo, Tokyo, Japan on the    -> 
  invented_name       0  I am looking for Bunkyo, Tokyo, Japa   -> 

### Casablanca, Morocco / Cafes
  seed concern finds 618; 8 utterances kept of 8 asked for
  accepted        618  モロッコのカサブランカにあるカフェを教えて                  -> Casablanca, Morocco, Cafés
  accepted    !     5  カサブランカのコーヒーショップはどこですか？                 -> Casablanca, Coffee shops
  accepted        618  モロッコ、カサブランカのカフェ一覧を                     -> Casablanca, Morocco, Cafes
  accepted        618  カサブランカ市内のカフェ探して                        -> Casablanca, Cafes
  accepted        618  I need to find cafes in Casablanca,    -> Casablanca, Morocco, cafes
  accepted    !     5  Show me coffee shops in Casablanca,    -> Casablanca, Morocco, Coffee 
  accepted        618  Where can I find cafes in Casablanca   -> Casablanca, Morocco, Cafes
  accepted        618  Please list cafes in Casablanca, Mor   -> Casablanca, Morocco, cafes

### Chuo Ward, Fukuoka, Fukuoka Prefecture, Japan / Cafes
  seed concern finds 138; 8 utterances kept of 8 asked for
  wrong_area        0  中央区にあるカフェ教えて                           -> Chuo, Tokyo, Cafe
  accepted    !     5  福岡の中央区で美味しいコーヒーが飲めるお店を探してる             -> Chuo, Fukuoka, Coffee shops
  invented_name       0  Chuo Ward, FukuokaのCafesについて知りたい       -> 
  deep_gap          0  福岡県福岡市中央区のCafes一覧が見たい                  -> Chuo, Fukuoka, Fukuoka Prefe
  invented_name       0  Cafes in Chuo Ward, Fukuoka, Fukuoka   -> 
  invented_name       0  Where are cafes located in Chuo Ward   -> 
  invented_name       0  Find coffee shops in Chuo Ward, Fuku   -> 
  invented_name       0  Show me cafes in Chuo Ward, Fukuoka,   -> 

### Chuo, Osaka, Osaka Prefecture, Japan / Cafes
  seed concern finds 332; 8 utterances kept of 8 asked for
  accepted        332  大阪府大阪市中央区のカフェを探しています                   -> Chuo, Osaka, Cafe
  wrong_area        0  中央区のカフェ一覧                              -> Chuo, Tokyo, Cafe
  accepted        332  大阪 中央 区 カフェ                            -> Chuo, Osaka, Cafe
  wrong_area        0  中央区にあるコーヒーショップを教えて                     -> Chuo, Tokyo, Coffee shops
  accepted        332  Show me cafes in Chuo, Osaka, Osaka    -> Chuo, Osaka, Osaka Prefectur
  deep_gap          0  I'm looking for coffee shops in Chuo   -> Chuo, Osaka, Osaka Prefectur
  accepted        332  Where can I find cafes in Chuo, Osak   -> Chuo, Osaka, Osaka Prefectur
  accepted        332  List cafes in Chuo, Osaka, Osaka Pre   -> Chuo, Osaka, Osaka Prefectur

### Colombo, Sri Lanka / Cafes
  seed concern finds 144; 8 utterances kept of 8 asked for
  accepted        144  スリランカのコロンボにあるカフェを教えて                   -> Colombo, Sri Lanka, Cafe
  deep_gap          0  Colombo, Sri Lankaのコーヒーショップはどこですか？     -> Colombo, Sri Lanka, Coffee s
  accepted        144  コロンボ カフェ 一覧                            -> Colombo, Cafes
  accepted        144  スリランカのコロンボ地区で美味しいカフェを探しています。           -> Colombo, Sri Lanka, Cafes
  accepted        144  Where are the cafes located in Colom   -> Colombo, Sri Lanka, Cafes
  accepted        144  Find cafes in Colombo, Sri Lanka       -> Colombo, Sri Lanka, Cafes
  accepted        144  Can you show me cafes in Colombo, Sr   -> Colombo, Sri Lanka, Cafes
  accepted        144  I am looking for cafes in Colombo, S   -> Colombo, Sri Lanka, Cafes

### Dobong-gu, Seoul, South Korea / Cafes
  seed concern finds 19; 8 utterances kept of 8 asked for
  invented_name       0  東大門区のカフェを教えて                           -> 
  invented_name       0  ソウル・東大門区でコーヒーが飲める場所を探して                -> 
  invented_name       0  ソウル特別市東大門区の喫茶店一覧                       -> 
  invented_name       0  韓国、ソウルの東大門区内にあるカフェを教えてください             -> 
  accepted         19  Show cafes in Dobong-gu, Seoul, Sout   -> Dobong-gu, Seoul, South Kore
  accepted         19  I need to find cafes located in Dobo   -> Dobong-gu, Seoul, South Kore
  accepted         19  Find me cafes in the Dobong-gu, Seou   -> Dobong-gu, Seoul, South Kore
  accepted         19  Cafes in Dobong-gu, Seoul, South Kor   -> Dobong-gu, Seoul, South Kore

### Dublin, Ireland / Cafes
  seed concern finds 630; 8 utterances kept of 8 asked for
  accepted        630  ダブリンのカフェを探して                           -> Dublin, Cafe
  accepted        630  アイルランドのダブリンにあるカフェのリスト                  -> Dublin, Ireland, Cafes
  accepted        630  Dublin, Irelandのカフェ情報                  -> Dublin, Ireland, Cafes
  accepted        630  ダブリン、アイルランドのカフェを教えて                    -> Dublin, Ireland, Cafe
  accepted        630  Cafes in Dublin, Ireland               -> Dublin, Ireland, Cafes
  accepted        630  I am looking for cafes in Dublin, Ir   -> Dublin, Ireland, cafes
  accepted        630  Where can I find cafes in Dublin, Ir   -> Dublin, Ireland, cafes
  accepted        630  Show me cafes in Dublin, Ireland       -> Dublin, Ireland, cafes

### Frankfurt, Hesse, Germany / Cafes
  seed concern finds 506; 8 utterances kept of 8 asked for
  invented_name       0  ドイツ、ヘッセン州のフランクフルトのカフェを教えて              -> 
  accepted        506  Frankfurt, Hesse, Germanyのカフェ探して       -> Frankfurt, Hesse, Germany, C
  invented_name       0  ヘッセン州フランクフルトにあるコーヒーショップをリストアップして       -> 
  accepted        506  Frankfurt, Hesse, Germanyにカフェある？       -> Frankfurt, Hesse, Germany, C
  accepted        506  Where are the cafes in Frankfurt, He   -> Frankfurt, Hesse, Germany, c
  accepted        506  I am looking for cafes in Frankfurt,   -> Frankfurt, Hesse, Germany, C
  accepted        506  Cafes in Frankfurt, Hesse, Germany,    -> Frankfurt, Hesse, Germany, C
  accepted        506  Show me cafes in Frankfurt, Hesse, G   -> Frankfurt, Hesse, Germany, c

### Fushimi Ward, Kyoto, Kyoto Prefecture, Japan / Cafes
  seed concern finds 842; 8 utterances kept of 8 asked for
  accepted        107  京都市伏見区の喫茶店を教えて                         -> Fushimi, Kyoto, Cafe
  accepted        107  京都府京都市伏見区にあるカフェを調べて                    -> Fushimi, Kyoto, Cafe
  no_area_line       0  伏見区でおすすめのコーヒーショップはどこですか？               -> 
  accepted        107  京都市伏見区のカフェ一覧を出して                       -> Fushimi, Kyoto, Cafe
  accepted        842  Cafes in Fushimi Ward, Kyoto, Kyoto    -> Fushimi Ward, Kyoto, Kyoto P
  accepted        842  Fushimi Ward, Kyoto, Kyoto Prefectur   -> Fushimi, Kyoto, Kyoto Prefec
  accepted        842  Find Cafes in Fushimi Ward, Kyoto, K   -> Fushimi Ward, Kyoto, Kyoto P
  accepted        842  Show me Cafes in Fushimi Ward, Kyoto   -> Fushimi Ward, Kyoto, Kyoto P

### Gangdong-gu, Seoul, South Korea / Cafes
  seed concern finds 39; 8 utterances kept of 8 asked for
  accepted         39  Gangdong-gu, Seoul, South Koreaのカフェを   -> Gangdong-gu, Seoul, South Ko
  invented_name       0  ソウルの江南区でコーヒーが飲める場所教えて                  -> 
  deep_gap          0  Gangdong-gu, Seoul, South Koreaの咖啡屋さ   -> Gangdong-gu, Seoul, South Ko
  invented_name       0  江南区のカフェ一覧を出して                          -> 
  accepted         39  Cafes in Gangdong-gu, Seoul, South K   -> Gangdong-gu, Seoul, South Ko
  accepted         39  Where are cafes in Gangdong-gu, Seou   -> Gangdong-gu, Seoul, South Ko
  accepted         39  Show me cafes in Gangdong-gu, Seoul,   -> Gangdong-gu, Seoul, South Ko
  accepted         39  Find cafes in Gangdong-gu, Seoul, So   -> Gangdong-gu, Seoul, South Ko

### Geumcheon-gu, Seoul, South Korea / Cafes
  seed concern finds 26; 8 utterances kept of 8 asked for
  invented_name       0  金川区のカフェを教えて                            -> 
  accepted         26  Seoul South KoreaのGeumcheon-guにあるカフェ   -> Geumcheon-gu, Seoul, South K
  deep_gap          0  Geumcheon-gu, Seoul, South Koreaのコーヒ   -> Geumcheon-gu, Seoul, South K
  invented_name       0  金川区の美味しいカフェを探してる                       -> 
  accepted         26  Show me cafes in Geumcheon-gu, Seoul   -> Geumcheon-gu, Seoul, South K
  deep_gap          0  I want to find coffee shops in Geumc   -> Geumcheon-gu, Seoul, South K
  accepted         26  Please list cafes located in Geumche   -> Geumcheon-gu, Seoul, South K
  accepted         26  Where are the cafes in Geumcheon-gu,   -> Geumcheon-gu, Seoul, South K

### Gwangjin-gu, Seoul, South Korea / Cafes
  seed concern finds 173; 8 utterances kept of 8 asked for
  accepted        173  광진구 카페 찾아줘                             -> Gwangjin-gu, Seoul, Cafes
  accepted        173  Seoul Gwangjin-guのカフェを教えて              -> Gwangjin-gu, Seoul, Cafes
  accepted        173  Gwangjin-gu, Seoul, South Korea のカフェ   -> Gwangjin-gu, Seoul, South Ko
  accepted        173  광진구 카페 위치                              -> Gwangjin-gu, Seoul, Cafes
  accepted        173  Find cafes in Gwangjin-gu, Seoul, So   -> Gwangjin-gu, Seoul, South Ko
  deep_gap          0  Show me coffee shops located in Gwan   -> Gwangjin-gu, Seoul, South Ko
  accepted        173  I need a list of cafes in Gwangjin-g   -> Gwangjin-gu, Seoul, South Ko
  accepted        173  Where are the cafes in Gwangjin-gu,    -> Gwangjin-gu, Seoul, South Ko

### Hakata Ward, Fukuoka, Fukuoka Prefecture, Japan / Cafes
  seed concern finds 59; 8 utterances kept of 8 asked for
  accepted         59  Hakata Ward, Fukuoka, Fukuoka Prefec   -> Hakata, Fukuoka, Fukuoka Pre
  accepted         59  福岡県福岡市博多区の喫茶店                          -> Hakata-ku, Fukuoka City, Fuk
  accepted         59  Hakata Ward, Fukuoka, Fukuoka Prefec   -> Hakata, Fukuoka, Fukuoka Pre
  deep_gap          0  博多区のコーヒー屋さん                            -> Hakata, Fukuoka, Coffee shop
  accepted         59  cafes in Hakata Ward, Fukuoka, Fukuo   -> Hakata Ward, Fukuoka, Fukuok
  deep_gap          0  Find coffee shops located in Hakata    -> Hakata Ward, Fukuoka, Fukuok
  deep_gap          0  Where can I get coffee in Hakata War   -> Hakata Ward, Fukuoka, Fukuok
  accepted         59  Show me Hakata Ward, Fukuoka, Fukuok   -> Hakata Ward, Fukuoka, Fukuok

### Higashi Ward, Fukuoka, Fukuoka Prefecture, Japan / Cafes
  seed concern finds 15; 7 utterances kept of 8 asked for
  wrong_area        0  東区のコーヒーショップを教えて                        -> Higashi, Tokyo, Coffee shops
  wrong_area        0  東区内のカフェを探索して                           -> Taito, Tokyo, Cafe
  accepted    !     1  福岡市東区のコーヒー専門店はどこ？                      -> Higashi, Fukuoka, Coffee sho
  accepted         15  Cafes in Higashi Ward, Fukuoka, Fuku   -> Higashi Ward, Fukuoka, Fukuo
  accepted         15  Show me cafes located in Higashi War   -> Higashi Ward, Fukuoka, Fukuo
  accepted         15  Where are the cafes in Higashi Ward,   -> Higashi Ward, Fukuoka, Fukuo
  accepted         15  List cafes in Higashi Ward, Fukuoka,   -> Higashi Ward, Fukuoka, Fukuo

### Higashikurume, Tokyo, Japan / Cafes
  seed concern finds 5; 8 utterances kept of 8 asked for
  accepted          5  東久留米のカフェを教えて                           -> Higashikurume, Tokyo, Cafe
  accepted          5  東京都東久留米市内にあるカフェを探しています                 -> Higashikurume, Tokyo, Cafe
  accepted         15  東久留米で美味しいコーヒーが飲めるお店はありますか？             -> Higashikurume, Tokyo, Coffee
  accepted          5  東久留米、カフェ                               -> Higashikurume, Tokyo, Cafe
  accepted          5  Where are the cafes in Higashikurume   -> Higashikurume, Tokyo, Japan,
  accepted          5  Find cafes in Higashikurume, Tokyo,    -> Higashikurume, Tokyo, Japan,
  accepted          5  Cafes in Higashikurume, Tokyo, Japan   -> Higashikurume, Tokyo, Japan,
  accepted          5  I'm looking for cafes in Higashikuru   -> Higashikurume, Tokyo, Japan,

### Higashiyamato, Tokyo, Japan / Cafes
  seed concern finds 6; 8 utterances kept of 8 asked for
  accepted          6  東大和市の喫茶店を探しています                        -> Higashiyamato, Tokyo, Cafe
  accepted          6  TokyoのHigashiyamatoにあるカフェを教えて          -> Higashiyamato, Tokyo, Cafe
  wrong_area        0  東大和市でコーヒーが飲めるお店はありますか                  -> Higashimurayama, Tokyo, Coff
  accepted          6  Higashiyamato, Tokyo, JapanのCafesを検索   -> Higashiyamato, Tokyo, Cafes
  accepted          6  cafes in Higashiyamato, Tokyo, Japan   -> Higashiyamato, Tokyo, Japan,
  accepted          6  Where are the cafes located in Higas   -> Higashiyamato, Tokyo, Japan,
  accepted          6  I am looking for cafes in Higashiyam   -> Higashiyamato, Tokyo, Cafes
  accepted          6  Show me cafes in Higashiyamato, Toky   -> Higashiyamato, Tokyo, Japan,

### Hinohara, Tokyo, Japan / Cafes
  seed concern finds 1; 8 utterances kept of 8 asked for
  invented_name       0  ヒノハラの咖啡屋さん                             -> 
  invented_name       0  東京 羽村 喫茶店                              -> 
  invented_name       0  Hinode cafe                            -> 
  invented_name       0  羽村地区のカフェ                               -> 
  accepted          1  Find cafes in Hinohara, Tokyo, Japan   -> Hinohara, Tokyo, Japan, Cafe
  accepted          1  Where can I get coffee in Hinohara,    -> Hinohara, Tokyo, Japan, Coff
  accepted          1  Show me all the coffee shops in Hino   -> Hinohara, Tokyo, Japan, Coff
  accepted          1  List of cafes in Hinohara, Tokyo, Ja   -> Hinohara, Tokyo, Japan, Cafe

### Hodogaya Ward, Yokohama, Kanagawa Prefecture, Japan / Cafes
  seed concern finds 30; 8 utterances kept of 8 asked for
  invented_name       0  保土ケ谷区のコーヒーショップを教えて                     -> 
  invented_name       0  神奈川横浜市保土ケ谷区内のカフェ一覧                     -> 
  invented_name       0  保土ケ谷 Wardにあるカフェを探して                    -> 
  invented_name       0  横浜の保土ケ谷区で美味しいコーヒー屋さん                   -> 
  accepted         30  Show me cafes in Hodogaya Ward, Yoko   -> Hodogaya Ward, Yokohama, Kan
  accepted    !     2  I am looking for coffee shops locate   -> Hodogaya Ward, Yokohama, Kan
  wrong_area        0  Please list cafes in Hodogaya Ward,    -> Hodogaya, Yokohama, Kanagawa
  accepted         30  Find cafes in Hodogaya Ward, Yokoham   -> Hodogaya Ward, Yokohama, Kan

### Isogo Ward, Yokohama, Kanagawa Prefecture, Japan / Cafes
  seed concern finds 18; 8 utterances kept of 8 asked for
  wrong_area        0  Isogo Ward, Yokohama, Kanagawa Prefe   -> Isogo, Yokohama, Kanagawa Pr
  accepted         18  横浜市磯子区のカフェ一覧を教えて。                      -> Isogo, Yokohama, Cafe
  deep_gap          0  神奈川県横浜市磯子区のコーヒーショップはどこですか？             -> Isogo-ku, Yokohama, Kanagawa
  accepted         18  磯子区のカフェを調べて。                           -> Isogo, Yokohama, Cafe
  accepted         18  cafes in Isogo Ward, Yokohama, Kanag   -> Isogo Ward, Yokohama, Kanaga
  deep_gap          0  Show me coffee shops in Isogo Ward,    -> Isogo Ward, Yokohama, Kanaga
  accepted         18  Find cafes located in Isogo Ward, Yo   -> Isogo Ward, Yokohama, Kanaga
  deep_gap          0  Where can I get coffee in Isogo Ward   -> Isogo Ward, Yokohama, Kanaga

### Izumi Ward, Yokohama, Kanagawa Prefecture, Japan / Cafes
  seed concern finds 12; 8 utterances kept of 8 asked for
  invented_name       0  大和市のコーヒー屋さんを探して                        -> 
  invented_name       0  大和市 喫茶店                                -> 
  invented_name       0  神奈川県大和市のカフェ一覧                          -> 
  invented_name       0  大和市内のカフェ                               -> 
  deep_gap          0  Where are cafes in Izumi Ward, Yokoh   -> Izumi, Yokohama, Kanagawa Pr
  accepted         12  Show me cafes in Izumi Ward, Yokoham   -> Izumi Ward, Yokohama, Kanaga
  accepted         12  I need to find cafes in Izumi Ward,    -> Izumi Ward, Yokohama, Kanaga
  accepted         12  Find cafes in Izumi Ward, Yokohama,    -> Izumi Ward, Yokohama, Kanaga

### Jung-gu, Seoul, South Korea / Cafes
  seed concern finds 239; 8 utterances kept of 8 asked for
  accepted    !     2  ソウル市中区のコーヒーショップはどこ？                    -> Jung-gu, Seoul, Coffee shops
  invented_name       0  ソウル・ジュング区にあるカフェを探しています。                -> 
  wrong_area        0  中区でカフェ教えて                              -> Naka, Yokohama, Cafe
  accepted        239  ソウル市中区のカフェ一覧を表示して                      -> Jung-gu, Seoul, Cafe
  accepted        239  Cafes in Jung-gu, Seoul, South Korea   -> Jung-gu, Seoul, South Korea,
  accepted        239  Jung-gu, Seoul, South Korea Cafes      -> Jung-gu, Seoul, South Korea,
  no_area_line       0  Show me Jung-gu, Seoul, South Korea    -> 
  accepted        239  Where are the cafes in Jung-gu, Seou   -> Jung-gu, Seoul, South Korea,

### Kaohsiung, Taiwan / Cafes
  seed concern finds 447; 8 utterances kept of 8 asked for
  accepted        447  高雄のカフェを探して                             -> Kaohsiung, Cafes
  accepted        447  台湾高雄市内のカフェ一覧                           -> Kaohsiung, Taiwan, Cafe
  accepted        447  Kaohsiung, Taiwanのカフェ                  -> Kaohsiung, Taiwan, Cafe
  accepted        447  高雄のカフェを教えてください                         -> Kaohsiung, Cafe
  accepted        447  Find cafes in Kaohsiung, Taiwan        -> Kaohsiung, Taiwan, cafes
  deep_gap          0  Where can I find coffee shops in Kao   -> Kaohsiung, Taiwan, coffee sh
  accepted        447  Search for cafe locations in Kaohsiu   -> Kaohsiung, Taiwan, Cafe
  accepted        447  Show me cafes in Kaohsiung, Taiwan     -> Kaohsiung, Taiwan, cafes

### Kita Ward, Nagoya, Aichi Prefecture, Japan / Cafes
  seed concern finds 35; 8 utterances kept of 8 asked for
  wrong_area        0  北区の喫茶店を調べて                             -> Kita, Tokyo, Cafe
  wrong_area        0  北区内のカフェ一覧を見せてください                      -> Kita, Tokyo, Cafe
  wrong_area        0  北区のコーヒーショップはどこ？                        -> Kita, Tokyo, Coffee shops
  wrong_area        0  北区の喫茶店を探して                             -> Kita, Tokyo, Cafe
  accepted         35  Where are the cafes in Kita Ward, Na   -> Kita Ward, Nagoya, Aichi Pre
  accepted         35  Can you show me cafes located in Kit   -> Kita Ward, Nagoya, Aichi Pre
  wrong_area        0  I am looking for cafes in Kita Ward,   -> Kita Ward, Nagoya, Aichi Pre
  accepted         35  Find cafes in Kita Ward, Nagoya, Aic   -> Kita Ward, Nagoya, Aichi Pre

### Kita Ward, Sapporo, Hokkaido, Japan / Cafes
  seed concern finds 0; 8 utterances kept of 8 asked for
  wrong_area        0  北区のカフェを教えて                             -> Kita, Tokyo, Cafe
  wrong_area        0  札幌市北区にあるカフェを探して                        -> Kita, Sapporo, Cafe
  wrong_area        0  北区内のカフェ一覧を表示してください                     -> Kita, Tokyo, Cafe
  wrong_area        0  札幌北区のカフェ検索                             -> Kita, Sapporo, Cafe
  zero_results       0  Where are the cafes in Kita Ward, Sa   -> Kita Ward, Sapporo, Hokkaido
  zero_results       0  Find cafes in Kita Ward, Sapporo, Ho   -> Kita Ward, Sapporo, Hokkaido
  zero_results       0  I need a list of cafes located in Ki   -> Kita Ward, Sapporo, Hokkaido
  zero_results       0  Show me coffee shops in Kita Ward, S   -> Kita Ward, Sapporo, Hokkaido

### Kobe, Hyogo Prefecture, Japan / Cafes
  seed concern finds 680; 8 utterances kept of 8 asked for
  accepted        680  神戸市のカフェを調べて                            -> Kobe, Hyogo Prefecture, Cafe
  accepted    !     7  兵庫県神戸で美味しいコーヒーが飲めるお店を教えて               -> Kobe, Hyogo, Coffee shops
  accepted        680  神戸のカフェ一覧                               -> Kobe, Cafe
  accepted        680  兵庫県神戸市にある喫茶店を検索して                      -> Kobe, Hyogo Prefecture, Cafe
  accepted        680  Find cafes in Kobe, Hyogo Prefecture   -> Kobe, Hyogo Prefecture, Japa
  accepted        680  I need cafe recommendations in Kobe,   -> Kobe, Hyogo Prefecture, Japa
  accepted        680  Show me cafes located in Kobe, Hyogo   -> Kobe, Hyogo Prefecture, Japa
  accepted        680  Where can I find cafes in Kobe, Hyog   -> Kobe, Hyogo Prefecture, Japa

### Kokubunji, Tokyo, Japan / Cafes
  seed concern finds 14; 8 utterances kept of 8 asked for
  accepted         14  Kokubunji, Tokyo, Japan のカフェを教えて       -> Kokubunji, Tokyo, Cafe
  accepted         14  Kokubunji, Tokyo, Japan 付近のカフェ一覧をお願い   -> Kokubunji, Tokyo, Cafe
  accepted         14  Kokubunji, Tokyo, Japan でカフェを探しています    -> Kokubunji, Tokyo, Cafe
  deep_gap          0  Kokubunji, Tokyo, Japan のコーヒーショップを教え   -> Kokubunji, Tokyo, Coffee sho
  accepted         14  Where are the cafes in Kokubunji, To   -> Kokubunji, Tokyo, Japan, Caf
  deep_gap          0  Find coffee shops near Kokubunji, To   -> Kokubunji, Tokyo, Japan, Cof
  accepted         14  List of cafes in Kokubunji, Tokyo, J   -> Kokubunji, Tokyo, Japan, Caf
  accepted         14  Show me cafes in Kokubunji, Tokyo, J   -> Kokubunji, Tokyo, Japan, Caf

### Konan Ward, Yokohama, Kanagawa Prefecture, Japan / Cafes
  seed concern finds 1; 8 utterances kept of 8 asked for
  wrong_area        0  Konan Ward, Yokohama, Kanagawa Prefe   -> Konan, Yokohama, Kanagawa Pr
  wrong_area        0  Konan Ward, Yokohama, Kanagawa Prefe   -> Konan, Yokohama, Kanagawa Pr
  wrong_area        0  Konan Ward, Yokohama, Kanagawa Prefe   -> Konan, Yokohama, Kanagawa Pr
  wrong_area        0  Konan Ward, Yokohama, Kanagawa Prefe   -> Konan, Yokohama, Kanagawa Pr
  accepted          1  Find cafes in Konan Ward, Yokohama,    -> Konan Ward, Yokohama, Kanaga
  deep_gap          0  Where are coffee shops in Konan Ward   -> Konan Ward, Yokohama, Kanaga
  accepted          1  List all cafes located in Konan Ward   -> Konan Ward, Yokohama, Kanaga
  accepted          1  Show me cafes in Konan Ward, Yokoham   -> Konan Ward, Yokohama, Kanaga

### Kozushima, Tokyo, Japan / Cafes
  seed concern finds 3; 8 utterances kept of 8 asked for
  invented_name       0  小笠原諸島 父島の喫茶店                           -> 
  invented_name       0  東京 父島 咖啡                               -> 
  invented_name       0  父島でお茶をする場所                             -> 
  invented_name       0  父島のカフェ一覧                               -> 
  accepted          3  Find cafes in Kozushima, Tokyo, Japa   -> Kozushima, Tokyo, Japan, Caf
  accepted          1  I am looking for coffee shops in Koz   -> Kozushima, Tokyo, Japan, Cof
  accepted          1  Where can I get coffee in Kozushima,   -> Kozushima, Tokyo, Japan, Cof
  accepted          3  Show me cafe locations in Kozushima,   -> Kozushima, Tokyo, Japan, Caf

### Kyoto, Kyoto Prefecture, Japan / Cafes
  seed concern finds 842; 8 utterances kept of 8 asked for
  accepted        842  京都の喫茶店を探して                             -> Kyoto, Cafe
  accepted        842  Kyotoのカフェ一覧                            -> Kyoto, Cafe
  wrong_area        0  京都府 喫茶店                                -> Kyoto Prefecture, Cafe
  accepted        842  Kyoto cafes nearby                     -> Kyoto, Cafes
  accepted        842  Where are the cafes in Kyoto?          -> Kyoto, Cafes
  accepted        842  Show me cafes in Kyoto, Kyoto Prefec   -> Kyoto, Kyoto Prefecture, Jap
  accepted        842  I'm looking for cafes in Kyoto.        -> Kyoto, Cafes
  accepted        842  List all cafes in Kyoto, Kyoto Prefe   -> Kyoto, Kyoto Prefecture, Jap

### Longhua District, Shenzhen, Guangdong Province, China / Cafes
  seed concern finds 33; 8 utterances kept of 8 asked for
  invented_name       0  龍華区のカフェを教えて                            -> 
  accepted    !     1  ShenzhenのLonghua Districtにあるコーヒーショップ   -> Longhua, Shenzhen, Coffee sh
  invented_name       0  广东省深圳市龍華区 喫茶店                          -> 
  invented_name       0  龍華区 咖啡推薦                               -> 
  accepted         33  Find cafes in Longhua District, Shen   -> Longhua District, Shenzhen, 
  accepted    !     1  Coffee shops in Longhua District, Sh   -> Longhua District, Shenzhen, 
  accepted         33  I am looking for cafes located in Lo   -> Longhua District, Shenzhen, 
  accepted    !     1  Where can I get coffee in Longhua Di   -> Longhua District, Shenzhen, 

### Malaga, Andalusia, Spain / Cafes
  seed concern finds 229; 8 utterances kept of 8 asked for
  invented_name       0  Malaga, Andalusia, Spainのカフェを教えてください   -> 
  invented_name       0  Malaga, Andalusia, Spain 周辺のカフェリスト     -> 
  invented_name       0  Malaga, Andalusia, Spainでカフェを探しています    -> 
  invented_name       0  Malaga, Andalusia, Spainのカフェを教えて       -> 
  invented_name       0  cafes in Malaga, Andalusia, Spain      -> 
  invented_name       0  Show me the cafes in Malaga, Andalus   -> 
  invented_name       0  I am looking for cafes in Malaga, An   -> 
  invented_name       0  Where are the cafes in Malaga, Andal   -> 

### Midori Ward, Nagoya, Aichi Prefecture, Japan / Cafes
  seed concern finds 26; 8 utterances kept of 8 asked for
  wrong_area        0  名古屋市中区緑区の喫茶店を教えて                       -> Midori-ku, Naka-ku, Nagoya, 
  wrong_area        0  愛知県名古屋市緑区にあるカフェ一覧を出して                  -> Midori-ku, Nagoya, Aichi, Ca
  accepted         26  緑区 名古屋 カフェ 検索                          -> Midori, Nagoya, Cafe
  wrong_area        0  愛知県名古屋市緑区のコーヒーショップを教えてください             -> Midori-ku, Nagoya, Aichi, Co
  accepted         26  cafes in Midori Ward, Nagoya, Aichi    -> Midori Ward, Nagoya, Aichi P
  deep_gap          0  Show me coffee shops in Midori Ward,   -> Midori Ward, Nagoya, Aichi P
  accepted         26  I need a list of cafes located in Mi   -> Midori Ward, Nagoya, Aichi P
  accepted         26  Find cafes in Midori Ward, Nagoya, A   -> Midori Ward, Nagoya, Aichi P

### Minami Ward, Fukuoka, Fukuoka Prefecture, Japan / Cafes
  seed concern finds 0; 8 utterances kept of 8 asked for
  wrong_area        0  福岡県福岡市南区の喫茶店を教えて                       -> Minami-ku, Fukuoka City, Fuk
  accepted          1  Minami Ward, Fukuokaのコーヒー屋さんどこ？        -> Minami Ward, Fukuoka, Coffee
  wrong_area        0  南区でカフェ探してる                             -> Minami, Nagoya, Cafe
  wrong_area        0  福岡市南区のcafe一覧                           -> Minami, Fukuoka, Cafe
  zero_results       0  Find cafes in Minami Ward, Fukuoka,    -> Minami Ward, Fukuoka, Fukuok
  zero_results       0  Show me coffee shops located in Mina   -> Minami Ward, Fukuoka, Fukuok
  zero_results       0  Where can I find cafes in Minami War   -> Minami Ward, Fukuoka, Fukuok
  zero_results       0  I'm looking for cafes in Minami Ward   -> Minami Ward, Fukuoka, Fukuok

### Minami Ward, Sapporo, Hokkaido, Japan / Cafes
  seed concern finds 0; 8 utterances kept of 8 asked for
  zero_results       0  札幌市南区の喫茶店を教えて                          -> Minami-ku, Sapporo, Cafe
  wrong_area        0  南区のコーヒーショップ一覧                          -> Minami, Nagoya, Coffee shops
  wrong_area        0  札幌南区でカフェを探している                         -> Minami, Sapporo, Cafe
  wrong_area        0  南区にある喫茶店の場所を教えてください                    -> Minami, Nagoya, Cafe
  zero_results       0  Where are cafes in Minami Ward, Sapp   -> Minami Ward, Sapporo, Hokkai
  zero_results       0  Show me coffee shops in Minami Ward,   -> Minami Ward, Sapporo, Hokkai
  zero_results       0  I need to find cafes located in Mina   -> Minami Ward, Sapporo, Hokkai
  zero_results       0  Please list all the cafes in Minami    -> Minami Ward, Sapporo, Hokkai

### Minato, Tokyo, Japan / Cafes
  seed concern finds 397; 8 utterances kept of 8 asked for
  accepted        397  港区のカフェを教えて                             -> Minato, Tokyo, Cafe
  accepted        397  東京・港区でおすすめのカフェはどこですか？                  -> Minato, Tokyo, Cafe
  accepted        397  港区のカフェ一覧が見たい                           -> Minato, Tokyo, Cafe
  accepted        397  東京港区にあるカフェを探して                         -> Minato, Tokyo, Cafe
  accepted        397  Cafes in Minato, Tokyo, Japan          -> Minato, Tokyo, Japan, Cafes
  accepted       1503  coffee shops in Minato, Tokyo          -> Minato, Tokyo, Coffee shops
  accepted        397  cafes located in Minato, Tokyo         -> Minato, Tokyo, Cafes
  accepted        397  Minato Tokyo Japan cafes               -> Minato, Tokyo, Japan, Cafes

### Miyakojima Ward, Osaka, Osaka Prefecture, Japan / Cafes
  seed concern finds 62; 8 utterances kept of 8 asked for
  wrong_area        0  都島区の喫茶店を教えて                            -> Mikunigaoka, Osaka, Cafe
  wrong_area        0  大阪府大阪市都島区内のカフェ一覧                       -> Mikunimachi, Ikuno-ku, Osaka
  wrong_area        0  都島区のコーヒーショップはどこですか                     -> Miyoshima, Osaka, Coffee sho
  wrong_area        0  都島区にあるカフェを探して                          -> Mikunigaoka, Osaka, Cafe
  accepted         62  Show me cafes in Miyakojima Ward, Os   -> Miyakojima Ward, Osaka, Osak
  accepted         62  Where can I find cafes in Miyakojima   -> Miyakojima Ward, Osaka, Osak
  accepted         62  List cafes in Miyakojima Ward, Osaka   -> Miyakojima Ward, Osaka, Osak
  accepted         62  I need a cafe in Miyakojima Ward, Os   -> Miyakojima Ward, Osaka, Osak

### Mumbai, India / Cafes
  seed concern finds 376; 8 utterances kept of 8 asked for
  accepted        376  Mumbai, Indiaのカフェを探しています。              -> Mumbai, India, Cafes
  accepted        376  Mumbai, India 咖啡馆                      -> Mumbai, India, 咖啡馆
  accepted        376  Mumbai, Indiaにあるカフェはありますか？             -> Mumbai, India, Cafes
  accepted        376  Mumbai, Indiaのカフェ一覧を見たいです。             -> Mumbai, India, Cafes
  accepted        376  Find cafes in Mumbai, India            -> Mumbai, India, cafes
  deep_gap          0  Where can I get coffee in Mumbai, In   -> Mumbai, India, Coffee shops
  accepted        376  I'm looking for a cafe in Mumbai, In   -> Mumbai, India, cafe
  accepted        376  List cafes in Mumbai, India            -> Mumbai, India, cafes

### Nagoya, Aichi Prefecture, Japan / Cafes
  seed concern finds 837; 8 utterances kept of 8 asked for
  accepted        837  名古屋市のカフェを教えて                           -> Nagoya, Aichi, Cafe
  accepted        837  愛知県名古屋で美味しいコーヒーを飲めるカフェを探してる            -> Nagoya, Aichi, Cafes
  accepted        837  Nagoya no kafe o sagashiteiru          -> Nagoya, Cafe
  accepted        837  愛知県名古屋市内のカフェ一覧を見せて                     -> Nagoya, Aichi Prefecture, Ca
  accepted        837  Find cafes in Nagoya, Aichi Prefectu   -> Nagoya, Aichi Prefecture, Ja
  accepted        837  I want to see cafes in Nagoya, Aichi   -> Nagoya, Aichi Prefecture, Ja
  accepted        837  Show me cafes in Nagoya, Aichi Prefe   -> Nagoya, Aichi Prefecture, Ja
  accepted        837  Cafes in Nagoya, Aichi Prefecture, J   -> Nagoya, Aichi Prefecture, Ja

### Nakamura Ward, Nagoya, Aichi Prefecture, Japan / Cafes
  seed concern finds 837; 8 utterances kept of 8 asked for
  invented_name       0  名古屋市中区のカフェを教えて                         -> 
  invented_name       0  愛知県名古屋市中区 喫茶店                          -> 
  invented_name       0  中区 咖啡                                  -> 
  invented_name       0  名古屋市中区 喫茶                              -> 
  accepted        837  Cafes in Nakamura Ward, Nagoya, Aich   -> Nakamura Ward, Nagoya, Aichi
  accepted        837  Find cafes in Nakamura Ward, Nagoya,   -> Nakamura Ward, Nagoya, Aichi
  wrong_area        0  I am looking for cafes in Nakamura W   -> Nakamura Ward, Nagoya, Aichi
  accepted        837  Show me cafes in Nakamura Ward, Nago   -> Nakamura Ward, Nagoya, Aichi

### Naples, Campania, Italy / Cafes
  seed concern finds 420; 8 utterances kept of 8 asked for
  accepted        420  イタリアのカンパニア州ナポリのカフェを教えて                 -> Naples, Campania, Italy, Caf
  accepted        420  ナポリのカフェ一覧を出して                          -> Naples, Cafes
  accepted        420  ナポリのカフェはどこですか                          -> Naples, Italy, Cafes
  accepted        420  ナポリのカフェを検索して                           -> Naples, Italy, Cafes
  accepted        420  Where are cafes in Naples, Campania,   -> Naples, Campania, Italy, caf
  accepted        420  Show me cafes located in Naples, Cam   -> Naples, Campania, Italy, caf
  accepted        420  List of cafes in Naples, Campania, I   -> Naples, Campania, Italy, Caf
  accepted        420  I need to find cafes in Naples, Camp   -> Naples, Campania, Italy, caf

### Nishi Ward, Fukuoka, Fukuoka Prefecture, Japan / Cafes
  seed concern finds 0; 8 utterances kept of 8 asked for
  wrong_area        0  西区の喫茶店を教えて                             -> Nishi, Osaka, Cafe
  wrong_area        0  福岡市西区にあるカフェ一覧を表示して                     -> Nishi, Fukuoka, Cafe
  wrong_area        0  西区 喫茶店                                 -> Nishi, Osaka, Cafe
  wrong_area        0  福岡県福岡市西区のカフェを探します                      -> Nishi, Fukuoka City, Fukuoka
  zero_results       0  Find cafes in Nishi Ward, Fukuoka, F   -> Nishi Ward, Fukuoka, Fukuoka
  zero_results       0  cafes in Nishi Ward, Fukuoka, Fukuok   -> Nishi Ward, Fukuoka, Fukuoka
  zero_results       0  Where are the cafes located in Nishi   -> Nishi Ward, Fukuoka, Fukuoka
  zero_results       0  I'm looking for coffee shops in Nish   -> Nishi Ward, Fukuoka, Fukuoka

### Nishi Ward, Saitama, Saitama Prefecture, Japan / Cafes
  seed concern finds 3; 8 utterances kept of 8 asked for
  accepted          3  さいたま市西区の喫茶店を教えて                        -> Nishi, Saitama, Cafe
  wrong_area        0  西区にあるカフェ一覧を出して                         -> Nishi, Osaka, Cafe
  accepted          3  さいたま市西区 喫茶店 検索                         -> Nishi-ku, Saitama, Cafe
  wrong_area        0  西区のコーヒーショップはどこ？                        -> Nishi, Osaka, Coffee shops
  accepted          3  Find cafes in Nishi Ward, Saitama, S   -> Nishi Ward, Saitama, Saitama
  deep_gap          0  Show me coffee shops located in Nish   -> Nishi Ward, Saitama, Saitama
  accepted          3  I need a list of cafes in the Nishi    -> Nishi Ward, Saitama, Saitama
  accepted          3  Where can I find cafes in Nishi Ward   -> Nishi Ward, Saitama, Saitama

### Nishinari Ward, Osaka, Osaka Prefecture, Japan / Cafes
  seed concern finds 35; 8 utterances kept of 8 asked for
  deep_gap          0  西成区のコーヒーショップを教えて                       -> Nishinari, Osaka, Coffee sho
  accepted         35  大阪市西成区内のカフェ一覧を出して                      -> Nishinari, Osaka, Cafe
  accepted         35  西成 喫茶                                  -> Nishinari, Osaka, Cafe
  accepted         35  西成区の近くのカフェはどこですか                       -> Nishinari, Osaka, Cafe
  accepted         35  Where can I find cafes in Nishinari    -> Nishinari Ward, Osaka, Osaka
  deep_gap          0  I need a coffee spot in Nishinari Wa   -> Nishinari Ward, Osaka, Osaka
  accepted         35  Show me cafes in Nishinari Ward, Osa   -> Nishinari Ward, Osaka, Osaka
  accepted         35  Looking for cafes in Nishinari Ward,   -> Nishinari Ward, Osaka, Osaka

### Okutama, Tokyo, Japan / Cafes
  seed concern finds 2; 8 utterances kept of 8 asked for
  accepted          2  東京奥多摩のカフェを教えて                          -> Okutama, Tokyo, Cafe
  accepted          2  Okutama, Tokyo, Japanにあるカフェ            -> Okutama, Tokyo, Japan, Cafe
  accepted          2  奥多摩 東京 カフェ 一覧                          -> Okutama, Tokyo, Cafe
  deep_gap          0  東京都奥多摩のコーヒーショップ                        -> Okutama, Tokyo, Coffee shops
  accepted          2  Cafes in Okutama, Tokyo, Japan         -> Okutama, Tokyo, Japan, Cafes
  deep_gap          0  coffee shops located in Okutama, Tok   -> Okutama, Tokyo, Japan, Coffe
  accepted          2  Please show me cafes in Okutama, Tok   -> Okutama, Tokyo, Japan, Cafes
  accepted          2  Where can I find cafes in Okutama, T   -> Okutama, Tokyo, Japan, Cafes

### Oslo, Norway / Cafes
  seed concern finds 371; 8 utterances kept of 8 asked for
  accepted        371  オスロのカフェ                                -> Oslo, Cafes
  accepted        371  ノルウェー、オスロにあるカフェを教えて                    -> Oslo, Norway, Cafe
  accepted    !     5  オスロのコーヒーショップ                           -> Oslo, Coffee shops
  accepted        371  ノルウェーのオスロでカフェを探す                       -> Oslo, Norway, Cafe
  accepted        371  Cafes in Oslo, Norway                  -> Oslo, Norway, Cafes
  accepted        371  Show me cafes in Oslo, Norway          -> Oslo, Norway, cafes
  accepted        371  I need to find cafes in Oslo, Norway   -> Oslo, Norway, cafes
  accepted        371  Where are the cafes in Oslo, Norway    -> Oslo, Norway, cafes

### Rome, Lazio, Italy / Cafes
  seed concern finds 2130; 8 utterances kept of 8 asked for
  accepted       2130  ローマのカフェを教えて                            -> Rome, Italy, Cafe
  accepted    !    48  Romeのコーヒーショップ一覧                        -> Rome, Coffee shops
  accepted       2130  イタリアのローマ市内のカフェ施設                       -> Rome, Italy, Cafe
  accepted       2130  Lazio州ローマにあるカフェ探し                      -> Rome, Lazio, Cafe
  accepted       2130  Cafes in Rome, Lazio, Italy            -> Rome, Lazio, Italy, Cafes
  accepted       2130  Find cafes in Rome, Lazio, Italy       -> Rome, Lazio, Italy, cafes
  accepted       2130  I'm looking for cafes in Rome, Lazio   -> Rome, Lazio, Italy, cafes
  accepted       2130  Where can I find cafes in Rome, Lazi   -> Rome, Lazio, Italy, cafes

### Sawara Ward, Fukuoka, Fukuoka Prefecture, Japan / Cafes
  seed concern finds 33; 8 utterances kept of 8 asked for
  invented_name       0  佐原区のコーヒーショップを教えて                       -> 
  invented_name       0  福岡県佐原区内のカフェ一覧を出して                      -> 
  invented_name       0  佐原区にある喫茶店はどこですか？                       -> 
  invented_name       0  佐原区のカフェ探してる                            -> 
  accepted         33  Where are the cafes in Sawara Ward,    -> Sawara Ward, Fukuoka, Fukuok
  accepted         33  Show me cafes in Sawara Ward, Fukuok   -> Sawara Ward, Fukuoka, Fukuok
  accepted         33  Find cafes in Sawara Ward, Fukuoka,    -> Sawara Ward, Fukuoka, Fukuok
  accepted         33  I want to see cafes in Sawara Ward,    -> Sawara Ward, Fukuoka, Fukuok

### Seongbuk-gu, Seoul, South Korea / Cafes
  seed concern finds 120; 8 utterances kept of 8 asked for
  accepted        120  Seongbuk-gu, Seoul, South Korea のカフェ   -> Seongbuk-gu, Seoul, South Ko
  invented_name       0  ソウル成北區のカフェ一覧                           -> 
  invented_name       0  成北區 咖啡                                 -> 
  accepted        120  Seongbuk-gu, Seoul, South Koreaのカフェ教   -> Seongbuk-gu, Seoul, South Ko
  accepted        120  Show me cafes in Seongbuk-gu, Seoul,   -> Seongbuk-gu, Seoul, South Ko
  deep_gap          0  I am looking for coffee shops locate   -> Seongbuk-gu, Seoul, South Ko
  accepted        120  Find all cafes within Seongbuk-gu, S   -> Seongbuk-gu, Seoul, South Ko
  accepted        120  List cafes in Seongbuk-gu, Seoul, So   -> Seongbuk-gu, Seoul, South Ko

### Seya Ward, Yokohama, Kanagawa Prefecture, Japan / Cafes
  seed concern finds 3; 8 utterances kept of 8 asked for
  invented_name       0  相模原市西区の喫茶店を探して                         -> 
  invented_name       0  神奈川県相模原市西区にあるカフェ一覧                     -> 
  wrong_area        0  Seya Ward, Yokohama, Kanagawa Prefec   -> Seya Ward, Yokohama, Kanagaw
  invented_name       0  西区のコーヒーショップを教えて                        -> 
  wrong_area        0  Show me cafes in Seya Ward, Yokohama   -> Seya Ward, Yokohama, Kanagaw
  deep_gap          0  I need a list of coffee shops locate   -> Seya Ward, Yokohama, Kanagaw
  deep_gap          0  Find places to get coffee in Seya Wa   -> Seya Ward, Yokohama, Kanagaw
  wrong_area        0  Please locate cafes in the Seya Ward   -> Seya Ward, Yokohama, Kanagaw

### Shinjuku, Tokyo, Japan / Cafes
  seed concern finds 343; 8 utterances kept of 8 asked for
  accepted        343  Shinjukuのカフェを探しています                    -> Shinjuku, Tokyo, Cafes
  accepted        301  TokyoのShinjukuでコーヒーが飲める場所              -> Shinjuku, Tokyo, Coffee shop
  accepted        343  Shinjuku, Tokyo, Japan のカフェ一覧          -> Shinjuku, Tokyo, Japan, Cafe
  accepted        343  Shinjukuの美味しいカフェを教えて                   -> Shinjuku, Tokyo, Cafes
  no_area_line       0  Shinjuku, Tokyo, Japan                 -> 
  accepted        343  Cafes in Shinjuku, Tokyo, Japan        -> Shinjuku, Tokyo, Japan, Cafe
  accepted        343  Find cafes in Shinjuku, Tokyo, Japan   -> Shinjuku, Tokyo, Japan, Cafe
  accepted        343  Where are the cafes in Shinjuku, Tok   -> Shinjuku, Tokyo, Japan, Cafe

### Songpa-gu, Seoul, South Korea / Cafes
  seed concern finds 150; 8 utterances kept of 8 asked for
  invented_name       0  ソウルソンパク区のコーヒーショップを教えて                  -> 
  accepted        150  ソウル特別市松坡区のcafeを探してる                    -> Songpa-gu, Seoul, Cafe
  accepted        150  松坡区内の喫茶店一覧を出して                         -> Songpa, Seoul, Cafe
  accepted        150  ソウル市松坡区のカフェスポットを調べて                    -> Songpa, Seoul, Cafes
  accepted        150  Where are the cafes in Songpa-gu, Se   -> Songpa-gu, Seoul, South Kore
  accepted        150  Show me cafes located in Songpa-gu,    -> Songpa-gu, Seoul, South Kore
  accepted        150  I want to find cafes in Songpa-gu, S   -> Songpa-gu, Seoul, South Kore
  accepted        150  Find cafes in Songpa-gu, Seoul, Sout   -> Songpa-gu, Seoul, South Kore

### Sumiyoshi Ward, Osaka, Osaka Prefecture, Japan / Cafes
  seed concern finds 21; 8 utterances kept of 8 asked for
  accepted    !     1  住吉区のコーヒー屋さん教えて                         -> Sumiyoshi, Osaka, Coffee sho
  accepted    !     1  Sumiyoshi-ku no koohii-ya oshiete      -> Sumiyoshi-ku, Osaka, Coffee 
  accepted         21  住吉区のカフェ一覧をください                         -> Sumiyoshi, Osaka, Cafe
  accepted         21  住吉区のカフェ探してる                            -> Sumiyoshi, Osaka, Cafe
  accepted         21  Show me all the cafes in Sumiyoshi W   -> Sumiyoshi Ward, Osaka, Osaka
  deep_gap          0  coffee shops in Sumiyoshi Ward, Osak   -> Sumiyoshi Ward, Osaka, Osaka
  accepted    !     1  Please list the places to get coffee   -> Sumiyoshi Ward, Osaka, Coffe
  accepted         21  Find me cafes located in Sumiyoshi W   -> Sumiyoshi Ward, Osaka, Osaka

### Tai Po District, Hong Kong, China / Cafes
  seed concern finds 12; 8 utterances kept of 8 asked for
  invented_name       0  香港大埔区のカフェ                              -> 
  invented_name       0  大埔区にあるコーヒーショップを教えて                     -> 
  invented_name       0  香港・大埔地域の喫茶店リスト                         -> 
  invented_name       0  大埔区のカフェ一覧                              -> 
  accepted         12  Cafes in Tai Po District, Hong Kong,   -> Tai Po District, Hong Kong, 
  deep_gap          0  Show me coffee shops in Tai Po Distr   -> Tai Po District, Hong Kong, 
  accepted         12  I am looking for cafes located in Ta   -> Tai Po District, Hong Kong, 
  accepted         12  Find all cafes in Tai Po District, H   -> Tai Po District, Hong Kong, 

### Tama, Tokyo, Japan / Cafes
  seed concern finds 21; 8 utterances kept of 8 asked for
  accepted         21  Tama, Tokyo, Japanにあるカフェを教えて           -> Tama, Tokyo, Cafe
  accepted         21  多摩のカフェ一覧                               -> Tama, Tokyo, Cafe
  accepted         99  東京都多摩市 飲食店 カフェ                         -> Tama, Tokyo, Restaurants
  accepted         21  Tama, Tokyo, Japan のカフェ                -> Tama, Tokyo, Japan, Cafe
  accepted         21  Find cafes in Tama, Tokyo, Japan       -> Tama, Tokyo, Japan, Cafes
  accepted         42  Show me coffee shops located in Tama   -> Tama, Tokyo, Japan, Coffee s
  accepted         42  Where can I get a cup of coffee in T   -> Tama, Tokyo, Japan, Coffee s
  accepted         42  I am looking for places to have coff   -> Tama, Tokyo, Coffee shops

### Tenpaku Ward, Nagoya, Aichi Prefecture, Japan / Cafes
  seed concern finds 10; 7 utterances kept of 8 asked for
  invented_name       0  名古屋市中川区のカフェを教えて                        -> 
  invented_name       0  愛知県名古屋市中川区でおすすめのカフェはどこ？                -> 
  invented_name       0  中川区のカフェ一覧を出して                          -> 
  invented_name       0  名古屋市中川区にあるカフェを探して                      -> 
  accepted         10  cafes in Tenpaku Ward, Nagoya, Aichi   -> Tenpaku Ward, Nagoya, Aichi 
  accepted         10  Tenpaku Ward, Nagoya, Aichi Prefectu   -> Tenpaku Ward, Nagoya, Aichi 
  accepted         10  cafe Tenpaku Ward, Nagoya, Aichi Pre   -> Tenpaku Ward, Nagoya, Aichi 

### Toulouse, Occitania, France / Cafes
  seed concern finds 200; 8 utterances kept of 8 asked for
  accepted        200  トゥールーズのカフェ教えて                          -> Toulouse, Cafés
  accepted        200  フランス、オクシタニー地方のトゥールーズにあるカフェ施設を探しています。   -> Toulouse, Occitanie, France,
  accepted        200  ToulouseのCafesをリストアップして                -> Toulouse, Cafes
  accepted        200  OccitaniaのToulouseにあるCafesについて知りたいです   -> Toulouse, Occitanie, Cafés
  accepted        200  Find cafes in Toulouse, Occitania, F   -> Toulouse, Occitania, France,
  accepted        200  cafes near Toulouse, Occitania, Fran   -> Toulouse, Occitania, France,
  accepted        200  Show me cafes in Toulouse, Occitania   -> Toulouse, Occitania, France,
  accepted        200  Where are cafes in Toulouse, Occitan   -> Toulouse, Occitania, France,

### Tsurumi Ward, Yokohama, Kanagawa Prefecture, Japan / Cafes
  seed concern finds 7; 4 utterances kept of 8 asked for
  invented_name       0  en                                     -> 
  accepted          7  Cafes in Tsurumi Ward, Yokohama, Kan   -> Tsurumi Ward, Yokohama, Kana
  accepted          7  show me cafes in Tsurumi Ward, Yokoh   -> Tsurumi Ward, Yokohama, Kana
  accepted          7  I am looking for cafes in Tsurumi Wa   -> Tsurumi Ward, Yokohama, Kana

### Urawa Ward, Saitama, Saitama Prefecture, Japan / Cafes
  seed concern finds 37; 8 utterances kept of 8 asked for
  accepted         37  さいたま県浦和区の喫茶店を教えて                       -> Urawa, Saitama, Cafe
  accepted         37  浦和区のカフェ一覧                              -> Urawa, Saitama, Cafe
  accepted          7  埼玉県浦和区内でコーヒーを淹れる店を探している                -> Urawa, Saitama, Coffee shops
  accepted         37  浦和区の喫茶店をマップで表示して                       -> Urawa, Saitama, Cafe
  accepted         37  Find cafes in Urawa Ward, Saitama, S   -> Urawa Ward, Saitama, Saitama
  accepted          7  Where are the coffee shops located i   -> Urawa Ward, Saitama, Saitama
  accepted         37  Show me cafes in Urawa Ward, Saitama   -> Urawa Ward, Saitama, Saitama
  accepted         37  I am looking for cafes in Urawa Ward   -> Urawa Ward, Saitama, Saitama

### Vienna, Austria / Cafes
  seed concern finds 1225; 8 utterances kept of 8 asked for
  accepted       1225  Vienna, Austriaにあるカフェを探して              -> Vienna, Austria, Cafes
  accepted       1225  ウィーンの喫茶店                               -> Vienna, Cafes
  deep_gap          0  AustriaのViennaでコーヒーが飲める場所              -> Vienna, Austria, Coffee shop
  accepted       1225  Vienna, Austria のカフェ一覧                 -> Vienna, Austria, Cafes
  accepted       1225  I'm looking for cafes in Vienna, Aus   -> Vienna, Austria, cafes
  deep_gap          0  Find me some good coffee spots in Vi   -> Vienna, Austria, coffee spot
  deep_gap          0  Where can I get coffee in Vienna, Au   -> Vienna, Austria, coffee
  no_area_line       0  List of cafes in Vienna, Austria.      -> 

### Wong Tai Sin District, Hong Kong, China / Cafes
  seed concern finds 9; 8 utterances kept of 8 asked for
  accepted          9  Wong Tai Sin District, Hong Kong, Ch   -> Wong Tai Sin District, Hong 
  accepted          9  Wong Tai Sin District, Hong Kong, Ch   -> Wong Tai Sin District, Hong 
  accepted          9  Wong Tai Sin District, Hong Kong, Ch   -> Wong Tai Sin District, Hong 
  accepted          9  Wong Tai Sin District, Hong Kong, Ch   -> Wong Tai Sin District, Hong 
  accepted          9  I want to find some cafes in Wong Ta   -> Wong Tai Sin District, Hong 
  accepted          9  Show me cafes located in Wong Tai Si   -> Wong Tai Sin District, Hong 
  accepted          9  Cafes in Wong Tai Sin District, Hong   -> Wong Tai Sin District, Hong 
  accepted          9  Please list cafes for Wong Tai Sin D   -> Wong Tai Sin District, Hong 

### Yodogawa Ward, Osaka, Osaka Prefecture, Japan / Cafes
  seed concern finds 93; 8 utterances kept of 8 asked for
  accepted         93  淀川区のカフェを教えてください                        -> Yodogawa, Osaka, Cafe
  accepted         93  大阪府大阪市淀川区にあるカフェ検索                      -> Yodogawa, Osaka, Cafe
  accepted    !     2  淀川区で美味しいコーヒーが飲める場所を知りたい                -> Yodogawa, Osaka, Coffee shop
  accepted         93  淀川区のカフェ一覧を出して                          -> Yodogawa, Osaka, Cafe
  accepted         93  Show me cafes in Yodogawa Ward, Osak   -> Yodogawa Ward, Osaka, Osaka 
  accepted         93  cafes Yodogawa Ward, Osaka, Osaka Pr   -> Yodogawa Ward, Osaka, Osaka 
  accepted         93  Can you find cafes located in Yodoga   -> Yodogawa Ward, Osaka, Osaka 
  accepted         93  I am looking for cafes in Yodogawa W   -> Yodogawa Ward, Osaka, Osaka 

### Asahi Ward, Yokohama, Kanagawa Prefecture, Japan / Camp Sites
  seed concern finds 0; 8 utterances kept of 8 asked for
  wrong_area        0  旭区のキャンプ場を教えて                           -> Asahi, Chiba, Campgrounds
  wrong_area        0  神奈川県横浜市旭区にあるキャンプ施設一覧                   -> Asahi-ku, Yokohama, Kanagawa
  wrong_area        0  旭区のキャンプ場をマップで表示して                      -> Asahi, Chiba, Campgrounds
  wrong_area        0  横浜市旭区内のキャンプ場はどこですか？                    -> Asahi, Yokohama, Campgrounds
  zero_results       0  Find camp sites in Asahi Ward, Yokoh   -> Asahi Ward, Yokohama, Kanaga
  zero_results       0  Show me camp sites near Asahi Ward,    -> Asahi Ward, Yokohama, Kanaga
  zero_results       0  Where can I find camp sites in Asahi   -> Asahi Ward, Yokohama, Kanaga
  zero_results       0  List camp sites in Asahi Ward, Yokoh   -> Asahi Ward, Yokohama, Kanaga

### Futian District, Shenzhen, Guangdong Province, China / Camp Sites
  seed concern finds 1; 8 utterances kept of 8 asked for
  deep_gap          0  福田区のキャンプ場を探しています                       -> Futian, Shenzhen, Campsites
  deep_gap          0  深圳・福田区でキャンプできる場所はどこですか？                -> Futian, Shenzhen, Camping si
  deep_gap          0  広東省深圳福田区のキャンプ場一覧を見せて                   -> Futian District, Shenzhen, G
  deep_gap          0  福田区内のキャンプ場をマップに表示して                    -> Futian District, Shenzhen, C
  accepted          1  camp sites in Futian District, Shenz   -> Futian District, Shenzhen, G
  accepted          1  where can I find camp sites in Futia   -> Futian District, Shenzhen, G
  accepted          1  Please list camp sites in Futian Dis   -> Futian District, Shenzhen, G
  accepted          1  Show me camp sites in Futian Distric   -> Futian District, Shenzhen, G

### Kita Ward, Niigata, Niigata Prefecture, Japan / Camp Sites
  seed concern finds 1; 8 utterances kept of 8 asked for
  wrong_area        0  新潟県新潟市北区のキャンプ場を教えて                     -> Nishi-ku, Niigata, Niigata, 
  wrong_area        0  北区にあるキャンプ場を調べて                         -> Kita, Tokyo, Campgrounds
  deep_gap          0  新潟市北区のキャンプ場は？                          -> Kita-ku, Niigata, Campground
  wrong_area        0  新潟県新潟市北区のキャンプ場を検索して                    -> Kita-ku, Niigata, Niigata, C
  accepted          1  Where are the camp sites located in    -> Kita Ward, Niigata, Niigata 
  accepted          1  Show me camp sites in Kita Ward, Nii   -> Kita Ward, Niigata, Niigata 
  accepted          1  I'm looking for camp sites in Kita W   -> Kita Ward, Niigata, Niigata 
  accepted          1  List all camp sites in Kita Ward, Ni   -> Kita Ward, Niigata, Niigata 

### Pristina, Municipality of Pristina, District of Pristina, Kosovo / Camp Sites
  seed concern finds 1; 8 utterances kept of 8 asked for
  deep_gap          0  Pristina, Municipality of Pristina,    -> Pristina, Municipality of Pr
  deep_gap          0  Pristina, Municipality of Pristina,    -> Pristina, Municipality of Pr
  deep_gap          0  Pristina, Municipality of Pristina,    -> Pristina, Municipality of Pr
  deep_gap          0  Pristina, Municipality of Pristina,    -> Pristina, Municipality of Pr
  wrong_area        0  Find camp sites in Pristina, Municip   -> Municipality of Pristina, Di
  wrong_area        0  I need camp sites in Pristina, Munic   -> Municipality of Pristina, Di
  accepted          1  Show me camp sites in Pristina, Muni   -> Pristina, Municipality of Pr
  accepted          1  Can you find camp sites in Pristina,   -> Pristina, Municipality of Pr

### Chuo Ward, Fukuoka, Fukuoka Prefecture, Japan / Car Rental
  seed concern finds 6; 6 utterances kept of 8 asked for
  wrong_area        0  中央区にあるレンタカー店を教えて                       -> Chuo, Tokyo, Car rental shop
  deep_gap          0  福岡県福岡市中央区のレンタカー情報                      -> Chuo, Fukuoka, Fukuoka Prefe
  invented_name       0  Chuo Ward, Fukuokaのレンタカー探してる           -> 
  deep_gap          0  福岡中央区のレンタカーショップ一覧                      -> Chuo, Fukuoka, Car rental sh
  invented_name       0  Where can I rent a car in Chuo Ward,   -> 
  invented_name       0  Car rental locations in Chuo Ward, F   -> 

### Gangseo-gu, Seoul, South Korea / Car Rental
  seed concern finds 2; 8 utterances kept of 8 asked for
  deep_gap          0  서울 강서구에서 렌터카 대여 가능한 곳 알려줘              -> Gangseo-gu, Seoul, Car renta
  accepted          2  Gangseo-gu, Seoul의 Car Rental 지도 보여줘   -> Gangseo-gu, Seoul, Car Renta
  deep_gap          0  강서구 렌터카 업체 위치 확인해 줘                    -> Gangseo District, Car rental
  accepted          2  서울 Gangseo-gu Car Rental 찾아줘           -> Gangseo-gu, Seoul, Car Renta
  accepted          2  car rental in Gangseo-gu, Seoul, Sou   -> Gangseo-gu, Seoul, South Kor
  accepted          2  Where can I rent a car in Gangseo-gu   -> Gangseo-gu, Seoul, South Kor
  accepted          2  Show me car rental locations in Gang   -> Gangseo-gu, Seoul, South Kor
  accepted          2  Find car rental agencies in Gangseo-   -> Gangseo-gu, Seoul, South Kor

### Kanagawa Ward, Yokohama, Kanagawa Prefecture, Japan / Car Rental
  seed concern finds 3; 8 utterances kept of 8 asked for
  accepted         11  Kanagawa Ward, Yokohama, Kanagawa Pr   -> Kanagawa Ward, Yokohama, Kan
  wrong_area        0  神奈川県横浜市中区のカ租赁店を教えて。                    -> Naka, Yokohama, Kanagawa, Ca
  accepted          3  Can you show me car rental options i   -> Kanagawa Ward, Yokohama, Kan
  wrong_area        0  Kanagawa Ward, Yokohama, Kanagawa Pr   -> Kanagawa Ward, Yokohama, Kan
  accepted          3  Can you show me car rental options i   -> Kanagawa Ward, Yokohama, Kan
  accepted          3  I need a place for car rental in Kan   -> Kanagawa Ward, Yokohama, Kan
  accepted          3  Where can I rent a car in Kanagawa W   -> Kanagawa Ward, Yokohama, Kan
  accepted          3  List car rental services in Kanagawa   -> Kanagawa Ward, Yokohama, Kan

### Seongdong-gu, Seoul, South Korea / Car Rental
  seed concern finds 1; 8 utterances kept of 8 asked for
  accepted         51  Seongdong-gu, Seoul, South Korea のレン   -> Seongdong-gu, Seoul, South K
  invented_name       0  ソウル成東区のレンタカー                           -> 
  accepted          1  Seongdong-gu, Seoul, South Korea におけ   -> Seongdong-gu, Seoul, South K
  invented_name       0  ソウル特別市成東区でレンタカーを借りるには？                 -> 
  accepted          1  Where can I rent a car in Seongdong-   -> Seongdong-gu, Seoul, South K
  accepted          1  Show me car rental options in Seongd   -> Seongdong-gu, Seoul, South K
  accepted          1  I need a car rental in Seongdong-gu,   -> Seongdong-gu, Seoul, South K
  accepted          1  Find car rental agencies in Seongdon   -> Seongdong-gu, Seoul, South K

### Kita Ward, Niigata, Niigata Prefecture, Japan / Caravan Sites
  seed concern finds 0; 8 utterances kept of 8 asked for
  wrong_area        0  新潟県新潟市北区のカーヴァンサイトを知りたい                 -> Kita-ku, Niigata, Niigata, C
  wrong_area        0  北区内にあるカーヴァンサイトの場所教えて                   -> Kita, Tokyo, Camp sites
  zero_results       0  新潟市北区でカーヴァンサイトを探している                   -> Kita-ku, Niigata, Caravan si
  zero_results       0  新潟 北区 カーヴァンサイト 一覧                      -> Kita-ku, Niigata, Caravan si
  wrong_area        0  Caravan Sites in Kita Ward             -> Kita Ward, Caravan Sites
  zero_results       0  Where are the caravan sites in Kita    -> Kita Ward, Niigata, Caravan 
  zero_results       0  I need to find caravan sites in Kita   -> Kita Ward, Niigata, Niigata 
  zero_results       0  Please show me caravan sites in Kita   -> Kita Ward, Niigata, Niigata 

### Yongsan-gu, Seoul, South Korea / Caravan Sites
  seed concern finds 1; 8 utterances kept of 8 asked for
  accepted          1  龍山区のキャランバンサイトを探しています                   -> Yongsan, Seoul, Caravan site
  accepted          1  Seoul Yongsan-gu caravan sites         -> Yongsan-gu, Seoul, caravan s
  no_area_line       0  龍山区 ソウル キャランバンサイト 所在地                  -> 
  deep_gap          0  龍山区のキャンピングカーサイトが知りたい                   -> Yongsan-gu, Seoul, Camping c
  no_area_line       0  Yongsan-gu, Seoul, South Korea         -> 
  no_area_line       0  Search for Yongsan-gu, Seoul, South    -> 
  no_area_line       0  Show me Yongsan-gu, Seoul, South Kor   -> 
  no_area_line       0  I want to find Yongsan-gu, Seoul, So   -> 

### Jung-gu, Seoul, South Korea / Casinos
  seed concern finds 1; 8 utterances kept of 8 asked for
  accepted          1  ソウル中区のカジノを探して                          -> Jung-gu, Seoul, Casinos
  accepted          1  Jung-gu, Seoul, South Korea のカジノ       -> Jung-gu, Seoul, South Korea,
  accepted          1  ソウル中区にあるカジノを教えてください                    -> Jung-gu, Seoul, Casinos
  deep_gap          0  Jung-gu, Seoul, South Korea のカジノ施設     -> Jung-gu, Seoul, South Korea,
  accepted          1  Where are the casinos in Jung-gu, Se   -> Jung-gu, Seoul, South Korea,
  no_area_line       0  Show me Jung-gu, Seoul, South Korea    -> 
  accepted          1  I want to find casinos in Jung-gu, S   -> Jung-gu, Seoul, South Korea,
  accepted          1  Casinos in Jung-gu, Seoul, South Kor   -> Jung-gu, Seoul, South Korea,

### Fushimi Ward, Kyoto, Kyoto Prefecture, Japan / Castles
  seed concern finds 0; 8 utterances kept of 8 asked for
  zero_results       0  伏見区の城を教えてください                          -> Fushimi, Kyoto, Castles
  zero_results       0  京都府京都市伏見区にあるお城を探してる                    -> Fushimi, Kyoto, Castles
  zero_results       0  伏見区の城郭について教えて                          -> Fushimi, Kyoto, Castles
  zero_results       0  伏見区 城                                  -> Fushimi, Kyoto, Castles
  zero_results       0  Where are the castles in Fushimi War   -> Fushimi Ward, Kyoto, Castles
  zero_results       0  Show me castles in Fushimi Ward, Kyo   -> Fushimi Ward, Kyoto, Kyoto P
  zero_results       0  I need to find castles in Fushimi Wa   -> Fushimi Ward, Kyoto, Kyoto P
  zero_results       0  Please map out castles in Fushimi Wa   -> Fushimi Ward, Kyoto, Kyoto P

### Japan / Castles
  seed concern finds 0; 8 utterances kept of 8 asked for
  no_area_line       0  日本にある城を教えて                             -> 
  no_area_line       0  日本の城の一覧をください                           -> 
  accepted        738  日本境内の城址はどこですか                          -> Japan, Castle ruins
  zero_results       0  日本の城を探して                               -> Japan, Castles
  zero_results       0  Where can I find castles in Japan?     -> Japan, Castles
  no_area_line       0  List of castles located in Japan       -> 
  zero_results       0  Show me the castles in Japan.          -> Japan, Castles
  zero_results       0  I want to see castles in Japan.        -> Japan, Castles

### Tokyo, Japan / Castles
  seed concern finds 0; 4 utterances kept of 8 asked for
  zero_results       0  Can you show me castles in Tokyo, Ja   -> Tokyo, Japan, Castles
  zero_results       0  Where are the castles in Tokyo, Japa   -> Tokyo, Japan, Castles
  zero_results       0  Show castles in Tokyo, Japan on the    -> Tokyo, Japan, Castles
  zero_results       0  I am looking for castles in Tokyo, J   -> Tokyo, Japan, Castles

### Chuo, Kobe, Hyogo Prefecture, Japan / Chinese restaurants
  seed concern finds 84; 8 utterances kept of 8 asked for
  deep_gap          0  兵庫県神戸市中央区にある中華料理店を教えて                  -> Chuo, Kobe, Hyogo, Chinese r
  accepted        539  神戸市中央区の中華レストラン一覧                       -> Chuo, Kobe, Chinese restaura
  wrong_area        0  中央区 中華 飲食店                             -> Chūō, Tokyo, Chinese restaur
  accepted        141  兵庫県神戸市中央区 中華料理                         -> Chuo, Kobe, Hyogo, Chinese r
  deep_gap          0  Where can I find Chinese restaurants   -> Chuo, Kobe, Hyogo Prefecture
  deep_gap          0  Show me all Chinese restaurants in t   -> Chuo, Kobe, Hyogo Prefecture
  deep_gap          0  Looking for Chinese restaurants in C   -> Chuo, Kobe, Hyogo Prefecture
  deep_gap          0  Find Chinese restaurants in Chuo, Ko   -> Chuo, Kobe, Hyogo Prefecture

### Eunpyeong-gu, Seoul, South Korea / Chinese restaurants
  seed concern finds 753; 8 utterances kept of 8 asked for
  accepted        753  ソウルの恩平区にある中華料理店を教えて。                   -> Eunpyeong-gu, Seoul, Chinese
  wrong_area        0  恩平区 中華                                 -> Enping District, Chinese res
  accepted        753  ソウル特別市恩平区で美味しい中華料理が食べられるお店はどこですか？      -> Eunpyeong-gu, Seoul, Chinese
  wrong_area        0  恩平区の中華レストラン一覧を出して。                     -> Enping District, Chinese res
  accepted        753  Find Chinese restaurants in Eunpyeon   -> Eunpyeong-gu, Chinese restau
  accepted        753  Where can I eat Chinese food in Eunp   -> Eunpyeong-gu, Seoul, Chinese
  accepted        753  List of Chinese restaurants in Eunpy   -> Eunpyeong-gu, Seoul, Chinese
  accepted        753  Search for Chinese restaurants near    -> Eunpyeong-gu, Seoul, South K

### Gangseo-gu, Seoul, South Korea / Chinese restaurants
  seed concern finds 124; 8 utterances kept of 8 asked for
  accepted        124  Gangseo-gu, Seoul, South Koreaにある中華レ   -> Gangseo-gu, Seoul, Chinese r
  accepted        124  Gangseo-gu, Seoul, South Koreaの中華料理店   -> Gangseo-gu, Seoul, South Kor
  accepted        124  Gangseo-gu, Seoul, South Koreaにある中華レ   -> Gangseo-gu, Seoul, South Kor
  accepted        124  Gangseo-gu, Seoul, South Koreaで中華レスト   -> Gangseo-gu, Seoul, South Kor
  accepted        124  Show me Chinese restaurants in Gangs   -> Gangseo-gu, Chinese restaura
  accepted        124  Find Chinese restaurants near Gangse   -> Gangseo-gu, Seoul, Chinese r
  accepted        124  List all Chinese restaurants in Gang   -> Gangseo-gu, Chinese restaura
  accepted        124  Where can I eat Chinese food in Gang   -> Gangseo-gu, Chinese restaura

### Hakata Ward, Fukuoka, Fukuoka Prefecture, Japan / Chinese restaurants
  seed concern finds 7; 8 utterances kept of 8 asked for
  wrong_area        0  福岡県福岡市博多区の中華料理店を探しています                 -> Hakata, Fukuoka City, Fukuok
  accepted        301  博多の中華はどこ？                              -> Hakata, Fukuoka, Chinese res
  accepted        301  博多 中華                                  -> Hakata, Fukuoka, Chinese res
  accepted        301  福岡市博多区で美味しい中華ランチできる店教えて                -> Hakata, Fukuoka, Chinese res
  accepted          7  Find Chinese restaurants in Hakata W   -> Hakata Ward, Fukuoka, Fukuok
  accepted        301  Where are Chinese restaurants in Hak   -> Hakata, Fukuoka, Chinese res
  accepted        301  Search for Chinese restaurants in Ha   -> Hakata, Fukuoka, Chinese res
  accepted          7  Show me Chinese restaurants in Hakat   -> Hakata Ward, Fukuoka, Fukuok

### Kanagawa Ward, Yokohama, Kanagawa Prefecture, Japan / Chinese restaurants
  seed concern finds 20; 8 utterances kept of 8 asked for
  wrong_area        0  神奈川県横浜市の中華料理店を教えて                      -> Yokohama, Kanagawa Prefectur
  accepted        131  Kanagawa-ku, Yokohama-shi ni Aru Chu   -> Kanagawa-ku, Yokohama, Chine
  accepted        131  神奈川区の中華食堂はどこ？                          -> Kanagawa-ku, Yokohama, Chine
  accepted        131  Kanagawa-ku no Chuka Ryouri-ya, Oshi   -> Kanagawa-ku, Yokohama, Chine
  wrong_area        0  Find Chinese restaurants in Kanagawa   -> Kanagawa Ward, Yokohama, Kan
  wrong_area        0  Where can I eat Chinese food in Kana   -> Kanagawa Ward, Yokohama, Kan
  wrong_area        0  Show me all the Chinese restaurants    -> Kanagawa Ward, Yokohama, Kan
  wrong_area        0  I need a list of Chinese restaurants   -> Kanagawa Ward, Yokohama, Kan

### Nakagawa Ward, Nagoya, Aichi Prefecture, Japan / Chinese restaurants
  seed concern finds 185; 8 utterances kept of 8 asked for
  invented_name       0  名古屋市中区の中華料理店を教えて                       -> 
  invented_name       0  愛知県名古屋市中区で美味しい中華レストランはどこ？              -> 
  invented_name       0  中区の中華料理店一覧を出して                         -> 
  invented_name       0  名古屋市中区にある中華料理店のマップ表示                   -> 
  accepted        152  Chinese restaurants in Nakagawa Ward   -> Nakagawa Ward, Nagoya, Chine
  deep_gap          0  Where can I find Chinese restaurants   -> Nakagawa, Nagoya, Aichi Pref
  wrong_area        0  Show me Chinese restaurants located    -> Nakagawa Ward, Chinese resta
  deep_gap          0  I am looking for Chinese restaurants   -> Nakagawa, Nagoya, Aichi Pref

### Pingshan District, Shenzhen, Guangdong Province, China / Chinese restaurants
  seed concern finds 132; 8 utterances kept of 8 asked for
  accepted        583  深圳の坪山区にある中華料理店を教えて                     -> Pingshan, Shenzhen, Chinese 
  wrong_area        0  Guangdong省ShenzhenのPingshan District   -> Pingshan District, Shenzhen,
  accepted    !     5  ShenzhenのPingshan Districtエリアにある中華料理   -> Pingshan District, Shenzhen,
  accepted        132  Pingshan District, Shenzhen, Guangdo   -> Pingshan District, Shenzhen,
  accepted        132  Show me all Chinese restaurants in P   -> Pingshan District, Shenzhen,
  accepted        132  I need a list of Chinese restaurants   -> Pingshan District, Shenzhen,
  accepted        132  Find Chinese restaurants in Pingshan   -> Pingshan District, Shenzhen,
  accepted        132  Where are the Chinese restaurants in   -> Pingshan District, Shenzhen,

### Seongbuk-gu, Seoul, South Korea / Chinese restaurants
  seed concern finds 436; 8 utterances kept of 8 asked for
  accepted        436  Seongbuk-gu, Seoul, South Korea にある中   -> Seongbuk-gu, Seoul, South Ko
  accepted        436  Seongbuk-gu, Seoul, South Korea 内の中国   -> Seongbuk-gu, Seoul, South Ko
  accepted        436  Seongbuk-gu, Seoul, South Korea の中国料   -> Seongbuk-gu, Seoul, South Ko
  accepted        436  Seongbuk-gu, Seoul, South Korea に中国料   -> Seongbuk-gu, Seoul, South Ko
  accepted        436  I need to find Chinese restaurants i   -> Seongbuk-gu, Seoul, South Ko
  accepted        436  Show me spots for Chinese restaurant   -> Seongbuk-gu, Seoul, South Ko
  accepted        436  Where can I get Chinese restaurants    -> Seongbuk-gu, Seoul, South Ko
  accepted        436  Please list Chinese restaurants in S   -> Seongbuk-gu, Seoul, South Ko

### Yeongdeungpo-gu, Seoul, South Korea / Chinese restaurants
  seed concern finds 584; 8 utterances kept of 8 asked for
  accepted        584  永登浦区の中華料理店を教えて                         -> Yeongdeungpo, Seoul, Chinese
  accepted        584  ソウル永登浦区にある中華料理は？                       -> Yeongdeungpo, Seoul, Chinese
  accepted    !    11  永登浦区、ソウル、韓国エリアの中華レストラン一覧               -> Yeongdeungpo, Seoul, South K
  accepted        584  永登浦区 中華料理 検索                           -> Yeongdeungpo, Seoul, Chinese
  accepted        584  Where can I find Chinese restaurants   -> Yeongdeungpo-gu, Seoul, Sout
  accepted        584  Search for Chinese restaurants in Ye   -> Yeongdeungpo-gu, Seoul, Sout
  accepted        584  Chinese restaurants in Yeongdeungpo-   -> Yeongdeungpo-gu, Seoul, Sout
  accepted        584  List Chinese restaurants in Yeongdeu   -> Yeongdeungpo-gu, Seoul, Sout

### Asahi Ward, Osaka, Osaka Prefecture, Japan / Churches
  seed concern finds 31; 8 utterances kept of 8 asked for
  no_area_line       0  Asahi Ward, Osaka, Osaka Prefecture,   -> 
  deep_gap          0  Asahi Ward, Osaka, Osaka Prefecture,   -> Asahi, Osaka, Churches
  deep_gap          0  大阪府大阪市旭区にある教会を探索して                     -> Asahi, Osaka, Churches
  deep_gap          0  旭区 大阪 教会                               -> Asahi, Osaka, Churches
  no_area_line       0  Asahi Ward, Osaka, Osaka Prefecture,   -> 
  no_area_line       0  Show me Asahi Ward, Osaka, Osaka Pre   -> 
  no_area_line       0  I am looking for Asahi Ward, Osaka,    -> 
  no_area_line       0  Can you find Asahi Ward, Osaka, Osak   -> 

### Chofu, Tokyo, Japan / Churches
  seed concern finds 13; 8 utterances kept of 8 asked for
  accepted         13  Chofu, Tokyo, Japan にある教会を教えて          -> Chofu, Tokyo, Churches
  accepted         13  Chofu, Tokyo, Japan の教会一覧              -> Chofu, Tokyo, Churches
  accepted         13  Chofu, Tokyo, Japan にある教会は？            -> Chofu, Tokyo, Churches
  accepted         13  Chofu, Tokyo, Japan の教会を探して            -> Chofu, Tokyo, Churches
  accepted         13  Show me all the churches in Chofu, T   -> Chofu, Tokyo, Churches
  accepted         13  I need the locations of churches in    -> Chofu, Tokyo, Churches
  accepted         13  Where are the churches located in Ch   -> Chofu, Tokyo, Churches
  accepted         13  Map: churches in Chofu, Tokyo, Japan   -> Chofu, Tokyo, Japan, Churche

### Chuo, Kobe, Hyogo Prefecture, Japan / Churches
  seed concern finds 18; 8 utterances kept of 8 asked for
  deep_gap          0  兵庫県神戸市中央区にある教会を教えて。                    -> Chuo, Kobe, Hyogo, Churches
  accepted         47  神戸中央区の教会一覧を出して。                        -> Chuo, Kobe, Churches
  deep_gap          0  Chuo, Kobe, Hyogo Prefecture, Japanの   -> Chuo, Kobe, Hyogo Prefecture
  accepted         47  兵庫県神戸市中央区の教会を探索して。                     -> Chuo Ward, Kobe, Churches
  accepted        267  Show churches in Chuo, Kobe, Hyogo P   -> Chuo, Kobe, Hyogo Prefecture
  deep_gap          0  I need to find churches located in C   -> Chuo, Kobe, Hyogo Prefecture
  accepted        267  List all churches in the Chuo, Kobe,   -> Chuo, Kobe, Hyogo Prefecture
  deep_gap          0  Please search for churches within Ch   -> Chuo, Kobe, Hyogo Prefecture

### Dongjak-gu, Seoul, South Korea / Churches
  seed concern finds 62; 8 utterances kept of 8 asked for
  invented_name       0  東傑区にある教会を教えて                           -> 
  invented_name       0  ソウル東傑区の教会一覧                            -> 
  invented_name       0  東傑区 教会                                 -> 
  invented_name       0  ソウルの東傑区にある教会はどこですか？                    -> 
  accepted         62  Churches in Dongjak-gu, Seoul, South   -> Dongjak-gu, Seoul, South Kor
  accepted         62  Find all churches located in Dongjak   -> Dongjak-gu, Seoul, South Kor
  accepted         62  Show me the churches in Dongjak-gu,    -> Dongjak-gu, Seoul, South Kor
  accepted         62  Where are the churches in Dongjak-gu   -> Dongjak-gu, Seoul, South Kor

### Fushimi Ward, Kyoto, Kyoto Prefecture, Japan / Churches
  seed concern finds 67; 8 utterances kept of 8 asked for
  accepted        123  伏見区の教会を教えて                             -> Fushimi, Kyoto, Churches
  accepted        123  京都府京都市伏見区にある教会のリストを表示してください            -> Fushimi, Kyoto, Churches
  accepted        123  伏見区 教会                                 -> Fushimi, Kyoto, Churches
  accepted        123  京都市伏見区の教会施設を探しています                     -> Fushimi, Kyoto, Churches
  accepted        123  Please show me all the churches in F   -> Fushimi Ward, Kyoto, Churche
  deep_gap          0  I need to find churches located in F   -> Fushimi Ward, Kyoto, Kyoto P
  accepted        920  Search for churches in Fushimi Ward,   -> Fushimi Ward, Kyoto, Kyoto P
  accepted        920  Show churches in Fushimi Ward, Kyoto   -> Fushimi Ward, Kyoto, Kyoto P

### Gangnam-gu, Seoul, South Korea / Churches
  seed concern finds 70; 8 utterances kept of 8 asked for
  accepted         53  ソウル江南区の教会一覧                            -> Gangnam-gu, Seoul, Churches
  wrong_area        0  江南区にある教会を教えてください                       -> Jiangnan District, Churches
  accepted         53  ソウル江南区の教会はどこですか                        -> Gangnam-gu, Seoul, Churches
  wrong_area        0  江南区の教会スポットを探しています                      -> Konna, Aichi, Churches
  accepted         70  Show me all the churches in Gangnam-   -> Gangnam-gu, Seoul, South Kor
  accepted         70  Where are the churches in Gangnam-gu   -> Gangnam-gu, Seoul, South Kor
  accepted         53  I need a list of churches located in   -> Gangnam-gu, Seoul, South Kor
  accepted         70  Find churches in Gangnam-gu, Seoul,    -> Gangnam-gu, Seoul, South Kor

### Gwanak-gu, Seoul, South Korea / Churches
  seed concern finds 86; 8 utterances kept of 8 asked for
  accepted         86  Gwanak-gu, Seoul, South Koreaにある教会を教   -> Gwanak-gu, Seoul, South Kore
  accepted         86  Gwanak-gu, Seoul, South Koreaの教会一覧を出   -> Gwanak-gu, Seoul, South Kore
  accepted         86  Gwanak-gu, Seoul, South Koreaの教会を検索し   -> Gwanak-gu, Seoul, South Kore
  accepted         86  Gwanak-gu, Seoul, South Koreaに教会はある？   -> Gwanak-gu, Seoul, South Kore
  accepted         86  Show me churches in Gwanak-gu, Seoul   -> Gwanak-gu, Seoul, South Kore
  accepted         86  Where are the churches located in Gw   -> Gwanak-gu, Seoul, South Kore
  accepted         86  List all churches in Gwanak-gu, Seou   -> Gwanak-gu, Seoul, South Kore
  accepted         86  I want to find churches in Gwanak-gu   -> Gwanak-gu, Seoul, South Kore

### Hamura, Tokyo, Japan / Churches
  seed concern finds 5; 8 utterances kept of 8 asked for
  accepted          5  Hamura, Tokyo, Japanにある教会を教えて          -> Hamura, Tokyo, Churches
  invented_name       0  東京武蔵村山市の教会一覧は？                         -> 
  accepted          5  Hamura, Tokyo, Japanの教会を検索             -> Hamura, Tokyo, Churches
  invented_name       0  東京都武蔵村山市の教会を教えてください                    -> 
  accepted          5  Where are the churches in Hamura, To   -> Hamura, Tokyo, Churches
  accepted          5  I need directions to churches in Ham   -> Hamura, Tokyo, Churches
  accepted          5  Show me churches located in Hamura,    -> Hamura, Tokyo, Churches
  accepted          5  List all churches in Hamura, Tokyo,    -> Hamura, Tokyo, Churches

### Hodogaya Ward, Yokohama, Kanagawa Prefecture, Japan / Churches
  seed concern finds 7; 8 utterances kept of 8 asked for
  invented_name       0  横浜市保土ケ谷区の教会を教えてください                    -> 
  invented_name       0  神奈川県横浜市中区にある教会リスト                      -> 
  invented_name       0  保土ケ谷区 教会 一覧                            -> 
  invented_name       0  横浜市保土ケ谷区で教会を探す                         -> 
  wrong_area        0  Where can I find churches in Hodogay   -> Hodogaya, Yokohama, Kanagawa
  accepted          7  I need the locations of all churches   -> Hodogaya Ward, Yokohama, Kan
  accepted          7  Please show me a map of Hodogaya War   -> Hodogaya Ward, Yokohama, Kan
  accepted          7  List the churches in Hodogaya Ward,    -> Hodogaya Ward, Yokohama, Kan

### Jung-gu, Seoul, South Korea / Churches
  seed concern finds 40; 7 utterances kept of 8 asked for
  accepted         14  서울 중구에 있는 교회들을 찾아줘                     -> Jung-gu, Seoul, Churches
  accepted         40  Jung-gu, Seoul, South Koreaにある教会       -> Jung-gu, Seoul, South Korea,
  wrong_area        0  중구 교회 위치 알려줘                           -> Jung-gu, Churches
  accepted         40  Please show me the churches in Jung-   -> Jung-gu, Seoul, South Korea,
  accepted         40  Where are the churches in Jung-gu, S   -> Jung-gu, Seoul, South Korea,
  accepted         40  Show me all churches in Jung-gu, Seo   -> Jung-gu, Seoul, South Korea,
  accepted         40  Can you list the churches in Jung-gu   -> Jung-gu, Seoul, South Korea,

### Kanazawa Ward, Yokohama, Kanagawa Prefecture, Japan / Churches
  seed concern finds 1; 8 utterances kept of 8 asked for
  accepted         32  金沢区の教会を教えて                             -> Kanazawa, Yokohama, Churches
  wrong_area        0  神奈川県横浜市金沢区内の教会を探しています                  -> Kanazawa-ku, Yokohama, Kanag
  accepted         32  金沢区の教会一覧を出して                           -> Kanazawa, Yokohama, Churches
  accepted         32  金沢区の教会はどこにありますか                        -> Kanazawa, Yokohama, Churches
  wrong_area        0  Show me all the churches in Kanazawa   -> Kanazawa Ward, Yokohama, Kan
  wrong_area        0  Can you list the churches located in   -> Kanazawa Ward, Yokohama, Kan
  wrong_area        0  I need to find churches in Kanazawa    -> Kanazawa Ward, Yokohama, Kan
  accepted          1  Please map out the churches in Kanaz   -> Kanazawa Ward, Yokohama, Kan

### Kita Ward, Saitama, Saitama Prefecture, Japan / Churches
  seed concern finds 1; 8 utterances kept of 8 asked for
  accepted         14  さいたま市北区の教会を教えて                         -> Kita, Saitama, Churches
  deep_gap          0  埼玉県さいたま市北区にある教会を検索して                   -> Kita, Saitama, Saitama, Chur
  wrong_area        0  北区の教会一覧を表示                             -> Kita, Tokyo, Churches
  accepted         14  さいたま市北区 教会                             -> Kita, Saitama, Churches
  accepted          1  Churches in Kita Ward, Saitama, Sait   -> Kita Ward, Saitama, Saitama 
  accepted          1  Where are the churches located in Ki   -> Kita Ward, Saitama, Saitama 
  accepted          1  Show me churches in Kita Ward, Saita   -> Kita Ward, Saitama, Saitama 
  accepted          1  Find all churches in the Kita Ward,    -> Kita Ward, Saitama, Saitama 

### Kowloon City District, Hong Kong, China / Churches
  seed concern finds 43; 8 utterances kept of 8 asked for
  accepted         43  Kowloon City District, Hong Kong, Ch   -> Kowloon City District, Hong 
  invented_name       0  ホンコン九龍城区の教会一覧を出して                      -> 
  accepted         43  Kowloon City District, Hong Kong, Ch   -> Kowloon City District, Hong 
  invented_name       0  九龍城区にあるキリスト教の教会を探して                    -> 
  accepted         43  Show me churches in Kowloon City Dis   -> Kowloon City District, Hong 
  accepted         43  Where are the churches located in Ko   -> Kowloon City District, Hong 
  accepted         19  I need to find churches in Kowloon C   -> Kowloon City District, Hong 
  accepted         43  List all churches in Kowloon City Di   -> Kowloon City District, Churc

### Meguro, Tokyo, Japan / Churches
  seed concern finds 8; 8 utterances kept of 8 asked for
  accepted          8  目黒区の教会を教えて                             -> Meguro, Tokyo, Churches
  accepted          8  東京・目黒にある教会を地図で表示して                     -> Meguro, Tokyo, Churches
  accepted          8  目黒 教会 検索                               -> Meguro, Tokyo, Churches
  accepted          8  東京都目黒区の教会施設を探して                        -> Meguro, Tokyo, Churches
  accepted          8  Where are the churches in Meguro, To   -> Meguro, Tokyo, Churches
  accepted          8  Find churches in Meguro, Tokyo, Japa   -> Meguro, Tokyo, Churches
  accepted          8  Show me all churches in Meguro, Toky   -> Meguro, Tokyo, Japan, Church
  accepted          8  I am looking for churches in Meguro,   -> Meguro, Tokyo, Churches

### Minato Ward, Osaka, Osaka Prefecture, Japan / Churches
  seed concern finds 2; 4 utterances kept of 8 asked for
  accepted          2  I need to find the churches located    -> Minato Ward, Osaka, Osaka Pr
  accepted          2  Show me all the churches in Minato W   -> Minato Ward, Osaka, Osaka Pr
  accepted          2  Where are the churches in Minato War   -> Minato Ward, Osaka, Churches
  accepted          2  Please locate churches in Minato War   -> Minato Ward, Osaka, Osaka Pr

### Miyakojima Ward, Osaka, Osaka Prefecture, Japan / Churches
  seed concern finds 2; 8 utterances kept of 8 asked for
  no_area_line       0  大阪府大阪市都島区の教会を教えて                       -> 
  wrong_area        0  都島区内の教会の場所を知りたい                        -> Ikuno, Osaka, Churches
  wrong_area        0  大阪市都島区の教会はどこにある？                       -> Mikunimachi, Ikeda, Osaka, C
  wrong_area        0  都島区の教会リストを見せて                          -> Ikuno, Osaka, Churches
  accepted          2  Where are the churches in Miyakojima   -> Miyakojima Ward, Osaka, Osak
  accepted         17  Find churches near Miyakojima Ward,    -> Miyakojima Ward, Osaka, Chur
  accepted          2  Show me all churches located in Miya   -> Miyakojima Ward, Osaka, Osak
  accepted         17  Can you list the churches in Miyakoj   -> Miyakojima Ward, Osaka, Chur

### Naka Ward, Yokohama, Kanagawa Prefecture, Japan / Churches
  seed concern finds 0; 8 utterances kept of 8 asked for
  wrong_area        0  中区の教会を探して                              -> Naka, Yokohama, Churches
  zero_results       0  横浜市中区の教会一覧表示して                         -> Naka-ku, Yokohama, Churches
  wrong_area        0  神奈川・横浜中区にある教会をマップに出して                  -> Naka, Yokohama, Churches
  wrong_area        0  中区の教会ってどこ？                             -> Naka, Yokohama, Churches
  wrong_area        0  Show me churches in Naka Ward          -> Naka Ward, churches
  zero_results       0  I need a map of churches in Naka War   -> Naka Ward, Yokohama, Kanagaw
  wrong_area        0  Where are the churches located in Na   -> Naka, Yokohama, Kanagawa Pre
  zero_results       0  Please find churches in Naka Ward, Y   -> Naka Ward, Yokohama, Churche

### Nishi Ward, Fukuoka, Fukuoka Prefecture, Japan / Churches
  seed concern finds 0; 8 utterances kept of 8 asked for
  wrong_area        0  福岡県福岡市西区の教会を教えて。                       -> Nishi, Fukuoka City, Fukuoka
  wrong_area        0  西区にある教会を探して。                           -> Nishi, Osaka, Churches
  wrong_area        0  福岡市西区の教会一覧。                            -> Nishi, Fukuoka, Churches
  wrong_area        0  福岡西区の教会。                               -> Nishi, Fukuoka, Churches
  zero_results       0  Show me all the churches in Nishi Wa   -> Nishi Ward, Fukuoka, Fukuoka
  zero_results       0  List churches located in Nishi Ward,   -> Nishi Ward, Fukuoka, Fukuoka
  zero_results       0  Where are the churches in Nishi Ward   -> Nishi Ward, Fukuoka, Fukuoka
  zero_results       0  I need a map of churches in Nishi Wa   -> Nishi Ward, Fukuoka, Fukuoka

### Nishitokyo, Tokyo, Japan / Churches
  seed concern finds 4; 8 utterances kept of 8 asked for
  accepted          4  Nishitokyo, Tokyo, Japanの教会を教えて        -> Nishitokyo, Tokyo, Churches
  wrong_area        0  東京西東京の教会リスト                            -> Nishi-Tokyo, Tokyo, Churches
  wrong_area        0  西東京 教会 探して                             -> Nishi-Tokyo, Tokyo, Churches
  accepted          4  Nishitokyo, Tokyo, Japanにある教会          -> Nishitokyo, Tokyo, Churches
  accepted          4  Show me the churches in Nishitokyo,    -> Nishitokyo, Tokyo, Churches
  accepted          4  Where are the churches located in Ni   -> Nishitokyo, Tokyo, Churches
  accepted          4  I need directions to churches in Nis   -> Nishitokyo, Tokyo, Churches
  accepted          4  List all churches in Nishitokyo, Tok   -> Nishitokyo, Tokyo, Japan, Ch

### Pristina, Municipality of Pristina, District of Pristina, Kosovo / Churches
  seed concern finds 7; 8 utterances kept of 8 asked for
  invented_name       0  プリシュチナの教会を教えて                          -> 
  invented_name       0  コソボのプリシュチナにある教会施設を教えてください              -> 
  invented_name       0  プリシュチナ地区の教会一覧                          -> 
  invented_name       0  プリシュチナで教会を検索して                         -> 
  accepted          3  Show me all the churches in Pristina   -> Pristina, churches
  accepted          3  Where can I find churches in Pristin   -> Pristina, churches
  accepted          3  List the churches located in Pristin   -> Pristina, churches
  accepted          3  I need directions to churches in Pri   -> Pristina, churches

### Seodaemun-gu, Seoul, South Korea / Churches
  seed concern finds 59; 8 utterances kept of 8 asked for
  accepted         59  Seodaemun-gu, Seoul, South Koreaにある教   -> Seodaemun-gu, Seoul, South K
  accepted         36  ソウルの西大門区の教会を探しています。                    -> Seodaemun-gu, Seoul, Churche
  accepted         41  西大門区内のキリスト教施設をリストアップして。                -> Seodaemun, Seoul, Christian 
  accepted         36  ソウル・西大門区 教会                            -> Seodaemun-gu, Seoul, Churche
  accepted         59  Show churches in Seodaemun-gu, Seoul   -> Seodaemun-gu, Seoul, South K
  accepted         59  Where are the churches located in Se   -> Seodaemun-gu, Seoul, South K
  accepted         59  List all churches in Seodaemun-gu, S   -> Seodaemun-gu, Seoul, South K
  accepted         36  Find churches in Seodaemun-gu, Seoul   -> Seodaemun-gu, Seoul, South K

### Sham Shui Po District, Hong Kong, China / Churches
  seed concern finds 15; 8 utterances kept of 8 asked for
  accepted         15  Sham Shui Po District, Hong Kong, Ch   -> Sham Shui Po District, Hong 
  accepted         15  Sham Shui Po District, Hong Kong, Ch   -> Sham Shui Po District, Hong 
  accepted         15  Sham Shui Po District, Hong Kong, Ch   -> Sham Shui Po District, Hong 
  wrong_area        0  Sham Shui Po District, Hong Kong, Ch   -> Sham Shui Po, Hong Kong, Chu
  accepted          8  Show me all the churches in Sham Shu   -> Sham Shui Po District, Hong 
  accepted         15  List every church located within the   -> Sham Shui Po District, Hong 
  accepted          8  I need a map of Sham Shui Po Distric   -> Sham Shui Po District, Hong 
  accepted         15  Where are the churches in Sham Shui    -> Sham Shui Po District, Churc

### Showa Ward, Nagoya, Aichi Prefecture, Japan / Churches
  seed concern finds 8; 8 utterances kept of 8 asked for
  wrong_area        0  昭和区の教会を教えて                             -> Showa, Tokyo, Churches
  deep_gap          0  愛知県名古屋市昭和区内にある教会を教えてください               -> Showa, Nagoya, Aichi, Church
  accepted         36  昭和区 教会 一覧                              -> Showa, Nagoya, Churches
  accepted         36  名古屋市昭和区の教会はどこですか                       -> Showa, Nagoya, Churches
  accepted          8  Find churches in Showa Ward, Nagoya,   -> Showa Ward, Nagoya, Aichi Pr
  accepted          8  Where are the churches in Showa Ward   -> Showa Ward, Nagoya, Aichi Pr
  accepted          8  Show me all churches located in Show   -> Showa Ward, Nagoya, Aichi Pr
  accepted          8  Showa Ward, Nagoya, Aichi Prefecture   -> Showa Ward, Nagoya, Aichi Pr

### Taito, Tokyo, Japan / Churches
  seed concern finds 13; 8 utterances kept of 8 asked for
  invented_name       0  浅草あたりの教会を教えて                           -> 
  accepted        289  東京都台東区の教会一覧を出して                        -> Taito, Tokyo, Churches
  accepted        298  台東区にあるキリスト教系の施設を教えて                    -> Taito, Tokyo, Christian faci
  accepted        289  東京・台東区周辺の教会を探して                        -> Taito, Tokyo, Churches
  accepted        289  Find all churches in Taito, Tokyo, J   -> Taito, Tokyo, Churches
  accepted        289  Show me the churches in Taito, Tokyo   -> Taito, Tokyo, Churches
  accepted        289  Where are the churches in Taito, Tok   -> Taito, Tokyo, Churches
  accepted        289  List the churches in Taito, Tokyo, J   -> Taito, Tokyo, Churches

### Tsuen Wan District, Hong Kong, China / Churches
  seed concern finds 17; 8 utterances kept of 8 asked for
  invented_name       0  荃湾地区にある教会を教えて                          -> 
  invented_name       0  香港荃湾区の教会施設一覧                           -> 
  invented_name       0  荃湾区に位置する教会はどこですか                       -> 
  invented_name       0  香港の荃湾地区にある教会を探して                       -> 
  no_area_line       0  Tsuen Wan District, Hong Kong, China   -> 
  no_area_line       0  I want to see Tsuen Wan District, Ho   -> 
  no_area_line       0  Please show me Tsuen Wan District, H   -> 
  no_area_line       0  Show map for Tsuen Wan District, Hon   -> 

### Wong Tai Sin District, Hong Kong, China / Churches
  seed concern finds 13; 8 utterances kept of 8 asked for
  accepted         13  Wong Tai Sin District, Hong Kong, Ch   -> Wong Tai Sin District, Hong 
  accepted         13  Wong Tai Sin District, Hong Kong, Ch   -> Wong Tai Sin District, Hong 
  accepted         13  Wong Tai Sin District, Hong Kong, Ch   -> Wong Tai Sin District, Hong 
  accepted         13  Wong Tai Sin District, Hong Kong, Ch   -> Wong Tai Sin District, Hong 
  accepted          3  Show me churches in Wong Tai Sin Dis   -> Wong Tai Sin District, Hong 
  accepted         10  Where can I find churches in Wong Ta   -> Wong Tai Sin District, Churc
  accepted          3  I need locations of churches in Wong   -> Wong Tai Sin District, Hong 
  accepted         10  List churches in Wong Tai Sin Distri   -> Wong Tai Sin District, Churc

### Yongsan-gu, Seoul, South Korea / Churches
  seed concern finds 36; 8 utterances kept of 8 asked for
  accepted         13  龍山区の教会を教えて                             -> Yongsan, Seoul, Churches
  accepted         36  ソウル龍山区にある教会を探して                        -> Yongsan-gu, Seoul, Churches
  accepted         36  龍山区の教会一覧を表示して                          -> Yongsan-gu, Seoul, Churches
  wrong_area        0  龍山地域の教会施設はどこですか                        -> Ryongsan District, Church fa
  accepted         36  Show me churches in Yongsan-gu, Seou   -> Yongsan-gu, Seoul, South Kor
  accepted         13  Where are the churches located in Yo   -> Yongsan-gu, Seoul, South Kor
  accepted         13  I need to find churches in Yongsan-g   -> Yongsan-gu, Seoul, South Kor
  accepted         13  Find churches in Yongsan-gu, Seoul,    -> Yongsan-gu, Seoul, South Kor

### Bao'an District, Shenzhen, Guangdong Province, China / Clinics and Doctors
  seed concern finds 60; 8 utterances kept of 8 asked for
  accepted         11  深圳市宝安区のクリニックと医者を探しています。                -> Bao'an, Shenzhen, Clinics
  accepted    !     2  宝安区 医者 クリニック                           -> Bao'an, Shenzhen, Doctors
  accepted         11  広東省深圳市宝安区にあるクリニックと医療機関のリストを表示してください。   -> Bao'an District, Shenzhen, G
  accepted         11  宝安区で診療所と医師を探す                          -> Bao'an, Shenzhen, Clinics
  accepted         57  Clinics and Doctors in Bao'an Distri   -> Bao'an District, Shenzhen, G
  accepted         57  Show me where the Clinics and Doctor   -> Bao'an District, Shenzhen, G
  accepted         57  I need a list of Clinics and Doctors   -> Bao'an District, Shenzhen, G
  accepted         57  Can you find Clinics and Doctors in    -> Bao'an District, Shenzhen, G

### Eunpyeong-gu, Seoul, South Korea / Clinics and Doctors
  seed concern finds 38; 8 utterances kept of 8 asked for
  accepted         11  Seoul Eunpyeong-gu no byouin shirube   -> Seoul Eunpyeong-gu, Hospital
  accepted         74  Eunpyeong-gu ni aru igakkou to hofu    -> Eunpyeong-gu, Seoul, Medical
  accepted          5  Eunpyeong-gu Seoul South Korea no cl   -> Eunpyeong-gu Seoul South Kor
  accepted         11  Seoul no Eunpyeong-gu kyaku ni taisu   -> Eunpyeong-gu, Seoul, Hospita
  accepted          5  Show me all clinics and doctors in E   -> Eunpyeong-gu, Seoul, South K
  accepted          5  Where are the medical clinics locate   -> Eunpyeong-gu, Seoul, South K
  deep_gap          0  Find doctors near Eunpyeong-gu, Seou   -> Eunpyeong-gu, Seoul, South K
  deep_gap          0  I need to find a doctor in Eunpyeong   -> Eunpyeong-gu, Seoul, South K

### Gangnam-gu, Seoul, South Korea / Clinics and Doctors
  seed concern finds 88; 8 utterances kept of 8 asked for
  accepted         26  Gangnam-gu, Seoul, South Korea のクリニッ   -> Gangnam-gu, Seoul, South Kor
  accepted         13  Gangnam-gu, Seoul, South Koreaで診療できる   -> Gangnam-gu, Seoul, South Kor
  accepted         26  Gangnam-gu, Seoul, South Korea 内のクリニ   -> Gangnam-gu, Seoul, South Kor
  accepted         13  Gangnam-gu, Seoul, South Korea で医者を探   -> Gangnam-gu, Seoul, South Kor
  deep_gap          0  Where can I find clinics in Gangnam-   -> 강남구, 서울, 대한민국, 클리닉
  deep_gap          0  Show me doctors in Gangnam-gu, Seoul   -> Gangnam-gu, Seoul, South Kor
  accepted         26  Clinics and doctors in Gangnam-gu, S   -> Gangnam-gu, Seoul, South Kor
  accepted         26  Find clinics and doctors in Gangnam-   -> Gangnam-gu, Seoul, South Kor

### Guro-gu, Seoul, South Korea / Clinics and Doctors
  seed concern finds 18; 8 utterances kept of 8 asked for
  accepted         83  ソウル市九老区のクリニックと医師を教えてください               -> Guro-gu, Seoul, Clinics
  wrong_area        0  九老区で診療所と医者を探してる                        -> Jiulou District, Kaohsiung, 
  accepted          7  ソウルの九老区にある病院と医師の場所を教えて                 -> Guro-gu, Seoul, Hospitals
  wrong_area        0  九老区のクリニックと医者について知りたい                   -> Jiulou District, Kaohsiung, 
  accepted          4  Show me clinics and doctors in Guro-   -> Guro-gu, Seoul, South Korea,
  deep_gap          0  I need to find a doctor in Guro-gu,    -> Guro-gu, Seoul, South Korea,
  accepted          4  Can you list the clinics in Guro-gu,   -> Guro-gu, Seoul, South Korea,
  accepted          7  Where are the medical facilities in    -> Guro-gu, Seoul, South Korea,

### Islands District, Hong Kong, China / Clinics and Doctors
  seed concern finds 278; 8 utterances kept of 8 asked for
  invented_name       0  香港島區區内のクリニックと医者を探しています                 -> 
  invented_name       0  香港島区に診療所と医師がいる場所を教えて                   -> 
  invented_name       0  香港島エリアの医療機関一覧を見せてください                  -> 
  invented_name       0  香港島区内のクリニックと医師の情報を出して                  -> 
  accepted        197  Clinics and Doctors in Islands Distr   -> Islands District, Hong Kong,
  accepted        197  Where are the Clinics and Doctors in   -> Islands District, Hong Kong,
  accepted        197  Find Clinics and Doctors in Islands    -> Islands District, Hong Kong,
  accepted        197  Show me Clinics and Doctors in Islan   -> Islands District, Hong Kong,

### Jungnang-gu, Seoul, South Korea / Clinics and Doctors
  seed concern finds 73; 8 utterances kept of 8 asked for
  accepted    !     1  Jungnang-gu, Seoul, South Korea のクリニ   -> Jungnang-gu, Seoul, South Ko
  deep_gap          0  Jungnang-gu, Seoul, South Korea 内の医者   -> Jungnang-gu, Seoul, South Ko
  accepted         11  Jungnang-gu, Seoul, South Korea で病院は   -> Jungnang-gu, Seoul, South Ko
  accepted         11  Jungnang-gu, Seoul, South Korea の医療施   -> Jungnang-gu, Seoul, South Ko
  accepted    !     1  Find clinics in Jungnang-gu, Seoul,    -> Jungnang-gu, Seoul, South Ko
  deep_gap          0  Where are doctors located in Jungnan   -> Jungnang-gu, Seoul, South Ko
  accepted    !     1  Show me medical clinics in Jungnang-   -> Jungnang-gu, Seoul, South Ko
  accepted    !     1  List all clinics and doctors in Jung   -> Jungnang-gu, Seoul, South Ko

### Kowloon City District, Hong Kong, China / Clinics and Doctors
  seed concern finds 25; 8 utterances kept of 8 asked for
  invented_name       0  九龍城區にクリニックを教えて                         -> 
  deep_gap          0  Hong KongのKowloon City Districtの医者を探   -> Kowloon City District, Hong 
  invented_name       0  九龍城區 诊所                                -> 
  accepted         16  Kowloon City District, Hong Kong, Ch   -> Kowloon City District, Hong 
  accepted         16  Show me clinics in Kowloon City Dist   -> Kowloon City District, Hong 
  accepted          6  Where can I find doctors in Kowloon    -> Kowloon City District, Hong 
  accepted         22  I need to locate medical clinics wit   -> Kowloon City District, Hong 
  accepted          9  List all doctors and clinics in Kowl   -> Kowloon City District, Hong 

### Longhua District, Shenzhen, Guangdong Province, China / Clinics and Doctors
  seed concern finds 6; 8 utterances kept of 8 asked for
  wrong_area        0  龙华区にあるクリニックと医者を探して                     -> Longhua, Clinics
  invented_name       0  深圳市龍華区のクリニックと医師の場所を教えて                 -> 
  invented_name       0  龍華区のクリニックと医者を探したい                      -> 
  invented_name       0  深圳市龍華区のクリニックと医者について知りたい                -> 
  accepted          6  Find clinics in Longhua District, Sh   -> Longhua District, Shenzhen, 
  accepted         20  Where are doctors located in Longhua   -> Longhua District, Shenzhen, 
  accepted         14  Longhua District, Shenzhen, Guangdon   -> Longhua District, Shenzhen, 
  accepted          6  I need to locate a clinic in Longhua   -> Longhua District, Shenzhen, 

### Minami Ward, Nagoya, Aichi Prefecture, Japan / Clinics and Doctors
  seed concern finds 3; 8 utterances kept of 8 asked for
  accepted         14  南区の病院とクリニックを探して                        -> Minami, Nagoya, Hospitals
  wrong_area        0  愛知県名古屋市南区の診療所一覧                        -> Minami-ku, Nagoya, Aichi, Cl
  wrong_area        0  南区のクリニックはどこ？                           -> Minami, Japan, Clinics
  deep_gap          0  名古屋の南区にある医者や病院を教えて                     -> Minami, Nagoya, Doctors
  accepted          1  Clinics and Doctors in Minami Ward,    -> Minami Ward, Nagoya, Aichi P
  accepted          1  show me clinics and doctors in Minam   -> Minami Ward, Nagoya, Aichi P
  accepted          1  find clinics and doctors located in    -> Minami Ward, Nagoya, Aichi P
  accepted          1  where are the clinics and doctors in   -> Minami Ward, Nagoya, Aichi P

### Nowon-gu, Seoul, South Korea / Clinics and Doctors
  seed concern finds 40; 8 utterances kept of 8 asked for
  accepted    !     3  ソウル特別市 Nowon-gu, South Korea のクリニックと   -> Nowon-gu, Seoul, South Korea
  accepted         13  Nowon-gu, Seoul, South Korea の医療施設につ   -> Nowon-gu, Seoul, Hospitals
  accepted         13  今、ソウルの Nowon-gu, South Korea にある病院や診   -> Nowon-gu, Seoul, South Korea
  deep_gap          0  Nowon-gu, Seoul, South Korea で診てもらえる   -> Nowon-gu, Seoul, South Korea
  accepted    !     3  Find clinics in Nowon-gu, Seoul, Sou   -> Nowon-gu, Seoul, South Korea
  deep_gap          0  Where are the doctors located in Now   -> Nowon-gu, Seoul, South Korea
  accepted         13  Search for medical centers in Nowon-   -> Nowon-gu, Seoul, South Korea
  accepted    !     3  I need to see clinic locations in No   -> Nowon-gu, Seoul, South Korea

### Sakyo Ward, Kyoto, Kyoto Prefecture, Japan / Clinics and Doctors
  seed concern finds 351; 8 utterances kept of 8 asked for
  accepted    !     5  京都市左京区のクリニックと医者を探しています                 -> Sakyo, Kyoto, Clinics
  accepted    !    20  左京区の医院リストを見せて                          -> Sakyo, Kyoto, Hospitals
  accepted    !     5  京都左京区にあるクリニックの場所                       -> Sakyo, Kyoto, Clinics
  accepted        159  左京区で医者を受診したい                           -> Sakyo, Kyoto, Doctors
  accepted         97  Where are the clinics in Sakyo Ward,   -> Sakyo Ward, Kyoto, Kyoto Pre
  deep_gap          0  I need a map of doctors located in S   -> Sakyo Ward, Kyoto, Kyoto Pre
  accepted         97  Show me Sakyo Ward, Kyoto, Kyoto Pre   -> Sakyo Ward, Kyoto, Kyoto Pre
  accepted         97  List clinics and doctors in Sakyo Wa   -> Sakyo Ward, Kyoto, Kyoto Pre

### Seongbuk-gu, Seoul, South Korea / Clinics and Doctors
  seed concern finds 33; 8 utterances kept of 8 asked for
  accepted        436  ソウル城北区のクリニックと医師を探して                    -> Seongbuk, Seoul, Clinics
  accepted          5  Seongbuk-gu, Seoul, South Koreaにあるクリ   -> Seongbuk-gu, Seoul, South Ko
  wrong_area        0  城北区の病院や医者に関する場所を調べる                    -> Kiyose, Tokyo, Hospitals
  accepted        436  ソウルのSeongbuk-guで診療所と医師がいる場所を知りたい       -> Seongbuk-gu, Seoul, Clinics
  accepted          5  Show me clinics in Seongbuk-gu, Seou   -> Seongbuk-gu, Seoul, South Ko
  deep_gap          0  Where are doctors located in Seongbu   -> Seongbuk-gu, Seoul, South Ko
  accepted          5  I need to find medical clinics in Se   -> Seongbuk-gu, Seoul, South Ko
  deep_gap          0  List all doctors in Seongbuk-gu, Seo   -> Seongbuk-gu, Seoul, South Ko

### Tai Po District, Hong Kong, China / Clinics and Doctors
  seed concern finds 25; 8 utterances kept of 8 asked for
  invented_name       0  大埔区                                    -> 
  invented_name       0  香港大埔区にあるクリニックを探して                      -> 
  invented_name       0  大埔区 医師                                 -> 
  accepted        145  Tai Po District, Hong Kong, China のク   -> Tai Po District, Hong Kong, 
  accepted         13  Find clinics in Tai Po District, Hon   -> Tai Po District, Hong Kong, 
  accepted         17  Doctors in Tai Po District, Hong Kon   -> Tai Po District, Hong Kong, 
  accepted         13  Where are the clinics in Tai Po Dist   -> Tai Po District, Hong Kong, 
  accepted         13  I need to locate clinics and doctors   -> Tai Po District, Hong Kong, 

### Tsuzuki Ward, Yokohama, Kanagawa Prefecture, Japan / Clinics and Doctors
  seed concern finds 56; 8 utterances kept of 8 asked for
  accepted         13  Tsuzuki Ward, Yokohama, Kanagawa Pre   -> Tsuzuki, Yokohama, Kanagawa,
  wrong_area        0  都筑区の病院と医者の場所を教えて。                      -> Tsutsujigaoka, Yokohama, Hos
  wrong_area        0  横浜市都筑区で診療所を探してるんだけど、どこにある？             -> Tsutsuji, Yokohama, Clinics
  accepted         13  Tsuzuki Ward, Yokohama, Kanagawa Pre   -> Tsuzuki, Yokohama, Kanagawa 
  accepted         13  I am looking for clinics and doctors   -> Tsuzuki Ward, Yokohama, Kana
  accepted         17  Find medical facilities in Tsuzuki W   -> Tsuzuki Ward, Yokohama, Kana
  accepted    !     4  Where can I find doctors in Tsuzuki    -> Tsuzuki Ward, Yokohama, Kana
  accepted         13  Show me clinics and doctors located    -> Tsuzuki Ward, Yokohama, Kana

### Yeongdeungpo-gu, Seoul, South Korea / Clinics and Doctors
  seed concern finds 22; 8 utterances kept of 8 asked for
  accepted        584  永登浦区のクリニックと医者を探しています                   -> Yeongdeungpo, Seoul, Clinics
  accepted        584  ソウル永登浦区の診療所はどこですか                      -> Yeongdeungpo, Seoul, Clinics
  accepted         20  永登浦区の医院一覧                              -> Yeongdeungpo, Seoul, Hospita
  accepted          4  永登浦区にある医者を探して                          -> Yeongdeungpo, Seoul, Doctors
  accepted    !     2  Show me all the clinics and doctors    -> Yeongdeungpo-gu, Seoul, Sout
  accepted    !     2  Where can I find medical clinics in    -> Yeongdeungpo-gu, Seoul, Sout
  deep_gap          0  I need a list of doctors and clinics   -> Yeongdeungpo-gu, Seoul, Sout
  accepted    !     2  Please search for healthcare facilit   -> Yeongdeungpo-gu, Seoul, Sout

### Dobong-gu, Seoul, South Korea / Clothes shops
  seed concern finds 2; 8 utterances kept of 8 asked for
  invented_name       0  ソウルの洞灘区の衣料品店を教えて                       -> 
  invented_name       0  洞灘区で服が売っているお店はどこ？                      -> 
  invented_name       0  ソウル 洞灘区 衣料品店 検索                        -> 
  invented_name       0  洞灘区のショッピングスポット、特に洋服屋を探しています            -> 
  accepted          2  Show clothes shops in Dobong-gu, Seo   -> Dobong-gu, Seoul, South Kore
  accepted          2  Clothes shops in Dobong-gu, Seoul, S   -> Dobong-gu, Seoul, South Kore
  accepted          2  Where can I find clothes shops in Do   -> Dobong-gu, Seoul, South Kore
  accepted          2  Please list clothes shops in Dobong-   -> Dobong-gu, Seoul, South Kore

### Gangdong-gu, Seoul, South Korea / Clothes shops
  seed concern finds 2; 8 utterances kept of 8 asked for
  invented_name       0  ソウルの江南区の衣服店を教えてください                    -> 
  invented_name       0  江南区 衣類 ショップ                            -> 
  invented_name       0  江南区の服屋さんどこですか                          -> 
  invented_name       0  ソウル江南区のアパレルショップを検索して                   -> 
  accepted          2  Find clothes shops in Gangdong-gu, S   -> Gangdong-gu, Seoul, South Ko
  deep_gap          0  Where can I buy clothing in Gangdong   -> Gangdong-gu, Seoul, South Ko
  deep_gap          0  Show me apparel stores located in Ga   -> Gangdong-gu, Seoul, South Ko
  deep_gap          0  I need to locate fashion retail outl   -> Gangdong-gu, Seoul, South Ko

### Gwanak-gu, Seoul, South Korea / Clothes shops
  seed concern finds 1; 8 utterances kept of 8 asked for
  deep_gap          0  Gwanak-gu, Seoul, South Koreaの服屋を教えて   -> Gwanak-gu, Seoul, South Kore
  deep_gap          0  Gwanak-gu, Seoul, South Koreaで衣料品店を探   -> Gwanak-gu, Seoul, South Kore
  deep_gap          0  Gwanak-gu, Seoul, South Korea の 服屋 一   -> Gwanak-gu, Seoul, South Kore
  deep_gap          0  Gwanak-gu, Seoul, South Koreaにある洋服店を   -> Gwanak-gu, Seoul, South Kore
  accepted          1  Find clothes shops in Gwanak-gu, Seo   -> Gwanak-gu, Seoul, South Kore
  accepted          1  Where can I buy clothes in Gwanak-gu   -> Gwanak-gu, Seoul, South Kore
  deep_gap          0  I am looking for clothing stores in    -> Gwanak-gu, Seoul, South Kore
  deep_gap          0  Show me apparel retailers in Gwanak-   -> Gwanak-gu, Seoul, South Kore

### Jung-gu, Seoul, South Korea / Clothes shops
  seed concern finds 51; 8 utterances kept of 8 asked for
  deep_gap          0  ソウル中区の服屋を教えて                           -> Jung-gu, Seoul, Clothing sto
  deep_gap          0  ソウル特別市中区にある衣料品販売店の一覧を出してください           -> Jung-gu, Seoul, Clothing sto
  deep_gap          0  Jung-gu, Seoul, South Koreaのファッションショ   -> Jung-gu, Seoul, South Korea,
  deep_gap          0  ソウル中区で服が買える場所を知りたいです                   -> Jung-gu, Seoul, Clothing sto
  accepted         51  Where can I find clothes shops in Ju   -> Jung-gu, Seoul, South Korea,
  deep_gap          0  I'm looking for clothing stores in J   -> Jung-gu, Seoul, South Korea,
  accepted         51  Please show me Jung-gu, Seoul, South   -> Jung-gu, Seoul, South Korea,
  deep_gap          0  Find apparel boutiques in Jung-gu, S   -> Jung-gu, Seoul, South Korea,

### Luohu District, Shenzhen, Guangdong Province, China / Clothes shops
  seed concern finds 64; 8 utterances kept of 8 asked for
  accepted         64  中国広東省深圳市羅湖区の服屋を教えて                     -> Luohu, Shenzhen, Guangdong, 
  deep_gap          0  深セン市羅湖区の衣類ショップ一覧                       -> Luohu, Shenzhen, Clothing sh
  deep_gap          0  羅湖区の服屋を地図に表示して                         -> Luohu, Shenzhen, Clothing st
  accepted         12  中国深圳羅湖区 衣料品店                           -> Luohu, Shenzhen, China, Clot
  accepted         64  clothes shops in Luohu District, She   -> Luohu District, Shenzhen, Gu
  accepted    !     1  Where can I find clothing stores in    -> 罗湖区, 深圳市, 广东省, 服装店
  accepted         64  Find clothes shops in Luohu District   -> Luohu District, Shenzhen, Gu
  accepted         64  I want to see clothes shops in Luohu   -> Luohu District, Shenzhen, Gu

### Sakura Ward, Saitama, Saitama Prefecture, Japan / Clothes shops
  seed concern finds 2; 8 utterances kept of 8 asked for
  no_area_line       0  Sakura Ward, Saitama, Saitama Prefec   -> 
  deep_gap          0  Sakura Ward, Saitama, Saitama Prefec   -> Sakura Ward, Saitama, Clothi
  deep_gap          0  埼玉県さいたま市桜区の衣料品店を教えて                    -> Sakura, Saitama, Saitama, Cl
  wrong_area        0  Sakura Ward, Saitama, Saitama Prefec   -> Sakura Ward, Saitama, Saitam
  wrong_area        0  Where are the clothes shops in Sakur   -> Sakura Ward, Clothes shops
  accepted          2  Sakura Ward, Saitama, Saitama Prefec   -> Sakura Ward, Saitama, Saitam
  accepted          2  Find clothing stores in Sakura Ward,   -> Sakura Ward, Saitama, Saitam
  accepted          2  Clothes shops in Sakura Ward, Saitam   -> Sakura Ward, Saitama, Saitam

### Tsuzuki Ward, Yokohama, Kanagawa Prefecture, Japan / Clothes shops
  seed concern finds 20; 8 utterances kept of 8 asked for
  invented_name       0  茨木区の服屋                                 -> 
  invented_name       0  茨木区 洋服店                                -> 
  invented_name       0  茨木区の衣料品店を探しています                        -> 
  invented_name       0  茨木区で服が買えるお店                            -> 
  accepted         20  Where can I find clothes shops in Ts   -> Tsuzuki Ward, Yokohama, Kana
  accepted         20  List of clothing stores in Tsuzuki W   -> Tsuzuki Ward, Yokohama, Kana
  accepted         20  Clothes shops in Tsuzuki Ward, Yokoh   -> Tsuzuki Ward, Yokohama, Kana
  accepted         20  Show me all the clothes shops locate   -> Tsuzuki Ward, Yokohama, Kana

### Dongdaemun-gu, Seoul, South Korea / Community Centres
  seed concern finds 0; 8 utterances kept of 8 asked for
  zero_results       0  東大門区のコミュニティセンターを教えて                    -> Dongdaemun District, Seoul, 
  zero_results       0  ソウルの東大門区にあるコミュニティセンターの場所               -> Dongdaemun, Seoul, Community
  zero_results       0  東大門区内のコミュニティセンター一覧                     -> Dongdaemun District, Seoul, 
  zero_results       0  ソウル 東大門区 コミュニティセンター 地図                 -> Dongdaemun-gu, Seoul, Commun
  no_area_line       0  Dongdaemun-gu, Seoul, South Korea      -> 
  zero_results       0  Find community centres in Dongdaemun   -> Dongdaemun-gu, Seoul, South 
  zero_results       0  Where are the community centres loca   -> Dongdaemun-gu, Seoul, South 
  zero_results       0  Please show me community centres in    -> Dongdaemun-gu, Seoul, South 

### Gangdong-gu, Seoul, South Korea / Community Centres
  seed concern finds 1; 8 utterances kept of 8 asked for
  deep_gap          0  강동구에 있는 커뮤니티 센터 알려줘                    -> Gangdong-gu, Seoul, Communit
  deep_gap          0  서울 강동구 커뮤니티 센터                         -> Gangdong-gu, Seoul, Communit
  deep_gap          0  강동구 커뮤니티 센터 찾아줘                        -> Gangdong-gu, Seoul, Communit
  deep_gap          0  강동구 커뮤니티 센터 어딘가요                       -> Gangdong-gu, Seoul, Communit
  deep_gap          0  Show community centres in Gangdong-g   -> Gangdong-gu, Seoul, South Ko
  deep_gap          0  Where are the community centres loca   -> Gangdong-gu, Seoul, South Ko
  deep_gap          0  List all community centres in Gangdo   -> Gangdong-gu, Seoul, South Ko
  deep_gap          0  Find community centres in Gangdong-g   -> Gangdong-gu, Seoul, South Ko

### Guro-gu, Seoul, South Korea / Community Centres
  seed concern finds 41; 8 utterances kept of 8 asked for
  deep_gap          0  구로구 내 커뮤니티 센터 위치를 알려줘                  -> Guro-gu, Seoul, Community ce
  deep_gap          0  서울특별시 구로구에あるコミュニティセンターはどこですか？          -> Guro, Seoul, Community cente
  deep_gap          0  구로구 커뮤니티 센터 리스트 좀 보여줘                  -> Guro-gu, Seoul, Community ce
  deep_gap          0  서울 구로구 커뮤니티 센터 찾기                      -> Guro-gu, Seoul, Community ce
  deep_gap          0  List all community centres in Guro-g   -> Guro-gu, Seoul, South Korea,
  wrong_area        0  community centres Guro-gu              -> Guro-gu, Community centres
  deep_gap          0  I am looking for community centres l   -> Guro-gu, Seoul, South Korea,
  deep_gap          0  Find Guro-gu, Seoul, South Korea com   -> Guro-gu, Seoul, South Korea,

### Jung-gu, Seoul, South Korea / Community Centres
  seed concern finds 4; 8 utterances kept of 8 asked for
  accepted        835  ソウル市中区にあるコミュニティセンターを探して                -> Jung-gu, Seoul, Community ce
  accepted        835  ソウル市中区のコミュニティセンター一覧                    -> Jung-gu, Seoul, Community ce
  accepted        835  ソウル市中区のコミュニティセンターを地図に表示して              -> Jung-gu, Seoul, Community ce
  accepted        835  ソウル市中区にコミュニティセンターありますか？                -> Jung-gu, Seoul, Community ce
  deep_gap          0  I am looking for community centres i   -> Jung-gu, Seoul, South Korea,
  deep_gap          0  Find community centres in Jung-gu, S   -> Jung-Gu, Seoul, South Korea,
  deep_gap          0  Where are the community centres in J   -> Jung-gu, Seoul, South Korea,
  deep_gap          0  Show me community centres in Jung-gu   -> Jung-Gu, Seoul, South Korea,

### Seocho-gu, Seoul, South Korea / Community Centres
  seed concern finds 6; 8 utterances kept of 8 asked for
  deep_gap          0  ソウル特別市瑞草区のコミュニティセンターを知りたい              -> Seocho-gu, Seoul, Community 
  deep_gap          0  瑞草区 社区センター                             -> Seocho, Seoul, Community cen
  deep_gap          0  서울특별시 서초구 커뮤니티 센터 위치                   -> Seocho-gu, Seoul, Community 
  deep_gap          0  ソウル瑞草区のコミュニティセンター一覧を表示して               -> Seocho, Seoul, Community cen
  deep_gap          0  Show me all community centres in Seo   -> Seocho-gu, Seoul, South Kore
  deep_gap          0  List of community centers in Seocho-   -> Seocho-gu, Seoul, South Kore
  deep_gap          0  Where are the community centres loca   -> Seocho-gu, Seoul, South Kore
  deep_gap          0  Find community centres in Seocho-gu,   -> Seocho-gu, Seoul, South Kore

### Songpa-gu, Seoul, South Korea / Community Centres
  seed concern finds 12; 8 utterances kept of 8 asked for
  deep_gap          0  서울 송파구의 커뮤니티 센터를 찾아줘                   -> Songpa-gu, Seoul, Community 
  accepted         12  songpa-gu community centre             -> Songpa-gu, Seoul, South Kore
  deep_gap          0  송파구 내 커뮤니티 센터 현황 확인                    -> Songpa District, Seoul, Comm
  deep_gap          0  Seoul Songpa-gu community centers li   -> Songpa-gu, Seoul, Community 
  deep_gap          0  Where can I find community centres i   -> Songpa-gu, Seoul, South Kore
  deep_gap          0  Show me community centres in Songpa-   -> Songpa-gu, Seoul, South Kore
  deep_gap          0  List community centres in Songpa-gu,   -> Songpa-gu, Seoul, South Kore
  accepted         12  I'm looking for community centres in   -> Songpa-gu, Seoul, South Kore

### Taito, Tokyo, Japan / Company
  seed concern finds 0; 8 utterances kept of 8 asked for
  zero_results       0  Taito, Tokyo, Japanの会社を探してる            -> Taito, Tokyo, Companies
  zero_results       0  東京都台東区の会社住所                            -> Taito, Tokyo, Company addres
  zero_results       0  Taito, Tokyo, Japan にある会社教えて           -> Taito, Tokyo, Companies
  zero_results       0  台東区の会社の場所                              -> Taito, Tokyo, Companies
  no_area_line       0  Where is Taito, Tokyo, Japan?          -> 
  no_area_line       0  Find Taito, Tokyo, Japan               -> 
  no_area_line       0  Show me Taito, Tokyo, Japan on the m   -> 
  no_area_line       0  I need directions to Taito, Tokyo, J   -> 

### Akiruno, Tokyo, Japan / Convenience stores
  seed concern finds 26; 7 utterances kept of 8 asked for
  accepted         26  Akiruno, Tokyo, Japanのコンビニを探して。        -> Akiruno, Tokyo, Convenience 
  accepted         26  東京のあきる野市内のコンビニ店舗一覧を表示してください。           -> Akiruno, Tokyo, Convenience 
  accepted         26  あきる野 東京都 コンビニ                          -> Akiruno, Tokyo, Convenience 
  accepted         26  Find convenience stores in Akiruno,    -> Akiruno, Tokyo, Japan, Conve
  accepted         26  Where are the convenience stores loc   -> Akiruno, Tokyo, Japan, Conve
  accepted         26  Please show me all convenience store   -> Akiruno, Tokyo, Japan, Conve
  accepted         26  Convenience stores in Akiruno, Tokyo   -> Akiruno, Tokyo, Japan, Conve

### Arakawa, Tokyo, Japan / Convenience stores
  seed concern finds 91; 8 utterances kept of 8 asked for
  accepted         91  Arakawaのコンビニエンスストアを探して                 -> Arakawa, Tokyo, Convenience 
  accepted         91  TokyoのArakawaにあるコンビニ一覧                 -> Arakawa, Tokyo, Convenience 
  accepted         91  Arakawa, Tokyo, Japanのコンビニエンスストア       -> Arakawa, Tokyo, Convenience 
  accepted         91  東京都Arakawaのコンビニ探して                     -> Arakawa, Tokyo, Convenience 
  accepted         91  Show me convenience stores in Arakaw   -> Arakawa, Tokyo, Japan, Conve
  accepted         91  Where can I find convenience stores    -> Arakawa, Tokyo, Japan, Conve
  accepted         91  List convenience stores Arakawa Toky   -> Arakawa, Tokyo, Japan, Conve
  accepted         91  Map of convenience stores in Arakawa   -> Arakawa, Tokyo, Japan, Conve

### Atsuta Ward, Nagoya, Aichi Prefecture, Japan / Convenience stores
  seed concern finds 36; 8 utterances kept of 8 asked for
  accepted         36  名古屋市熱田区にあるコンビニを探して                     -> Atsuta, Nagoya, Convenience 
  wrong_area        0  熱田区のコンビニ一覧                             -> Naka, Nagoya, Convenience st
  accepted         36  愛知県名古屋市熱田区 コンビニ                        -> Atsuta, Nagoya, Aichi Prefec
  accepted         36  熱田区内のコンビニエンスストア                        -> Atsuta, Nagoya, Convenience 
  accepted         36  Show convenience stores in Atsuta Wa   -> Atsuta Ward, Nagoya, Aichi P
  accepted         36  Where are the convenience stores loc   -> Atsuta Ward, Nagoya, Aichi P
  accepted         36  List all convenience stores in Atsut   -> Atsuta Ward, Nagoya, Aichi P
  accepted         36  Find convenience stores at Atsuta Wa   -> Atsuta Ward, Nagoya, Aichi P

### Budapest, Hungary / Convenience stores
  seed concern finds 969; 8 utterances kept of 8 asked for
  wrong_area        0  ブダペストのコンビニエンスストアはどこですか？                -> Budapest, Convenience stores
  accepted        969  Convenience stores in Budapest, Hung   -> Budapest, Hungary, Convenien
  wrong_area        0  ブダペストにコンビニを探して                         -> Budapest, Convenience stores
  wrong_area        0  ブダペストのコンビニエンスストア一覧                     -> Budapest, Convenience stores
  accepted        969  Show convenience stores in Budapest,   -> Budapest, Hungary, Convenien
  accepted        969  Where are the convenience stores in    -> Budapest, Hungary, Convenien
  accepted        969  Find all convenience stores in Budap   -> Budapest, Hungary, Convenien
  accepted        969  List of convenience stores in Budape   -> Budapest, Hungary, Convenien

### Casablanca, Morocco / Convenience stores
  seed concern finds 81; 8 utterances kept of 8 asked for
  accepted         81  モロッコのカサブランカにあるコンビニエンスストアを教えて           -> Casablanca, Morocco, Conveni
  accepted         81  カサブランカ コンビニ 一覧                         -> Casablanca, Convenience stor
  accepted         81  Casablanca, Moroccoのコンビニエンスストアを地図上に表   -> Casablanca, Morocco, Conveni
  accepted         81  モロッコ カサブランカ コンビニ                       -> Casablanca, Morocco, Conveni
  accepted         81  Find all convenience stores in Casab   -> Casablanca, Morocco, Conveni
  deep_gap          0  Where can I buy snacks in Casablanca   -> Casablanca, Morocco, Snack s
  accepted         81  Show me convenience stores near me i   -> Casablanca, Morocco, Conveni
  accepted         81  List convenience stores in Casablanc   -> Casablanca, Morocco, Conveni

### Chofu, Tokyo, Japan / Convenience stores
  seed concern finds 106; 8 utterances kept of 8 asked for
  accepted        106  調布市のコンビニエンスストアを教えて                     -> Chofu, Tokyo, Convenience st
  accepted        106  東京都調布市にあるコンビニを探している                    -> Chofu, Tokyo, Convenience st
  accepted        106  調布市内のコンビニエンスストア一覧は？                    -> Chofu, Tokyo, Convenience st
  accepted        106  調布市にコンビニありませんか？                        -> Chofu, Tokyo, Convenience st
  accepted        106  Where are the convenience stores in    -> Chofu, Tokyo, Japan, Conveni
  accepted        106  Find convenience stores in Chofu, To   -> Chofu, Tokyo, Japan, Conveni
  accepted        106  Show me convenience stores in Chofu,   -> Chofu, Tokyo, Japan, Conveni
  accepted        106  I'm looking for convenience stores i   -> Chofu, Tokyo, Japan, Conveni

### Chuo, Kobe, Hyogo Prefecture, Japan / Convenience stores
  seed concern finds 507; 8 utterances kept of 8 asked for
  accepted        507  兵庫県神戸市中央区にあるコンビニエンスストアを教えて             -> Chuo, Kobe, Hyogo, Convenien
  accepted        143  神戸市中央区のコンビニ探してる                        -> Chuo, Kobe, Convenience stor
  deep_gap          0  兵庫県神戸市中央区 中央区内のコンビニ一覧                  -> Chuo, Kobe, Hyogo Prefecture
  accepted        143  神戸市中央区内のコンビニエンスストアはどこですか               -> Chuo, Kobe, Convenience stor
  accepted        507  Convenience stores in Chuo, Kobe, Hy   -> Chuo, Kobe, Hyogo Prefecture
  accepted        507  Show me convenience stores located i   -> Chuo, Kobe, Hyogo Prefecture
  accepted        507  I need to find convenience stores in   -> Chuo, Kobe, Hyogo Prefecture
  accepted        507  List all convenience stores in Chuo,   -> Chuo, Kobe, Hyogo Prefecture

### Colombo, Sri Lanka / Convenience stores
  seed concern finds 35; 8 utterances kept of 8 asked for
  accepted         35  スリランカのコロンボにあるコンビニエンスストアを教えて            -> Colombo, Sri Lanka, Convenie
  accepted         35  コロンボのコンビニエンスストアを探している                  -> Colombo, Convenience stores
  accepted         35  コロンボ市内のコンビニエンスストア一覧を出して                -> Colombo, Convenience stores
  accepted         35  コロンボのコンビニエンスストアの位置をマップで表示して            -> Colombo, Convenience stores
  accepted         35  Show me all convenience stores in Co   -> Colombo, Sri Lanka, Convenie
  accepted         35  Where are the convenience stores in    -> Colombo, Sri Lanka, Convenie
  accepted         35  Find convenience stores in Colombo,    -> Colombo, Sri Lanka, Convenie
  accepted         35  Locate convenience stores in Colombo   -> Colombo, Sri Lanka, Convenie

### Dobong-gu, Seoul, South Korea / Convenience stores
  seed concern finds 25; 8 utterances kept of 8 asked for
  accepted         25  서울 도봉구에コンビニエンスストアを探して                  -> Dobong-gu, Seoul, Convenienc
  accepted         25  도봉구内のコンビニはどこ？                          -> Dobong-gu, Seoul, Convenienc
  accepted         25  首尔 도봉구 지역 편의점 검색 요청합니다.                -> Dobong-gu, Seoul, Convenienc
  accepted         25  도봉구에あるコンビニエンスストアの場所を教えて                -> Dobong, Seoul, Convenience s
  accepted         25  Show me all convenience stores in Do   -> Dobong-gu, Seoul, South Kore
  accepted         25  Where are the convenience stores loc   -> Dobong-gu, Seoul, South Kore
  accepted         25  I need a list of convenience stores    -> Dobong-gu, Seoul, South Kore
  accepted         25  Find convenience stores in Dobong-gu   -> Dobong-gu, Seoul, South Kore

### Dublin, Ireland / Convenience stores
  seed concern finds 378; 8 utterances kept of 8 asked for
  accepted        378  Dublin, Ireland のコンビニエンスストアを調べて        -> Dublin, Ireland, Convenience
  accepted        378  アイルランドのダブリンにあるコンビニはどこ？                 -> Dublin, Ireland, Convenience
  accepted        378  Dublin, Ireland のコンビニエンスストアの場所を知りたい    -> Dublin, Ireland, Convenience
  accepted        378  ダブリンのコンビニ探して                           -> Dublin, Convenience stores
  accepted        378  Where can I find convenience stores    -> Dublin, Ireland, Convenience
  accepted        378  Convenience stores in Dublin, Irelan   -> Dublin, Ireland, Convenience
  accepted        378  Show me convenience stores located i   -> Dublin, Ireland, Convenience
  accepted        378  I need to locate convenience stores    -> Dublin, Ireland, Convenience

### Fuchu, Tokyo, Japan / Convenience stores
  seed concern finds 116; 8 utterances kept of 8 asked for
  wrong_area        0  東京府中のコンビニエンスストアを教えてください                -> Funcho, Tokyo, Convenience s
  accepted        116  府中にあるコンビニを探してる                         -> Fuchu, Convenience stores
  accepted        116  東京都府中市内でコンビニエンスストアの場所を教えて              -> Fuchu, Tokyo, Convenience st
  accepted        116  府中のコンビニはどこ？                            -> Fuchu, Tokyo, Convenience st
  accepted        116  Where are the convenience stores in    -> Fuchu, Tokyo, Japan, Conveni
  accepted        116  I'm looking for convenience stores i   -> Fuchu, Tokyo, Convenience st
  accepted        116  Can you show me convenience stores i   -> Fuchu, Tokyo, Japan, Conveni
  accepted        116  Find convenience stores in Fuchu, To   -> Fuchu, Tokyo, Japan, Conveni

### Fussa, Tokyo, Japan / Convenience stores
  seed concern finds 32; 8 utterances kept of 8 asked for
  invented_name       0  府中市のコンビニエンスストアを調べて                     -> 
  invented_name       0  東京府中のコンビニ探して                           -> 
  invented_name       0  府中のコンビニエンスストアはどこですか                    -> 
  invented_name       0  府中市内にあるコンビニ一覧を出して                      -> 
  accepted         32  Show me all the convenience stores i   -> Fussa, Tokyo, Japan, Conveni
  accepted         32  I need to find a convenience store n   -> Fussa, Tokyo, Convenience st
  accepted         32  Where can I buy snacks at convenienc   -> Fussa, Tokyo, Convenience st
  accepted    !     3  List 7-Eleven, FamilyMart, and Lawso   -> Fussa, Tokyo, Japan, 7-Eleve

### Gangseo-gu, Seoul, South Korea / Convenience stores
  seed concern finds 87; 8 utterances kept of 8 asked for
  accepted         87  Gangseo-gu, Seoul, South Korea のコンビニ   -> Gangseo-gu, Seoul, South Kor
  wrong_area        0  ソウル江西区のコンビニエンスストアの場所を知りたいです。           -> Seoul, Korea, Convenience st
  accepted         87  Gangseo-gu, Seoul, South Korea にあるコン   -> Gangseo-gu, Seoul, South Kor
  wrong_area        0  韓国ソウル江西区のコンビニエンスストアをリストアップして。          -> Seoul, South Korea, Convenie
  accepted         87  Show me convenience stores in Gangse   -> Gangseo-gu, Seoul, South Kor
  accepted         87  Convenience stores located in Gangse   -> Gangseo-gu, Seoul, South Kor
  accepted         87  Where are the convenience stores in    -> Gangseo-gu, Seoul, South Kor
  accepted         87  I need to find convenience stores in   -> Gangseo-gu, Seoul, South Kor

### Gwanak-gu, Seoul, South Korea / Convenience stores
  seed concern finds 98; 8 utterances kept of 8 asked for
  accepted         98  ソウル市冠岳区のコンビニエンスストアを探しています。             -> Gwanak-gu, Seoul, Convenienc
  accepted         98  冠岳区内にありそうなコンビニを教えて。                    -> Gwanak, Seoul, Convenience s
  deep_gap          0  ソウルの冠岳地区で近くのコングプンストアはどこですか。            -> Gwanak, Seoul, Kongpung stor
  deep_gap          0  冠岳区のコングプンストア一覧が見たいです。                  -> Gwanak, Seoul, Kongpueng sto
  accepted         98  Find convenience stores in Gwanak-gu   -> Gwanak-gu, Seoul, South Kore
  accepted         98  Where are the convenience stores loc   -> Gwanak-gu, Seoul, South Kore
  accepted         98  Show me all the convenience stores i   -> Gwanak-gu, Seoul, South Kore
  accepted         98  Convenience stores in Gwanak-gu, Seo   -> Gwanak-gu, Seoul, South Kore

### Hachioji, Tokyo, Japan / Convenience stores
  seed concern finds 221; 8 utterances kept of 8 asked for
  accepted        221  八王子のコンビニ教えて                            -> Hachioji, Tokyo, Convenience
  accepted        221  東京の八王子でコンビニ探してる                        -> Hachioji, Tokyo, Convenience
  accepted        221  Hachioji, Tokyo, Japan のコンビニ一覧         -> Hachioji, Tokyo, Japan, Conv
  accepted        221  八王子市のコンビニエンスストアを調べて                    -> Hachioji, Tokyo, Convenience
  accepted        221  Show me convenience stores in Hachio   -> Hachioji, Tokyo, Japan, Conv
  accepted        221  Where are the convenience stores loc   -> Hachioji, Tokyo, Japan, Conv
  accepted        221  Find convenience stores in Hachioji,   -> Hachioji, Tokyo, Convenience
  accepted        221  Convenience stores in Hachioji, Toky   -> Hachioji, Tokyo, Japan, Conv

### Helsinki, Finland / Convenience stores
  seed concern finds 233; 8 utterances kept of 8 asked for
  invented_name       0  ヘルシンクにあるコンビニエンスストア                     -> 
  accepted        233  フィンランドのヘルシンキでコンビニを探して                  -> Helsinki, Finland, Convenien
  accepted        233  ヘルシンキのコンビニエンスストアの場所                    -> Helsinki, Convenience stores
  accepted        233  フィンランド・ヘルシンキのコンビニ                      -> Helsinki, Finland, Convenien
  accepted        233  Where can I find convenience stores    -> Helsinki, Finland, convenien
  accepted        233  I need a list of convenience stores    -> Helsinki, Finland, Convenien
  accepted        233  Find all convenience stores in Helsi   -> Helsinki, Finland, Convenien
  accepted        233  Show me the locations of convenience   -> Helsinki, Finland, Convenien

### Higashi Ward, Sapporo, Hokkaido, Japan / Convenience stores
  seed concern finds 138; 8 utterances kept of 8 asked for
  accepted        138  札幌市東区のコンビニエンスストアを教えてください               -> Higashi, Sapporo, Convenienc
  wrong_area        0  東区のコンビニどこ？                             -> Higashi, Tokyo, Convenience 
  wrong_area        0  札幌東区内にあるコンビニエンスストアの一覧を出してください          -> Sapporo, Hokkaido, Convenien
  wrong_area        0  北海道札幌市東区のコンビニ探してる                      -> Higashi-ku, Sapporo, Hokkaid
  accepted        138  Show me convenience stores in Higash   -> Higashi Ward, Sapporo, Hokka
  accepted        138  I need to find convenience stores in   -> Higashi Ward, Sapporo, Hokka
  accepted        138  Where are the convenience stores in    -> Higashi Ward, Sapporo, Hokka
  accepted        138  List convenience stores in Higashi W   -> Higashi Ward, Sapporo, Hokka

### Higashisumiyoshi Ward, Osaka, Osaka Prefecture, Japan / Convenience stores
  seed concern finds 39; 8 utterances kept of 8 asked for
  accepted         39  大阪府大阪市東住吉区にあるコンビニエンスストアを教えて。           -> Higashisumiyoshi, Osaka, Con
  accepted         39  大阪市東住吉区のコンビニ探してるの。                     -> Higashisumiyoshi, Osaka, Con
  accepted         39  東住吉区、コンビニね。                            -> Higashisumiyoshi, Osaka, Con
  accepted         39  大阪 東住吉区 コンビニ                           -> Higashisumiyoshi, Osaka, Con
  accepted         39  Where are convenience stores in Higa   -> Higashisumiyoshi Ward, Osaka
  accepted         39  Find convenience stores in Higashisu   -> Higashisumiyoshi Ward, Osaka
  accepted         39  List all convenience stores in Higas   -> Higashisumiyoshi Ward, Osaka
  accepted         39  I want to see convenience stores in    -> Higashisumiyoshi Ward, Osaka

### Hino, Tokyo, Japan / Convenience stores
  seed concern finds 57; 8 utterances kept of 8 asked for
  accepted         57  Hinoのコンビニを探して                          -> Hino, Tokyo, Convenience sto
  accepted         57  東京都日野市のコンビニエンスストアはどこですか？               -> Hino, Tokyo, Convenience sto
  accepted         57  日野市内のコンビニ一覧                            -> Hino, Tokyo, Convenience sto
  accepted         57  Hino, Tokyo, Japanのコンビニ                -> Hino, Tokyo, Convenience sto
  accepted         57  Find convenience stores in Hino, Tok   -> Hino, Tokyo, Japan, Convenie
  accepted         57  Where are the convenience stores loc   -> Hino, Tokyo, Japan, Convenie
  accepted         57  Convenience stores in Hino, Tokyo, J   -> Hino, Tokyo, Japan, Convenie
  accepted         57  Show me convenience stores in Hino,    -> Hino, Tokyo, Japan, Convenie

### Ho Chi Minh City, Ho Chi Minh City, Vietnam / Convenience stores
  seed concern finds 3153; 8 utterances kept of 8 asked for
  accepted       3153  ホーチミン市にあるコンビニを探して                      -> Ho Chi Minh City, Convenienc
  accepted       3153  ホーチミン市のコンビニ一覧                          -> Ho Chi Minh City, Convenienc
  accepted       3153  Convenience stores in Ho Chi Minh Ci   -> Ho Chi Minh City, Vietnam, C
  accepted       3153  ホーチミン市内のコンビニエンスストアを知りたい                -> Ho Chi Minh City, Convenienc
  accepted       3153  Find convenience stores in Ho Chi Mi   -> Ho Chi Minh City, Vietnam, C
  accepted       3153  Where are the convenience stores in    -> Ho Chi Minh City, Vietnam, C
  accepted       3153  Show me all convenience stores in Ho   -> Ho Chi Minh City, Vietnam, C
  accepted       3153  Locate convenience stores in Ho Chi    -> Ho Chi Minh City, Vietnam, C

### Incheon, South Korea / Convenience stores
  seed concern finds 522; 8 utterances kept of 8 asked for
  invented_name       0  仁川 韓国 コンビニエンスストア                       -> 
  invented_name       0  ソウルに近い仁川にあるコンビニを探して                    -> 
  invented_name       0  仁川市内のコンビニエンスストア一覧                      -> 
  invented_name       0  韓国・仁川でのコンビニ探し                          -> 
  accepted        522  Show me all the convenience stores i   -> Incheon, South Korea, Conven
  accepted        522  Where can I find convenience stores    -> Incheon, South Korea, Conven
  accepted        522  List convenience stores in Incheon,    -> Incheon, South Korea, Conven
  accepted        522  I need to locate convenience stores    -> Incheon, South Korea, Conven

### Itabashi, Tokyo, Japan / Convenience stores
  seed concern finds 216; 8 utterances kept of 8 asked for
  accepted        216  東京都板橋区のコンビニエンスストアを検索して                 -> Itabashi, Tokyo, Convenience
  accepted        216  板橋区内にあるコンビニはどこ？                        -> Itabashi, Tokyo, Convenience
  accepted        216  Itabashi, Tokyo, Japanのコンビニエンスストア一覧    -> Itabashi, Tokyo, Convenience
  accepted        216  板橋区のコンビニを探したい                          -> Itabashi, Tokyo, Convenience
  accepted        216  Convenience stores in Itabashi, Toky   -> Itabashi, Tokyo, Convenience
  accepted        216  Where are the convenience stores in    -> Itabashi, Tokyo, Convenience
  accepted        216  Show me all convenience stores locat   -> Itabashi, Tokyo, Japan, Conv
  accepted        216  List convenience stores in Itabashi,   -> Itabashi, Tokyo, Japan, Conv

### Jongno-gu, Seoul, South Korea / Convenience stores
  seed concern finds 99; 8 utterances kept of 8 asked for
  accepted         99  ソウルの종로구의コンビニエンスストアを探しています。             -> Jongno-gu, Seoul, Convenienc
  accepted         99  jongno-gu, Seoul, South Koreaのコンビニ     -> Jongno-gu, Seoul, South Kore
  wrong_area        0  ソウル特別市中區종로구にあるコンビニエンスストアの場所を知りたいです。    -> Jung-gu, Seoul, Convenience 
  accepted         99  jongno-gu, Seoul, South Koreaのコンビニエン   -> Jongno-gu, Seoul, South Kore
  accepted         99  Where are the convenience stores in    -> Jongno-gu, Seoul, South Kore
  accepted         99  Map convenience stores in Jongno-gu,   -> Jongno-gu, Seoul, South Kore
  accepted         99  Show me all convenience stores in Jo   -> Jongno-gu, Seoul, South Kore
  accepted         99  Convenience stores in Jongno-gu, Seo   -> Jongno-gu, Seoul, South Kore

### Kamigyō Ward, Kyoto, Kyoto Prefecture, Japan / Convenience stores
  seed concern finds 33; 8 utterances kept of 8 asked for
  accepted         33  京都市上京区のコンビニエンスストアを教えて                  -> Kamigyō, Kyoto, Convenience 
  accepted         33  京都・上京区のコンビニ一覧                          -> Kamigyō, Kyoto, Convenience 
  accepted         33  上京区内のコンビニエンスストアを探して                    -> Kamigyō, Kyoto, Convenience 
  accepted         33  京都市上京区のコンビニエンスストア                      -> Kamigyō, Kyoto, Convenience 
  accepted         33  Where are the convenience stores in    -> Kamigyō Ward, Kyoto, Kyoto P
  accepted         33  Show me convenience stores in Kamigy   -> Kamigyō Ward, Kyoto, Kyoto P
  accepted         33  I need to find a convenience store i   -> Kamigyō Ward, Kyoto, Kyoto P
  accepted         33  Can you locate convenience stores ne   -> Kamigyō Ward, Kyoto, Conveni

### Katsushika, Tokyo, Japan / Convenience stores
  seed concern finds 183; 8 utterances kept of 8 asked for
  accepted        183  葛飾区のコンビニを探して                           -> Katsushika, Tokyo, Convenien
  accepted        183  東京の葛飾にあるコンビニエンスストアの場所                  -> Katsushika, Tokyo, Convenien
  accepted        183  葛飾 東京 日本 コンビニエンスストア                    -> Katsushika, Tokyo, Convenien
  accepted        183  Katsushika, Tokyo, Japanのコンビニエンスストア一   -> Katsushika, Tokyo, Convenien
  accepted        183  Show me all the convenience stores i   -> Katsushika, Tokyo, Japan, Co
  accepted        183  Where are the convenience stores loc   -> Katsushika, Tokyo, Japan, Co
  accepted        183  Map of convenience stores in Katsush   -> Katsushika, Tokyo, Japan, Co
  accepted        183  I need to find convenience stores in   -> Katsushika, Tokyo, Convenien

### Kita Ward, Niigata, Niigata Prefecture, Japan / Convenience stores
  seed concern finds 16; 8 utterances kept of 8 asked for
  wrong_area        0  新潟県新潟市北区のコンビニエンスストアはどこですか？             -> Kita-ku, Niigata, Niigata, C
  wrong_area        0  北区のコンビニを探しています。                        -> Kita, Tokyo, Convenience sto
  wrong_area        0  新潟市北区にコンビニありますか？                       -> Nishi-ku, Niigata, Convenien
  accepted         16  新潟県北区のコンビニエンスストア一覧を教えてください。            -> Kita, Niigata, Convenience s
  accepted         16  Show me all the convenience stores i   -> Kita Ward, Niigata, Niigata 
  accepted         16  Find convenience stores located in K   -> Kita Ward, Niigata, Niigata 
  accepted         16  List convenience stores in Kita Ward   -> Kita Ward, Niigata, Niigata 
  accepted         16  Where are the convenience stores in    -> Kita Ward, Niigata, Niigata 

### Kita, Tokyo, Japan / Convenience stores
  seed concern finds 146; 8 utterances kept of 8 asked for
  accepted        146  北区のコンビニを教えて                            -> Kita, Tokyo, Convenience sto
  accepted        146  Tokyo no Kita ku ni aru convenience    -> Kita, Tokyo, Convenience sto
  accepted        146  東京 北区 コンビニ                             -> Kita, Tokyo, Convenience sto
  accepted        146  北区のコンビニエンスストアはどこですか                    -> Kita, Tokyo, Convenience sto
  accepted        146  Where are the convenience stores in    -> Kita, Tokyo, Japan, Convenie
  accepted        146  I need to find a convenience store i   -> Kita, Tokyo, Convenience sto
  accepted        146  Show me convenience stores located i   -> Kita, Tokyo, Japan, Convenie
  accepted        146  Looking for convenience stores in th   -> Kita, Tokyo, Convenience sto

### Koganei, Tokyo, Japan / Convenience stores
  seed concern finds 44; 8 utterances kept of 8 asked for
  accepted         44  小金井市にあるコンビニを教えてください                    -> Koganei, Tokyo, Convenience 
  accepted         44  小金井 東京 コンビニ                            -> Koganei, Tokyo, Convenience 
  accepted         44  小金井市内のコンビニエンスストアを探しています                -> Koganei, Tokyo, Convenience 
  accepted         44  東京都小金井市のコンビニ一覧                         -> Koganei, Tokyo, Convenience 
  accepted         44  Show me all the convenience stores i   -> Koganei, Tokyo, Japan, Conve
  accepted         44  Where are the convenience stores loc   -> Koganei, Tokyo, Convenience 
  accepted         44  I need to find convenience stores in   -> Koganei, Tokyo, Convenience 
  accepted         44  List the convenience stores in Kogan   -> Koganei, Tokyo, Japan, Conve

### Komae, Tokyo, Japan / Convenience stores
  seed concern finds 29; 8 utterances kept of 8 asked for
  invented_name       0  小岩のコンビニを探して                            -> 
  accepted         29  Komae, Tokyo, Japan のコンビニ一覧            -> Komae, Tokyo, Convenience st
  invented_name       0  東京都小岩市内のコンビニエンスストア                     -> 
  accepted         29  Komae, Tokyo, Japan にあるコンビニはどこ？        -> Komae, Tokyo, Convenience st
  accepted         29  Where are the convenience stores in    -> Komae, Tokyo, Japan, Conveni
  accepted         29  Show me all convenience stores locat   -> Komae, Tokyo, Japan, Conveni
  accepted         29  I need to find convenience stores in   -> Komae, Tokyo, Japan, Conveni
  accepted         29  List the convenience stores in Komae   -> Komae, Tokyo, Japan, Conveni

### Koto, Tokyo, Japan / Convenience stores
  seed concern finds 253; 8 utterances kept of 8 asked for
  accepted        253  江東区のコンビニを探して                           -> Koto, Tokyo, Convenience sto
  accepted        253  Tokyo Koto ku no benri-ten wo shiras   -> Koto, Tokyo, Convenience sto
  accepted        253  東京都江東区域内のコンビニエンスストアを地図上に表示して           -> Koto, Tokyo, Convenience sto
  accepted        253  Koto, Tokyo, Japan ni aru benri-ten    -> Koto, Tokyo, Japan, Convenie
  accepted        253  Convenience stores in Koto, Tokyo, J   -> Koto, Tokyo, Japan, Convenie
  accepted        253  Show me convenience stores in Koto     -> Koto, Convenience stores
  accepted        253  Where are the convenience stores in    -> Koto, Tokyo, Convenience sto
  accepted        253  List all convenience stores in Koto,   -> Koto, Tokyo, Japan, Convenie

### Kwai Tsing District, Hong Kong, China / Convenience stores
  seed concern finds 32; 8 utterances kept of 8 asked for
  invented_name       0  葵青区のコンビニエンスストア                         -> 
  invented_name       0  香港・葵青区にあるコンビニを探しています                   -> 
  invented_name       0  葵青エリアのコンビニエンスストアはどこ？                   -> 
  invented_name       0  葵青区のコンビニ一覧を表示して                        -> 
  accepted         32  Convenience stores in Kwai Tsing Dis   -> Kwai Tsing District, Hong Ko
  accepted         32  I need a list of all convenience sto   -> Kwai Tsing District, Hong Ko
  accepted         32  Show me convenience stores in Kwai T   -> Kwai Tsing District, Hong Ko
  accepted         32  Where are the convenience stores in    -> Kwai Tsing District, Hong Ko

### Lisbon, Portugal / Convenience stores
  seed concern finds 353; 8 utterances kept of 8 asked for
  invented_name       0  リスポンのコンビニを探して                          -> 
  accepted        353  Lisbonのコンビニエンスストアはどこですか                -> Lisbon, Convenience stores
  accepted        353  ポルトガル、リスボンにあるコンビニの場所                   -> Lisbon, Portugal, Convenienc
  accepted        353  リスボン ポルトガル コンビニ                        -> Lisbon, Portugal, Convenienc
  accepted        353  Where are the convenience stores in    -> Lisbon, Portugal, Convenienc
  accepted        353  Find convenience stores in Lisbon, P   -> Lisbon, Portugal, Convenienc
  accepted        353  Show me convenience stores in Lisbon   -> Lisbon, Portugal, Convenienc
  accepted        353  List convenience stores in Lisbon, P   -> Lisbon, Portugal, Convenienc

### Mapo-gu, Seoul, South Korea / Convenience stores
  seed concern finds 199; 8 utterances kept of 8 asked for
  accepted        199  ソウル市麻浦区のコンビニエンスストアを教えて                 -> Mapo, Seoul, Convenience sto
  accepted        199  麻浦区内のコンビニ一覧                            -> Mapo, Seoul, Convenience sto
  accepted        199  ソウルの麻浦区にあるコンビニエンスストアはどこですか             -> Mapo-gu, Seoul, Convenience 
  accepted        199  麻浦区 コンビニ                               -> Mapo, Seoul, Convenience sto
  accepted        199  Convenience stores in Mapo-gu, Seoul   -> Mapo-gu, Seoul, South Korea,
  accepted        199  Find convenience stores near Mapo-gu   -> Mapo-gu, Seoul, South Korea,
  accepted        199  Show me all convenience stores in Ma   -> Mapo-gu, Seoul, South Korea,
  accepted        199  Mapo-gu, Seoul, South Korea convenie   -> Mapo-gu, Seoul, South Korea,

### Midori Ward, Saitama, Saitama Prefecture, Japan / Convenience stores
  seed concern finds 46; 8 utterances kept of 8 asked for
  wrong_area        0  緑区のコンビニエンスストアを教えてください                  -> Midori-ku, Yokohama, Conveni
  accepted         46  埼玉県の緑区にあるコンビニ探して                       -> Midori, Saitama, Convenience
  wrong_area        0  緑区 コンビニ                                -> Midori-ku, Convenience store
  wrong_area        0  緑区のコンビニエンスストアの場所を知りたいです                -> Midori-ku, Yokohama, Conveni
  accepted         46  Show me convenience stores in Midori   -> Midori Ward, Saitama, Saitam
  accepted         46  I need to find convenience stores in   -> Midori Ward, Saitama, Saitam
  accepted         46  Where are the convenience stores loc   -> Midori Ward, Saitama, Saitam
  accepted         46  List all convenience stores in Midor   -> Midori Ward, Saitama, Saitam

### Minami Ward, Kyoto, Kyoto Prefecture, Japan / Convenience stores
  seed concern finds 67; 8 utterances kept of 8 asked for
  accepted         67  京都市南区のコンビニエンスストアを教えて                   -> Minami, Kyoto, Convenience s
  accepted         67  京都府京都市南区にあるコンビニを探して                    -> Minami, Kyoto, Convenience s
  wrong_area        0  南区のコンビニ一覧                              -> Minami, Japan, Convenience s
  accepted         67  京都市南区 店舗 コンビニエンスストア                    -> Minami, Kyoto, Convenience s
  accepted         67  I am looking for convenience stores    -> Minami Ward, Kyoto, Kyoto Pr
  accepted         67  Show me all convenience stores in Mi   -> Minami Ward, Kyoto, Kyoto Pr
  accepted         67  Find convenience stores in Minami Wa   -> Minami Ward, Kyoto, Kyoto Pr
  accepted         67  Where are the convenience stores loc   -> Minami Ward, Kyoto, Kyoto Pr

### Minami Ward, Sapporo, Hokkaido, Japan / Convenience stores
  seed concern finds 0; 8 utterances kept of 8 asked for
  no_area_line       0  Minami Ward, Sapporo, Hokkaido, Japa   -> 
  zero_results       0  Minami Ward, Sapporo, Hokkaido, Japa   -> Minami Ward, Sapporo, Hokkai
  zero_results       0  Minami Ward, Sapporo, Hokkaido, Japa   -> Minami Ward, Sapporo, Hokkai
  zero_results       0  Minami Ward, Sapporo, Hokkaido, Japa   -> Minami Ward, Sapporo, Hokkai
  zero_results       0  Show me all convenience stores in Mi   -> Minami Ward, Sapporo, Hokkai
  zero_results       0  List convenience stores located in M   -> Minami Ward, Sapporo, Hokkai
  zero_results       0  Find convenience stores in Minami Wa   -> Minami Ward, Sapporo, Hokkai
  zero_results       0  Search for convenience stores within   -> Minami Ward, Sapporo, Hokkai

### Minato, Tokyo, Japan / Convenience stores
  seed concern finds 344; 8 utterances kept of 8 asked for
  accepted        344  港区のコンビニ一覧を表示して                         -> Minato, Tokyo, Convenience s
  accepted        344  東京・港区にあるコンビニエンスストアを教えて                 -> Minato, Tokyo, Convenience s
  accepted        344  港区内のコンビニエンスストアの位置を出して                  -> Minato, Tokyo, Convenience s
  accepted        344  港区のコンビニエンスストアを探して                      -> Minato, Tokyo, Convenience s
  accepted        344  Where are convenience stores in Mina   -> Minato, convenience stores
  accepted        344  Convenience stores near me in Minato   -> Minato, Tokyo, Convenience s
  accepted        344  Show me all convenience stores in Mi   -> Minato, Tokyo, Convenience s
  accepted        344  Can you find convenience stores in M   -> Minato, convenience stores

### Miyakojima Ward, Osaka, Osaka Prefecture, Japan / Convenience stores
  seed concern finds 52; 8 utterances kept of 8 asked for
  wrong_area        0  大阪府大阪市都島区のコンビニエンスストアを教えて               -> Mikunimachi, Ikeda, Osaka, C
  wrong_area        0  都島区にあるコンビニを探して                         -> Mikunimachi, Osaka, Convenie
  wrong_area        0  大阪市都島区のコンビニエンスストア一覧を出して                -> Mikunimachi, Ikeda, Osaka, C
  wrong_area        0  都島区のコンビニどこ？                            -> Miyoshima, Osaka, Convenienc
  accepted         52  Show me convenience stores in Miyako   -> Miyakojima Ward, Osaka, Osak
  accepted         52  Where are the convenience stores loc   -> Miyakojima Ward, Osaka, Osak
  accepted         52  I need to find a convenience store i   -> Miyakojima Ward, Osaka, Conv
  accepted         52  List all convenience stores in Miyak   -> Miyakojima Ward, Osaka, Osak

### Mumbai, India / Convenience stores
  seed concern finds 156; 8 utterances kept of 8 asked for
  accepted        156  インド・ムンバイにあるコンビニエンスストアを教えて              -> Mumbai, India, Convenience s
  accepted        156  ムンバイのコンビニ一覧                            -> Mumbai, Convenience stores
  accepted        156  ムンバイでコンビニエンスストアを探す                     -> Mumbai, Convenience stores
  accepted        156  ムンバイ市内のコンビニエンスストアはどこにある？               -> Mumbai, Convenience stores
  accepted        156  Show convenience stores in Mumbai, I   -> Mumbai, India, Convenience s
  accepted        156  Where are convenience stores located   -> Mumbai, India, Convenience s
  accepted        156  I need a map of convenience stores i   -> Mumbai, India, Convenience s
  accepted        156  Please find all convenience stores i   -> Mumbai, India, Convenience s

### Nagoya, Aichi Prefecture, Japan / Convenience stores
  seed concern finds 997; 8 utterances kept of 8 asked for
  accepted        997  名古屋のコンビニを探して                           -> Nagoya, Aichi, Convenience s
  accepted        997  愛知県名古屋市内のコンビニエンスストア一覧                  -> Nagoya, Aichi Prefecture, Co
  accepted        997  Nagoya, Aichi Prefecture, Japanのコンビニ   -> Nagoya, Aichi Prefecture, Ja
  accepted        997  名古屋市のコンビニエンスストアを教えて                    -> Nagoya, Aichi, Convenience s
  accepted        997  Find convenience stores in Nagoya, A   -> Nagoya, Aichi Prefecture, Ja
  accepted        997  Where are the convenience stores loc   -> Nagoya, Aichi Prefecture, Ja
  accepted        997  Show me all convenience stores in Na   -> Nagoya, Aichi Prefecture, Ja
  accepted        997  I need to locate convenience stores    -> Nagoya, Aichi Prefecture, Ja

### Nakagyo Ward, Kyoto, Kyoto Prefecture, Japan / Convenience stores
  seed concern finds 77; 8 utterances kept of 8 asked for
  accepted         77  京都府京都市中京区のコンビニエンスストアを教えてください           -> Nakagyo, Kyoto, Convenience 
  accepted         77  中京区内にあるコンビニを探して                        -> Nakagyo, Kyoto, Convenience 
  accepted         77  京都中京区のコンビニ一覧                           -> Nakagyo, Kyoto, Convenience 
  accepted         77  京都市中京区のコンビニエンスストアの場所                   -> Nakagyo, Kyoto, Convenience 
  accepted         77  Where are the convenience stores in    -> Nakagyo Ward, Kyoto, Conveni
  accepted         77  I need to find all convenience store   -> Nakagyo Ward, Kyoto, Kyoto P
  accepted         77  Please list the convenience stores i   -> Nakagyo Ward, Kyoto, Kyoto P
  accepted         77  Find me the convenience stores in Na   -> Nakagyo Ward, Kyoto, Kyoto P

### Naples, Campania, Italy / Convenience stores
  seed concern finds 111; 8 utterances kept of 8 asked for
  invented_name       0  カンパニア州ナプーレにあるコンビニエンスストアを教えて            -> 
  invented_name       0  ナプーレのコンビニエンスストアを探しています                 -> 
  invented_name       0  ナプーレ市内のコンビニエンスストア一覧                    -> 
  invented_name       0  ナプーレのコンビニエンスストアはどこですか？                 -> 
  accepted        111  Convenience stores in Naples, Campan   -> Naples, Campania, Italy, Con
  accepted        111  Where are the convenience stores loc   -> Naples, Campania, Italy, Con
  accepted        111  Show me convenience stores near Napl   -> Naples, Campania, Italy, Con
  accepted        111  List of convenience stores in Naples   -> Naples, Campania, Italy, Con

### Nishi Ward, Fukuoka, Fukuoka Prefecture, Japan / Convenience stores
  seed concern finds 0; 8 utterances kept of 8 asked for
  wrong_area        0  福岡市西区のコンビニエンスストアを教えてください。              -> Nishi, Fukuoka, Convenience 
  wrong_area        0  西区 福岡 コンビニ                             -> Nishi, Fukuoka, Convenience 
  wrong_area        0  福岡県福岡市西区にあるコンビニエンスストアの場所を示して。          -> Nishi, Fukuoka, Fukuoka Pref
  zero_results       0  Nishi Ward, Fukuoka, Fukuoka Prefect   -> Nishi Ward, Fukuoka, Fukuoka
  zero_results       0  Where can I find convenience stores    -> Nishi Ward, Fukuoka, Fukuoka
  zero_results       0  Map of convenience stores in Nishi W   -> Nishi Ward, Fukuoka, Fukuoka
  zero_results       0  Show me all convenience stores in Ni   -> Nishi Ward, Fukuoka, Fukuoka
  zero_results       0  I need to locate convenience stores    -> Nishi Ward, Fukuoka, Fukuoka

### Nishi Ward, Saitama, Saitama Prefecture, Japan / Convenience stores
  seed concern finds 39; 8 utterances kept of 8 asked for
  deep_gap          0  埼玉県さいたま市西区のコンビニエンスストアを探して              -> Nishi, Saitama, Saitama, Con
  wrong_area        0  西区のコンビニ一覧                              -> Nishi, Osaka, Convenience st
  accepted         39  さいたま市西区にあるコンビニエンスストア教えて                -> Nishi-ku, Saitama, Convenien
  wrong_area        0  埼玉西区のコンビニ                              -> Saitama, Saitama Prefecture,
  accepted         39  Show me all the convenience stores i   -> Nishi Ward, Saitama, Saitama
  accepted         39  I need to find convenience stores lo   -> Nishi Ward, Saitama, Saitama
  accepted         39  Search for convenience stores within   -> Nishi Ward, Saitama, Saitama
  accepted         39  List convenience stores in the Nishi   -> Nishi Ward, Saitama, Saitama

### Nishikyo Ward, Kyoto, Kyoto Prefecture, Japan / Convenience stores
  seed concern finds 48; 8 utterances kept of 8 asked for
  accepted         48  京都府京都市西京区のコンビニを探して                     -> Nishikyo, Kyoto, Convenience
  accepted         48  西京区内にあるコンビニエンスストアの場所を教えて               -> Nishikyo, Kyoto, Convenience
  accepted         48  Kyoto Nishikyo-ku no konbini o sagas   -> Nishikyo-ku, Kyoto, Convenie
  accepted         48  西京区のコンビニどこにある？                         -> Nishikyo, Kyoto, Convenience
  accepted         48  Where are the convenience stores in    -> Nishikyo Ward, Kyoto, Kyoto 
  accepted         48  Map showing convenience stores in Ni   -> Nishikyo Ward, Kyoto, Kyoto 
  accepted         48  Show me convenience stores in Nishik   -> Nishikyo Ward, Kyoto, Kyoto 
  accepted         48  Convenience stores in Nishikyo Ward,   -> Nishikyo Ward, Kyoto, Kyoto 

### Nowon-gu, Seoul, South Korea / Convenience stores
  seed concern finds 55; 8 utterances kept of 8 asked for
  accepted         55  ソウルの-nowon-gu-にあるコンビニを探して              -> Nowon-gu, Seoul, Convenience
  accepted         55  nowon-gu のコンビニ一覧                       -> Nowon-gu, Seoul, Convenience
  accepted         55  韓国 ソウル nowon-gu コンビニ                   -> Nowon-gu, Seoul, Convenience
  accepted         55  Nowon-gu, Seoul, South Korea のコンビニ     -> Nowon-gu, Seoul, South Korea
  accepted         55  Show me all convenience stores in No   -> Nowon-gu, Seoul, South Korea
  accepted         55  Where are the convenience stores loc   -> Nowon-gu, Seoul, South Korea
  accepted         55  List convenience stores in Nowon-gu,   -> Nowon-gu, Seoul, South Korea
  accepted         55  Convenience stores in Nowon-gu, Seou   -> Nowon-gu, Seoul, South Korea

### Osaka, Osaka Prefecture, Japan / Convenience stores
  seed concern finds 1576; 8 utterances kept of 8 asked for
  accepted       1576  大阪府大阪市内のコンビニを探して                       -> Osaka, Osaka Prefecture, Con
  accepted       1576  Osakaのコンビニエンスストアはどこ？                   -> Osaka, Convenience stores
  accepted       1576  大阪 市内 コンビニ 検索                          -> Osaka City, Convenience stor
  accepted       1576  Where are convenience stores in Osak   -> Osaka, Convenience stores
  accepted       1576  I need to find a convenience store i   -> Osaka, Convenience stores
  accepted       1576  Where can I find convenience stores    -> Osaka, Convenience stores
  accepted       1576  Show me all convenience stores in Os   -> Osaka, Convenience stores
  accepted       1576  Looking for convenience stores locat   -> Osaka, Convenience stores

### Prague, Czech Republic / Convenience stores
  seed concern finds 851; 8 utterances kept of 8 asked for
  invented_name       0  Prague, Czech Republicのコンビニエンスストアを教え   -> 
  accepted        851  プラハのコンビニ探してる。                          -> Prague, Convenience stores
  invented_name       0  Czech RepublicのPragueにあるコンビニはどこ？       -> 
  accepted        851  プラハ市内のコンビニエンスストアの場所を教えて                -> Prague, Convenience stores
  invented_name       0  Show me convenience stores in Prague   -> 
  invented_name       0  Where are the convenience stores in    -> 
  invented_name       0  I need to find convenience stores in   -> 
  invented_name       0  List all convenience stores in Pragu   -> 

### Sakae Ward, Yokohama, Kanagawa Prefecture, Japan / Convenience stores
  seed concern finds 32; 8 utterances kept of 8 asked for
  accepted         32  栄区のコンビニ教えて                             -> Sakae-ku, Yokohama, Convenie
  wrong_area        0  栄区内のコンビニエンスストア一覧を知りたいです                -> Sakae, Nagoya, Convenience s
  wrong_area        0  神奈川県横浜市栄区のコンビニはどこにある？                  -> Sakae-ku, Yokohama, Kanagawa
  accepted         32  横浜市の栄区にあるコンビニエンスストアを教えてください。           -> Sakae-ku, Yokohama, Convenie
  accepted         32  Find all convenience stores in Sakae   -> Sakae Ward, Yokohama, Kanaga
  accepted         32  Where are the convenience stores in    -> Sakae Ward, Yokohama, Kanaga
  accepted         32  Show me convenience stores located i   -> Sakae Ward, Yokohama, Kanaga
  wrong_area        0  List convenience stores in Sakae War   -> Sakae Ward, Yokohama, Kanaga

### Sawara Ward, Fukuoka, Fukuoka Prefecture, Japan / Convenience stores
  seed concern finds 696; 8 utterances kept of 8 asked for
  accepted         76  福岡県福岡市早良区のコンビニエンスストアを教えてください           -> Sawara, Fukuoka, Fukuoka Pre
  accepted         76  早良区内のコンビニの場所を教えて                       -> Sawara, Fukuoka, Convenience
  accepted         76  福岡早良区のコンビニ探して                          -> Sawara, Fukuoka, Convenience
  accepted         76  福岡市早良区でコンビニエンスストアを検索して                 -> Sawara, Fukuoka, Convenience
  accepted        696  Show me all convenience stores in Sa   -> Sawara Ward, Fukuoka, Fukuok
  accepted        696  Where are the convenience stores loc   -> Sawara Ward, Fukuoka, Fukuok
  accepted        696  List the convenience stores in Sawar   -> Sawara Ward, Fukuoka, Fukuok
  accepted        696  Please map out the convenience store   -> Sawara Ward, Fukuoka, Fukuok

### Seongbuk-gu, Seoul, South Korea / Convenience stores
  seed concern finds 106; 8 utterances kept of 8 asked for
  accepted        106  ソウル城北区のコンビニエンスストアを教えて                  -> Seongbuk-gu, Seoul, Convenie
  invented_name       0  城南区にあるコンビニを探して                         -> 
  accepted        106  Seongbuk-gu, Seoul, South Korea のコンビ   -> Seongbuk-gu, Seoul, South Ko
  accepted        106  ソウル特別市城北区のコンビニエンスストア一覧                 -> Seongbuk-gu, Seoul, Convenie
  accepted        106  Show me all convenience stores in Se   -> Seongbuk-gu, Seoul, South Ko
  accepted        106  Find convenience stores in Seongbuk-   -> Seongbuk-gu, Seoul, South Ko
  accepted        106  I am looking for convenience stores    -> Seongbuk-gu, Seoul, South Ko
  accepted        106  Where are the convenience stores in    -> Seongbuk-gu, Seoul, South Ko

### Seya Ward, Yokohama, Kanagawa Prefecture, Japan / Convenience stores
  seed concern finds 44; 8 utterances kept of 8 asked for
  accepted          6  神奈川県横浜市瀬谷区のコンビニエンスストアを教えて。             -> Seya, Yokohama, Kanagawa, Co
  accepted         44  瀬谷区にあるコンビニはどこですか？                      -> Seya, Yokohama, Convenience 
  accepted         44  横浜市瀬谷区、コンビニエンスストアの場所を知りたいです。           -> Seya, Yokohama, Convenience 
  accepted         44  神奈川県の瀬谷区でコンビニを探しています。                  -> Seya, Kanagawa, Convenience 
  accepted         44  Find convenience stores in Seya Ward   -> Seya Ward, Yokohama, Kanagaw
  wrong_area        0  Where are the convenience stores loc   -> Seya Ward, Yokohama, Kanagaw
  wrong_area        0  Show me shops in Seya Ward, Yokohama   -> Seya Ward, Yokohama, Kanagaw
  accepted         44  List all convenience stores in Seya    -> Seya Ward, Yokohama, Kanagaw

### Shinjuku, Tokyo, Japan / Convenience stores
  seed concern finds 355; 8 utterances kept of 8 asked for
  accepted        355  新宿のコンビニを教えて                            -> Shinjuku, Tokyo, Convenience
  accepted        355  TokyoのShinjukuにあるコンビニを探して              -> Shinjuku, Tokyo, Convenience
  accepted        355  Shinjuku, Tokyo, Japanのコンビニ一覧          -> Shinjuku, Tokyo, Japan, Conv
  accepted        355  東京都新宿区のコンビニはどこ？                        -> Shinjuku, Tokyo, Convenience
  accepted        355  Convenience stores in Shinjuku, Toky   -> Shinjuku, Tokyo, Japan, Conv
  accepted        355  Where are the convenience stores loc   -> Shinjuku, Tokyo, Japan, Conv
  accepted        355  Convenience stores in Shinjuku, Toky   -> Shinjuku, Tokyo, Japan, Conv
  accepted        355  Show me convenience stores in Shinju   -> Shinjuku, Tokyo, Japan, Conv

### Suginami, Tokyo, Japan / Convenience stores
  seed concern finds 235; 8 utterances kept of 8 asked for
  accepted        235  杉並区にあるコンビニを探してる                        -> Suginami, Tokyo, Convenience
  accepted        235  Tokyoの杉並エリアのコンビニ一覧                     -> Suginami, Tokyo, Convenience
  accepted        235  杉並区 コンビニ                               -> Suginami, Tokyo, Convenience
  accepted        235  東京都杉並区のコンビニエンスストアを教えて                  -> Suginami, Tokyo, Convenience
  accepted        235  Where can I find convenience stores    -> Suginami, Tokyo, Japan, Conv
  accepted        235  Show me all convenience stores locat   -> Suginami, Tokyo, Japan, Conv
  accepted        235  I need a list of convenience stores    -> Suginami, Tokyo, Convenience
  accepted        235  Please map out the convenience store   -> Suginami, Tokyo, Japan, Conv

### Surabaya, Indonesia / Convenience stores
  seed concern finds 166; 8 utterances kept of 8 asked for
  accepted        166  スラバヤのコンビニエンスストア                        -> スラバヤ, コンビニエンスストア
  accepted        166  インドネシアのスラバヤにあるコンビニを探して                 -> Surabaya, Indonesia, Conveni
  accepted        166  スラバヤ コンビニ                              -> Surabaya, Convenience stores
  accepted        166  インドネシア、スラバヤのコンビニエンスストア一覧               -> Surabaya, Indonesia, Conveni
  accepted        166  Show me convenience stores in Suraba   -> Surabaya, Indonesia, Conveni
  accepted        166  Where are the convenience stores loc   -> Surabaya, Indonesia, Conveni
  accepted        166  List all convenience stores in Surab   -> Surabaya, Indonesia, Conveni
  accepted        166  I need to find convenience stores in   -> Surabaya, Indonesia, Conveni

### Taisho Ward, Osaka, Osaka Prefecture, Japan / Convenience stores
  seed concern finds 35; 8 utterances kept of 8 asked for
  accepted         35  大阪府大阪市大正区のコンビニエンスストアを教えてください           -> Taisho, Osaka, Convenience s
  accepted         35  大正区にあるコンビニ探してる                         -> Taisho, Osaka, Convenience s
  accepted         35  大阪市大正区 コンビニ                            -> Taisho, Osaka, Convenience s
  accepted         35  大阪大正区のコンビニエンスストア一覧を出して                 -> Taisho, Osaka, Convenience s
  accepted         35  Where are the convenience stores in    -> Taisho Ward, Osaka, Osaka Pr
  accepted         35  Show me all convenience stores locat   -> Taisho Ward, Osaka, Osaka Pr
  accepted         35  I need to find convenience stores in   -> Taisho Ward, Osaka, Convenie
  accepted         35  Please list convenience stores in Ta   -> Taisho Ward, Osaka, Convenie

### Teine Ward, Sapporo, Hokkaido, Japan / Convenience stores
  seed concern finds 35; 8 utterances kept of 8 asked for
  accepted         35  手稲区のコンビニを探して                           -> Teine, Sapporo, Convenience 
  accepted         35  札幌市手稲区内のコンビニエンスストアの場所                  -> Teine, Sapporo, Convenience 
  accepted         35  手稲区のコンビニ一覧                             -> Teine, Sapporo, Convenience 
  accepted         35  手稲区にあるコンビニ教えて                          -> Teine, Sapporo, Convenience 
  accepted         35  Convenience stores in Teine Ward, Sa   -> Teine Ward, Sapporo, Hokkaid
  accepted         35  List all convenience stores located    -> Teine Ward, Sapporo, Hokkaid
  accepted         35  Show me where the convenience stores   -> Teine Ward, Sapporo, Hokkaid
  accepted         35  Find convenience stores in Teine War   -> Teine Ward, Sapporo, Hokkaid

### Toshima, Tokyo, Japan / Convenience stores
  seed concern finds 228; 8 utterances kept of 8 asked for
  accepted        228  東京の豊島区にあるコンビニエンスストアを教えて                -> Toshima, Tokyo, Convenience 
  accepted        228  豊島区内のコンビニ一覧                            -> Toshima, Tokyo, Convenience 
  accepted        228  東京都豊島区のコンビニエンスストアを探して                  -> Toshima, Tokyo, Convenience 
  accepted        228  豊島区のコンビニエンスストアを出して                     -> Toshima, Tokyo, Convenience 
  accepted        228  I need to find convenience stores in   -> Toshima, Tokyo, Japan, Conve
  accepted        228  Where are the convenience stores loc   -> Toshima, Tokyo, Japan, Conve
  accepted        228  Show me all convenience stores in th   -> Toshima, Tokyo, Japan, Conve
  accepted        228  List the convenience stores in Toshi   -> Toshima, Tokyo, Japan, Conve

### Tsurumi Ward, Osaka, Osaka Prefecture, Japan / Convenience stores
  seed concern finds 41; 8 utterances kept of 8 asked for
  accepted         41  大阪府大阪市鶴見区のコンビニエンスストア                   -> Tsurumi, Osaka, Convenience 
  wrong_area        0  鶴見区内のコンビニ教えて                           -> Tsurumi, Yokohama, Convenien
  accepted         41  大阪市鶴見区にあるコンビニエンスストアの一覧                 -> Tsurumi, Osaka, Convenience 
  wrong_area        0  鶴見区のコンビニエンスストアを探して                     -> Tsurumi, Yokohama, Convenien
  accepted         41  Show me convenience stores in Tsurum   -> Tsurumi Ward, Osaka, Osaka P
  accepted         41  Where are the convenience stores in    -> Tsurumi Ward, Osaka, Osaka P
  accepted         41  List all convenience stores located    -> Tsurumi Ward, Osaka, Osaka P
  accepted         41  Map of convenience stores in Tsurumi   -> Tsurumi Ward, Osaka, Osaka P

### Ukyo Ward, Kyoto, Kyoto Prefecture, Japan / Convenience stores
  seed concern finds 65; 8 utterances kept of 8 asked for
  accepted         65  京都府京都市右京区のコンビニエンスストアを教えて               -> Ukyo, Kyoto, Convenience sto
  accepted         65  右京区のコンビニ探してる                           -> Ukyo, Kyoto, Convenience sto
  accepted         65  京都右京 コンビニ 一覧                           -> Ukyo, Kyoto, Convenience sto
  accepted         65  京都市右京区にあるコンビニはどこ？                      -> Ukyo, Kyoto, Convenience sto
  invented_name       0  I am looking for convenience stores    -> 
  invented_name       0  Where are the convenience stores in    -> 
  invented_name       0  Show me convenience stores in Ukyo W   -> 
  invented_name       0  Find convenience stores near Ukyo Wa   -> 

### Valencia, Valencian Community, Spain / Convenience stores
  seed concern finds 92; 8 utterances kept of 8 asked for
  accepted         92  バレンシアのコンビニエンスストアを教えて                   -> Valencia, Convenience stores
  accepted         92  バレンシア市内にあるコンビニを探して                     -> Valencia, Convenience stores
  accepted         92  バレンシアのコンビニ一覧                           -> Valencia, Convenience stores
  accepted         92  バレンシアでコンビニを探して                         -> Valencia, Convenience stores
  accepted         92  Where can I find convenience stores    -> Valencia, Valencian Communit
  accepted         92  Show me all convenience stores in Va   -> Valencia, Valencian Communit
  accepted         92  Convenience stores near Valencia, Va   -> Valencia, Valencian Communit
  accepted         92  I need a list of convenience stores    -> Valencia, Valencian Communit

### Warsaw, Masovian Voivodeship, Poland / Convenience stores
  seed concern finds 1688; 8 utterances kept of 8 asked for
  accepted       1688  ワルシャワのコンビニエンスストアを調べて                   -> Warsaw, Convenience stores
  wrong_area        0  ポーランドのワルシャワにあるコンビニを探して                 -> Warsaw, Poland, Convenience 
  accepted       1688  ワルシャワ市 マゾフシェ県 内のコンビニエンスストア一覧           -> Warsaw, Masovian Voivodeship
  accepted       1688  ワルシャワのコンビニエンスストアはどこですか                 -> Warsaw, Convenience stores
  accepted       1688  Find convenience stores in Warsaw, M   -> Warsaw, Masovian Voivodeship
  accepted       1688  I need a list of convenience stores    -> Warsaw, Masovian Voivodeship
  accepted       1688  Where are convenience stores in Wars   -> Warsaw, Masovian Voivodeship
  accepted       1688  Show me convenience stores in Warsaw   -> Warsaw, Masovian Voivodeship

### Yau Tsim Mong District, Hong Kong, China / Convenience stores
  seed concern finds 168; 8 utterances kept of 8 asked for
  accepted       1053  油尖旺区のコンビニエンスストアを教えて                    -> Yau Tsim Mong, Hong Kong, Co
  accepted       1053  香港油尖旺地区にあるコンビニを探しています                  -> Yau Tsim Mong, Hong Kong, Co
  accepted       1053  油尖旺区 コンビニ                              -> Yau Tsim Mong, Hong Kong, Co
  accepted       1053  油尖旺区内のコンビニエンスストア一覧                     -> Yau Tsim Mong, Hong Kong, Co
  accepted        168  Find convenience stores in Yau Tsim    -> Yau Tsim Mong District, Hong
  accepted        168  Where are the convenience stores loc   -> Yau Tsim Mong District, Hong
  accepted        168  Show me all convenience stores in Ya   -> Yau Tsim Mong District, Hong
  no_area_line       0  List of convenience stores in Yau Ts   -> 

### Zurich, Switzerland / Convenience stores
  seed concern finds 185; 8 utterances kept of 8 asked for
  accepted        185  スイスのチューリッヒにあるコンビニエンスストアを教えて            -> Zurich, Switzerland, Conveni
  no_area_line       0  チューリッヒ 日本                              -> 
  accepted        185  スイス チューリッヒ コンビニ 検索                     -> Zurich, Switzerland, Conveni
  accepted        185  チューリッヒ市内のコンビニエンスストア一覧                  -> Zurich, Switzerland, Conveni
  accepted        185  Where are the convenience stores loc   -> Zurich, Switzerland, Conveni
  accepted        185  I need to find convenience stores in   -> Zurich, Switzerland, Conveni
  accepted        185  Please show me all convenience store   -> Zurich, Switzerland, Conveni
  accepted        185  Find convenience stores in Zurich, S   -> Zurich, Switzerland, Conveni

### Dobong-gu, Seoul, South Korea / Dentists
  seed concern finds 4; 8 utterances kept of 8 asked for
  accepted          1  ソウルの道峰区の歯科医院を探しています。                   -> Dobong-gu, Seoul, Dental cli
  accepted          4  道峰区 歯医者                                -> Dobong, Seoul, Dentists
  invented_name       0  ドボンク デンティスト 検索                         -> 
  accepted          1  ソウル特別市道峰区の歯科クリニック一覧                    -> Dobong-gu, Seoul, Dental cli
  accepted          4  Show dentists in Dobong-gu, Seoul, S   -> Dobong-gu, Seoul, South Kore
  accepted         41  I'm looking for dental clinics in Do   -> 도봉구, 서울, 대한민국, 치과
  accepted          4  Find dentist offices located in Dobo   -> Dobong-gu, Seoul, South Kore
  accepted          4  Where can I find a dentist in Dobong   -> Dobong-gu, Seoul, South Kore

### Eunpyeong-gu, Seoul, South Korea / Dentists
  seed concern finds 14; 8 utterances kept of 8 asked for
  accepted         14  Eunpyeong-gu, Seoul, South Koreaの歯科医   -> Eunpyeong-gu, Seoul, South K
  invented_name       0  ソウル北辺区に歯科クリニックはありませんか？                 -> 
  accepted         14  Eunpyeong-gu, Seoul, South Koreaで歯医者   -> Eunpyeong-gu, Seoul, South K
  invented_name       0  北辺区の歯科医院を教えてください                       -> 
  accepted         14  Find dentists in Eunpyeong-gu, Seoul   -> Eunpyeong-gu, Seoul, South K
  accepted         14  Show me dental clinics in Eunpyeong-   -> Eunpyeong-gu, Seoul, South K
  accepted         14  Where are the dentists in Eunpyeong-   -> Eunpyeong-gu, Seoul, South K
  accepted         14  Locate dentist offices in Eunpyeong-   -> Eunpyeong-gu, Seoul, South K

### Gangdong-gu, Seoul, South Korea / Dentists
  seed concern finds 8; 8 utterances kept of 8 asked for
  accepted          8  강동구 치과 알려줘                             -> Gangdong-gu, Seoul, Dental c
  invented_name       0  서울 강남구 치과 진료 가능한 곳?                    -> 
  accepted          8  강동구 지역에서 치과 추천해 줘                      -> Gangdong-gu, Seoul, Dental c
  accepted          8  Seoul Gangdong-gu dentists please      -> Gangdong-gu, Seoul, Dentists
  accepted          8  Find dentists in Gangdong-gu, Seoul,   -> Gangdong-gu, Seoul, South Ko
  accepted          8  I'm looking for dentists in Gangdong   -> Gangdong-gu, Seoul, South Ko
  accepted          8  Show me dentist locations in Gangdon   -> Gangdong-gu, Seoul, South Ko
  accepted          8  Where are the dentists in Gangdong-g   -> Gangdong-gu, Seoul, South Ko

### Guro-gu, Seoul, South Korea / Dentists
  seed concern finds 15; 8 utterances kept of 8 asked for
  accepted         15  ソウル市九老区の歯医者を探しています                     -> Guro, Seoul, Dentists
  accepted         15  九老区 歯医者                                -> Guro, Seoul, Dentists
  accepted         15  ソウル九老区の歯科医院一覧                          -> Guro-gu, Seoul, Dental clini
  wrong_area        0  九老区の歯医者さん教えてください                       -> Jiulou District, Kaohsiung, 
  accepted         15  I need to find dentists in Guro-gu,    -> Guro-gu, Seoul, South Korea,
  accepted         15  Where are the dentists located in Gu   -> Guro-gu, Seoul, South Korea,
  accepted         15  Show me dentists in Guro-gu, Seoul,    -> Guro-gu, Seoul, South Korea,
  accepted         15  Search for dentists in Guro-gu, Seou   -> Guro-gu, Seoul, South Korea,

### Iwatsuki Ward, Saitama, Saitama Prefecture, Japan / Dentists
  seed concern finds 20; 8 utterances kept of 8 asked for
  deep_gap          0  岩槻区の歯科医院を教えて                           -> Iwatsuki, Saitama, Dental cl
  deep_gap          0  埼玉県さいたま市岩槻区で歯科を探している                   -> Iwatsuki, Saitama, Dental cl
  accepted         20  岩槻区の歯医者さんMAP                           -> Iwatsuki, Saitama, Dentists
  deep_gap          0  岩槻区の診療科：歯科                             -> Iwatsuki, Saitama, Dental cl
  accepted         20  Find dentists in Iwatsuki Ward, Sait   -> Iwatsuki, Saitama, Dentists
  accepted         20  Show me dental clinics in Iwatsuki W   -> Iwatsuki Ward, Saitama, Sait
  accepted         20  Where are the dentists in Iwatsuki W   -> Iwatsuki, Saitama, Dentists
  accepted         20  I need a dentist in Iwatsuki Ward, S   -> Iwatsuki, Saitama, Dentists

### Kamigyō Ward, Kyoto, Kyoto Prefecture, Japan / Dentists
  seed concern finds 8; 8 utterances kept of 8 asked for
  accepted          8  上京区の歯科医院を教えて                           -> Kamigyō, Kyoto, Dental clini
  accepted          8  京都府京都市上京区で歯医者を探して                      -> Kamigyō, Kyoto, Dentists
  accepted          8  上京区 歯科                                 -> Kamigyō, Kyoto, Dental clini
  accepted          8  京都市上京区の歯科医院一覧                          -> Kamigyō, Kyoto, Dental clini
  accepted          8  Dentists in Kamigyō Ward, Kyoto, Kyo   -> Kamigyō Ward, Kyoto, Kyoto P
  accepted          8  Find dentists near Kamigyō Ward, Kyo   -> Kamigyō Ward, Kyoto, Kyoto P
  accepted          8  Where can I find dentists in Kamigyō   -> Kamigyō Ward, Kyoto, Kyoto P
  accepted          8  List of dentists in Kamigyō Ward, Ky   -> Kamigyō Ward, Kyoto, Kyoto P

### Nishi Ward, Fukuoka, Fukuoka Prefecture, Japan / Dentists
  seed concern finds 0; 8 utterances kept of 8 asked for
  wrong_area        0  福岡市西区の歯科医院を教えてください                     -> Nishi, Fukuoka, Dental clini
  wrong_area        0  西区 歯科 検索                               -> Nishi, Osaka, Dental clinics
  wrong_area        0  福岡西区で歯医者さんを探してる                        -> Nishi, Fukuoka, Dentists
  wrong_area        0  西区のデンティストリストを教えて                       -> Nishi, Osaka, Dentists
  zero_results       0  Where are the dentists in Nishi Ward   -> Nishi Ward, Fukuoka, Fukuoka
  zero_results       0  I need to find a dentist in Nishi Wa   -> Nishi Ward, Fukuoka, Fukuoka
  zero_results       0  Please show me dentists located in N   -> Nishi Ward, Fukuoka, Fukuoka
  accepted          8  Dentists in Nishi Ward, Fukuoka, Fuk   -> Nishi Ward, Fukuoka, Dentist

### Seocho-gu, Seoul, South Korea / Dentists
  seed concern finds 28; 8 utterances kept of 8 asked for
  accepted          9  Seocho-gu, Seoul, South Koreaにある歯科医院   -> Seocho-gu, Seoul, Dental cli
  accepted          9  ソウル瑞草区の歯科クリニック一覧                       -> Seocho, Seoul, Dental clinic
  accepted         28  Seocho-gu Seoul South Korea で歯医者さんを探   -> Seocho-gu, Seoul, South Kore
  accepted         28  瑞草区（ソウル）のデンティスト検索                      -> Seocho, Seoul, Dentists
  accepted         28  Dentists in Seocho-gu, Seoul, South    -> Seocho-gu, Seoul, South Kore
  accepted         28  Find dentists in Seocho-gu, Seoul, S   -> Seocho-gu, Seoul, South Kore
  accepted         28  Where are the dentists in Seocho-gu,   -> Seocho-gu, Seoul, South Kore
  accepted         28  Search for dentists in Seocho-gu, Se   -> Seocho-gu, Seoul, South Kore

### Songpa-gu, Seoul, South Korea / Dentists
  seed concern finds 24; 7 utterances kept of 8 asked for
  accepted         24  ソウル市松坡区の歯科医院を教えて                       -> Songpa, Seoul, Dental clinic
  accepted         24  ソウル 松坡区 デンティスト                         -> Songpa, Seoul, Dentists
  accepted         24  松坡区の歯医者を探しています                         -> Songpa, Seoul, Dentists
  accepted         24  Where are the dentists in Songpa-gu,   -> Songpa-gu, Seoul, South Kore
  accepted         24  Show me dentists in Songpa-gu, Seoul   -> Songpa-gu, Seoul, South Kore
  accepted         24  I need to find a dentist in Songpa-g   -> Songpa-gu, Seoul, South Kore
  accepted         24  Dentists in Songpa-gu, Seoul, South    -> Songpa-gu, Seoul, South Kore

### Yangcheon-gu, Seoul, South Korea / Dentists
  seed concern finds 16; 8 utterances kept of 8 asked for
  invented_name       0  楊川区の歯科医院                               -> 
  invented_name       0  ソウル市楊川区のdentistsを探しています                -> 
  invented_name       0  楊川区で診てもらえる歯医者さん                        -> 
  accepted          2  SeoulのYangcheon-guにある歯科クリニック           -> Yangcheon-gu, Seoul, Dental 
  accepted         16  Where are the dentists in Yangcheon-   -> Yangcheon-gu, Seoul, South K
  accepted         16  Find me dentists located in Yangcheo   -> Yangcheon-gu, Seoul, South K
  accepted         16  Show me all dentist offices in Yangc   -> Yangcheon-gu, Seoul, South K
  accepted         16  I need a list of dentists in Yangche   -> Yangcheon-gu, Seoul, South K

### Central and Western District, Hong Kong, China / Department stores
  seed concern finds 11; 8 utterances kept of 8 asked for
  accepted         11  Central and Western District, Hong K   -> Central and Western District
  accepted         11  Central and Western District, Hong K   -> Central and Western District
  deep_gap          0  Central and Western District, Hong K   -> Central and Western District
  accepted         11  Central and Western District, Hong K   -> Central and Western District
  accepted         11  department stores in Central and Wes   -> Central and Western District
  accepted         11  Please show me the location of depar   -> Central and Western District
  accepted         11  Can you find department stores in Ce   -> Central and Western District
  accepted         11  Search for department stores in Cent   -> Central and Western District

### Eunpyeong-gu, Seoul, South Korea / Department stores
  seed concern finds 1; 8 utterances kept of 8 asked for
  invented_name       0  ソウル江南区にあるデパートを教えてください                  -> 
  invented_name       0  セウルのデパート一覧                             -> 
  invented_name       0  ソウル市内のショッピングモールの場所                     -> 
  invented_name       0  ソウルのデパートを教えてください                       -> 
  accepted          1  Where are the department stores in E   -> Eunpyeong-gu, Seoul, South K
  accepted          1  Show me department stores located in   -> Eunpyeong-gu, Seoul, South K
  accepted          1  Find department stores in Eunpyeong-   -> Eunpyeong-gu, Seoul, South K
  accepted          1  Can you list department stores in Eu   -> Eunpyeong-gu, Seoul, South K

### Gangnam-gu, Seoul, South Korea / Department stores
  seed concern finds 11; 8 utterances kept of 8 asked for
  wrong_area        0  江南区にある百貨店を教えてください                      -> Jiangnan District, Departmen
  accepted         11  Gangnam-guのデパート探してる                    -> Gangnam-gu, Seoul, Departmen
  accepted         11  South KoreaのSeoul, Gangnam-guにあるdepa   -> Gangnam-gu, Seoul, South Kor
  wrong_area        0  江南区の百貨店教えて                             -> Jiangnan District, Departmen
  no_area_line       0  Gangnam-gu, Seoul, South Korea         -> 
  no_area_line       0  Show me Gangnam-gu, Seoul, South Kor   -> 
  no_area_line       0  I would like to see Gangnam-gu, Seou   -> 
  no_area_line       0  Where is Gangnam-gu, Seoul, South Ko   -> 

### Gwanak-gu, Seoul, South Korea / Department stores
  seed concern finds 2; 8 utterances kept of 8 asked for
  no_area_line       0  서울 관악구                                 -> 
  accepted          2  관악구 근처のデパートを教えて                        -> Gwanak-gu, Seoul, Department
  deep_gap          0  관악구 내 매장 위치 확인해 줘                      -> Gwanak-gu, Seoul, Stores
  accepted        221  서울 관악구 지역 상점 안내                        -> Gwanak-gu, Seoul, Shops
  accepted          2  Show me department stores in Gwanak-   -> Gwanak-gu, Seoul, South Kore
  accepted          2  Where are the department stores loca   -> Gwanak-gu, Seoul, South Kore
  accepted          2  I need a list of department stores i   -> Gwanak-gu, Seoul, South Kore
  accepted          2  Find department stores in Gwanak-gu,   -> Gwanak-gu, Seoul, South Kore

### Jungnang-gu, Seoul, South Korea / Department stores
  seed concern finds 1; 8 utterances kept of 8 asked for
  invented_name       0  首尔特别市江南区有哪些百货商店？                       -> 
  invented_name       0  江南区百货店一覧                               -> 
  accepted          1  Jungnang-gu, Seoul, South Korea のデパー   -> Jungnang-gu, Seoul, South Ko
  invented_name       0  江南区内のデパートを教えて                          -> 
  accepted          1  Show me all the department stores in   -> Jungnang-gu, Seoul, South Ko
  accepted          1  Jungnang-gu, Seoul, South Korea depa   -> Jungnang-gu, Seoul, South Ko
  accepted          1  Can you find department stores locat   -> Jungnang-gu, Seoul, South Ko
  accepted          1  List department stores in Jungnang-g   -> Jungnang-gu, Seoul, South Ko

### Luohu District, Shenzhen, Guangdong Province, China / Department stores
  seed concern finds 35; 8 utterances kept of 8 asked for
  accepted         10  深セン市羅湖区のデパートを教えてください                   -> Luohu, Shenzhen, Department 
  accepted         10  羅湖区にあるデパートを教えて                         -> Luohu, Shenzhen, Department 
  accepted         10  深圳市羅湖区内のデパート一覧を表示して                    -> Luohu, Shenzhen, Department 
  accepted         10  羅湖区のデパートを探して                           -> Luohu, Shenzhen, Department 
  accepted         35  Department stores in Luohu District,   -> Luohu District, Shenzhen, Gu
  accepted         35  Find department stores in Luohu Dist   -> Luohu District, Shenzhen, Gu
  accepted         35  Show me department stores in Luohu D   -> Luohu District, Shenzhen, Gu
  deep_gap          0  List all department stores in Luohu    -> 罗湖区, 深圳市, 广东省, 中国, 百货商店

### Nishi Ward, Yokohama, Kanagawa Prefecture, Japan / Department stores
  seed concern finds 3; 8 utterances kept of 8 asked for
  accepted          3  横浜市の西区にあるデパートを教えて。                     -> Nishi, Yokohama, Department 
  accepted          3  神奈川区西区のデパート一覧。                         -> Nishi-ku, Kanagawa-ku, Yokoh
  accepted          3  西区 横浜 デパート                             -> Nishi, Yokohama, Department 
  accepted          3  横浜市西区のデパートを調べて。                        -> Nishi, Yokohama, Department 
  accepted          3  Show me department stores in Nishi W   -> Nishi Ward, Yokohama, Kanaga
  accepted          3  Find department stores near Nishi Wa   -> Nishi Ward, Yokohama, Kanaga
  accepted          3  I'm looking for department stores in   -> Nishi Ward, Yokohama, Kanaga
  accepted          3  Please list department stores in Nis   -> Nishi Ward, Yokohama, Kanaga

### Seocho-gu, Seoul, South Korea / Department stores
  seed concern finds 5; 8 utterances kept of 8 asked for
  accepted          5  Seocho-gu, Seoul, South Koreaのデパートを教   -> Seocho-gu, Seoul, South Kore
  accepted          5  South Korea, Seoul, Seocho-guにあるdepa   -> Seocho-gu, Seoul, South Kore
  accepted          8  Seocho-gu, Seoul, South Koreaのショッピング   -> Seocho-gu, Seoul, South Kore
  accepted          5  Seocho-gu, Seoul, South Koreaでdepart   -> Seocho-gu, Seoul, South Kore
  accepted          5  Show me department stores in Seocho-   -> Seocho-gu, Seoul, South Kore
  accepted          5  Find department stores in Seocho-gu,   -> Seocho-gu, Seoul, South Kore
  accepted          5  Where can I find department stores i   -> Seocho-gu, Seoul, South Kore
  accepted          5  I want to see department stores in S   -> Seocho-gu, Seoul, South Kore

### Songpa-gu, Seoul, South Korea / Department stores
  seed concern finds 8; 8 utterances kept of 8 asked for
  accepted          8  ソウル松坡区のデパートを教えて                        -> Songpa, Seoul, Department st
  deep_gap          0  ソウル特別市松坡区にある百貨店一覧をお願いします               -> Songpa District, Seoul, Depa
  deep_gap          0  松坡区 百貨店                                -> Songpa District, Seoul, Depa
  accepted          8  ソウルの松坡区でデパートを探しています                    -> Songpa, Seoul, Department st
  accepted          8  Where can I find department stores i   -> Songpa-gu, Seoul, South Kore
  accepted          8  I am looking for department stores i   -> Songpa-gu, Seoul, South Kore
  accepted          8  Show me department stores in Songpa-   -> Songpa-gu, Seoul, South Kore
  accepted          8  Please locate department stores in S   -> Songpa-gu, Seoul, South Kore

### Wong Tai Sin District, Hong Kong, China / Department stores
  seed concern finds 2; 8 utterances kept of 8 asked for
  invented_name       0  香港黄大仙区にあるデパート教えて                       -> 
  deep_gap          0  Wong Tai Sin District, Hong Kong, Ch   -> Wong Tai Sin District, Hong 
  invented_name       0  黄大仙地区のデパート一覧                           -> 
  accepted          2  Find department stores in Wong Tai S   -> Wong Tai Sin District, Hong 
  accepted          2  Find department stores in Wong Tai S   -> Wong Tai Sin District, Hong 
  accepted          2  Where are the department stores in W   -> Wong Tai Sin District, Hong 
  deep_gap          0  Show me shopping malls in Wong Tai S   -> Wong Tai Sin District, Hong 
  accepted          2  I need a list of department stores i   -> Wong Tai Sin District, Hong 

### Yongsan-gu, Seoul, South Korea / Department stores
  seed concern finds 3; 8 utterances kept of 8 asked for
  accepted          3  용산구 백화점                                -> Yongsan-gu, Seoul, Departmen
  accepted          3  Yongsan-gu department stores please    -> Yongsan-gu, Department store
  accepted          3  용산구 내 백화점 알려줘                          -> Yongsan-gu, Seoul, Departmen
  accepted          3  Yongsan-gu, Seoul, South Koreaのデパート    -> Yongsan-gu, Seoul, South Kor
  accepted          3  Where are department stores in Yongs   -> Yongsan-gu, Seoul, South Kor
  accepted          3  Find department stores in Yongsan-gu   -> Yongsan-gu, Seoul, South Kor
  accepted          3  Show me department stores in Yongsan   -> Yongsan-gu, Seoul, South Kor
  accepted          3  I am looking for department stores i   -> Yongsan-gu, Seoul, South Kor

### Dongjak-gu, Seoul, South Korea / Dog Parks
  seed concern finds 67; 8 utterances kept of 8 asked for
  accepted         67  동작구 내 개공원 찾아줘                          -> Dongjak-gu, Seoul, Dog parks
  wrong_area        0  서울 동작구에서 dog parks를 검색해 줘              -> Dogo-gu, Seoul, Dog parks
  deep_gap          0  동작구 개고기 공원 어디 있지?                      -> Dongjak-gu, Seoul, Dog meat 
  wrong_area        0  서울 동작구 소재 dog parks 현황 알려줘             -> Dogok-dong, Dongjak-gu, Seou
  no_area_line       0  Dongjak-gu, Seoul, South Korea         -> 
  accepted         67  Show me parks in Dongjak-gu, Seoul,    -> Dongjak-gu, Seoul, South Kor
  deep_gap          0  I am looking for recreational areas    -> Dongjak-gu, Seoul, South Kor
  deep_gap          0  Please locate playgrounds for dogs i   -> Dongjak-gu, Seoul, South Kor

### Higashi Ward, Fukuoka, Fukuoka Prefecture, Japan / Dog Parks
  seed concern finds 2; 8 utterances kept of 8 asked for
  wrong_area        0  東区のドッグパーク                              -> Higashi, Tokyo, Dog parks
  accepted        416  福岡市東区のドッグラン教えて                         -> Higashi-ku, Fukuoka, Dog run
  accepted          2  Higashi Ward, Fukuoka, Fukuoka Prefe   -> Higashi Ward, Fukuoka, Fukuo
  accepted          2  東区 福岡 福岡県 ドッグパーク                       -> Higashi, Fukuoka, Dog parks
  accepted          2  Show me dog parks in Higashi Ward, F   -> Higashi Ward, Fukuoka, Fukuo
  accepted          2  Where are the dog parks in Higashi W   -> Higashi Ward, Fukuoka, Fukuo
  accepted          2  Find dog parks in Higashi Ward, Fuku   -> Higashi Ward, Fukuoka, Fukuo
  accepted          2  List all dog parks located in Higash   -> Higashi Ward, Fukuoka, Fukuo

### Kwun Tong District, Hong Kong, China / Dog Parks
  seed concern finds 1; 8 utterances kept of 8 asked for
  invented_name       0  観塘区のドッグパークを教えて                         -> 
  invented_name       0  香港観塘エリアにある犬の公園一覧を出して                   -> 
  invented_name       0  観塘区内でペットを走らせられる場所はある？                  -> 
  invented_name       0  観塘区の犬用公園を地図で表示して                       -> 
  accepted          1  Show dog parks in Kwun Tong District   -> Kwun Tong District, Hong Kon
  accepted          1  Where are the dog parks in Kwun Tong   -> Kwun Tong District, Hong Kon
  accepted          1  Find dog parks in Kwun Tong District   -> Kwun Tong District, Hong Kon
  accepted          1  I want to see dog parks in Kwun Tong   -> Kwun Tong District, Hong Kon

### Sai Kung District, Hong Kong, China / Dog Parks
  seed concern finds 2; 8 utterances kept of 8 asked for
  invented_name       0  西貢區内のドッグパークを教えて                        -> 
  accepted          2  Hong KongのSai Kung DistrictにあるDog Pa   -> Sai Kung District, Hong Kong
  invented_name       0  西貢地区のドッグランはどこ？                         -> 
  accepted          2  Sai Kung DistrictでDog Parksを検索して       -> Sai Kung District, Dog parks
  accepted          2  Show me all dog parks in Sai Kung Di   -> Sai Kung District, Hong Kong
  accepted          2  I need a list of dog parks located i   -> Sai Kung District, Hong Kong
  accepted          2  Where can I find dog parks in Sai Ku   -> Sai Kung District, Hong Kong
  accepted          2  Please locate dog parks in Sai Kung    -> Sai Kung District, Hong Kong

### Tsuzuki Ward, Yokohama, Kanagawa Prefecture, Japan / Dog Parks
  seed concern finds 1; 8 utterances kept of 8 asked for
  accepted          1  Tsuzuki Ward, Yokohama, Kanagawa Pre   -> Tsuzuki, Yokohama, Kanagawa,
  deep_gap          0  Tsuzuki Ward, Yokohama, Kanagawa Pre   -> Tsuzuki, Yokohama, Kanagawa 
  accepted          1  Tsuzuki Ward, Yokohama, Kanagawa Pre   -> Tsuzuki, Yokohama, Kanagawa 
  accepted          1  Tsuzuki Ward, Yokohama, Kanagawa Pre   -> Tsuzuki, Yokohama, Kanagawa,
  accepted          1  Show me dog parks in Tsuzuki Ward, Y   -> Tsuzuki Ward, Yokohama, Kana
  accepted          1  I need a list of places for dogs to    -> Tsuzuki Ward, Yokohama, Kana
  accepted          1  Where are the dog parks located in T   -> Tsuzuki Ward, Yokohama, Kana
  accepted          1  Please find dog parks in Tsuzuki War   -> Tsuzuki Ward, Yokohama, Kana

### Yau Tsim Mong District, Hong Kong, China / Dog Parks
  seed concern finds 4; 8 utterances kept of 8 asked for
  accepted          4  油尖旺区のドッグパーク一覧を見せて                      -> Yau Tsim Mong, Hong Kong, Do
  accepted          4  油尖旺区 犬用公園                              -> Yau Tsim Mong District, Hong
  accepted         41  油尖旺区のペット同伴可能公園を探して                     -> Yau Tsim Mong, Hong Kong, Pe
  accepted          4  油尖旺区内のドッグランはどこ？                        -> Yau Tsim Mong, Hong Kong, Do
  accepted          4  dog parks in Yau Tsim Mong District,   -> Yau Tsim Mong District, Hong
  accepted          4  Where can I find dog parks in Yau Ts   -> Yau Tsim Mong District, Hong
  accepted          4  show me locations of dog parks in Ya   -> Yau Tsim Mong District, Hong
  accepted          4  Map of dog parks Yau Tsim Mong Distr   -> Yau Tsim Mong District, Hong

### Gwangjin-gu, Seoul, South Korea / Drinking Water
  seed concern finds 11; 8 utterances kept of 8 asked for
  invented_name       0  光津区の飲料水について知りたいです                      -> 
  accepted         11  Seoul Gwangjin-gu drinking water inf   -> Gwangjin-gu, Seoul, drinking
  invented_name       0  光津区の水道水                                -> 
  accepted         11  Gwangjin-gu Seoul drinking water       -> Gwangjin-gu, Seoul, drinking
  accepted         11  Where can I find drinking water in G   -> Gwangjin-gu, Seoul, South Ko
  accepted         11  List of public drinking water statio   -> Gwangjin-gu, Seoul, South Ko
  deep_gap          0  Show me all drinking water fountains   -> Gwangjin-gu, Seoul, South Ko
  accepted         11  Map of drinking water resources in G   -> Gwangjin-gu, Seoul, South Ko

### Songpa-gu, Seoul, South Korea / Drinking Water
  seed concern finds 2; 8 utterances kept of 8 asked for
  invented_name       0  ソウル龍山区の浄水場を探しています                      -> 
  invented_name       0  ソウル龍山区 飲料水                             -> 
  invented_name       0  ソウル龍山区で飲用可能な水が飲める場所はどこですか              -> 
  invented_name       0  ソウル龍山区の給水スポット一覧を表示して                   -> 
  accepted          2  Where can I find drinking water in S   -> Songpa-gu, Seoul, South Kore
  deep_gap          0  I need to locate drinking water foun   -> Songpa-gu, Seoul, South Kore
  accepted          2  Show me spots with drinking water in   -> Songpa-gu, Seoul, South Kore
  accepted          2  Looking for places to get drinking w   -> Songpa-gu, Seoul, South Kore

### Chuo, Tokyo, Japan / Embassies
  seed concern finds 2; 8 utterances kept of 8 asked for
  invented_name       0  Chuo, Tokyo, Japanの大使館を教えて。            -> 
  accepted         16  東京・中央区の大使館一覧を取得して。                     -> Chūō, Tokyo, Embassies
  accepted         19  中央区にある大使館はどこ？                          -> Chuo, Tokyo, Embassies
  invented_name       0  Chuo, Tokyo, JapanのEmbassiesを出して。      -> 
  invented_name       0  Show me the embassies in Chuo, Tokyo   -> 
  invented_name       0  Where are the embassies in Chuo, Tok   -> 
  invented_name       0  I need directions to embassies in Ch   -> 
  invented_name       0  List all embassies in Chuo, Tokyo, J   -> 

### Kosovo / Embassies
  seed concern finds 39; 8 utterances kept of 8 asked for
  accepted         39  コソボの大使館を調べて                            -> Kosovo, Embassies
  accepted         39  コソボにある大使館はどこですか？                       -> Kosovo, Embassies
  accepted         39  コソボ大使館一覧表示して                           -> Kosovo, Embassies
  accepted         39  コソボの大使館の場所を教えて                         -> Kosovo, Embassies
  no_area_line       0  Where is Kosovo?                       -> 
  no_area_line       0  Show me Kosovo on the map              -> 
  no_area_line       0  Kosovo                                 -> 
  no_area_line       0  Find Kosovo                            -> 

### Tokyo, Japan / Embassies
  seed concern finds 170; 7 utterances kept of 8 asked for
  accepted        170  東京の大使館を教えて                             -> Tokyo, Embassies
  accepted        170  東京で大使館を調べて                             -> Tokyo, Embassies
  no_area_line       0  日本の東京にある大使館はどこですか？                     -> 
  accepted        170  Where are the embassies in Tokyo, Ja   -> Tokyo, Japan, Embassies
  accepted        170  Find me a list of embassies in Tokyo   -> Tokyo, Japan, Embassies
  accepted        170  Can you show me all the embassies in   -> Tokyo, Japan, Embassies
  accepted        170  I need directions to the embassies i   -> Tokyo, Japan, Embassies

### Eastern District, Hong Kong, China / Florists
  seed concern finds 0; 8 utterances kept of 8 asked for
  invented_name       0  香港東区の花屋を探しています                         -> 
  invented_name       0  東区に花屋さんはないかな                           -> 
  invented_name       0  香港東区のフラワーショップを調べて                      -> 
  invented_name       0  東区の花店を教えて                              -> 
  zero_results       0  Where can I find florists in Eastern   -> Eastern District, Hong Kong,
  zero_results       0  I need florists in Eastern District,   -> Eastern District, Hong Kong,
  zero_results       0  Show me florists in Eastern District   -> Eastern District, Hong Kong,
  zero_results       0  Looking for florists in Eastern Dist   -> Eastern District, Hong Kong,

### Jongno-gu, Seoul, South Korea / French restaurants
  seed concern finds 792; 8 utterances kept of 8 asked for
  accepted        792  Seoul, South Korea, Jongno-gu のフランス料   -> Jongno-gu, Seoul, South Kore
  accepted    !     2  ソウルの鍾路区にあるフランスレストランを教えて                -> Jongno, Seoul, French restau
  accepted    !     2  Jongno-gu, Seoul, South Korea France   -> Jongno-gu, Seoul, South Kore
  accepted    !     2  ソウル鍾路区のフレンチのお店                         -> Jongno, Seoul, French restau
  accepted    !     2  Show me all the French restaurants i   -> Jongno-gu, Seoul, South Kore
  accepted    !     2  Where can I find French restaurants    -> Jongno-gu, Seoul, South Kore
  accepted    !     2  List of French restaurants in Jongno   -> Jongno-gu, Seoul, South Kore
  accepted    !     2  I'm looking for French restaurants i   -> Jongno-gu, Seoul, South Kore

### Minami Ward, Kyoto, Kyoto Prefecture, Japan / French restaurants
  seed concern finds 1; 8 utterances kept of 8 asked for
  accepted          1  Minami Ward, Kyoto, Kyoto Prefecture   -> Minami Ward, Kyoto, Kyoto Pr
  accepted          1  Minami Ward, Kyoto, Kyoto Prefecture   -> Minami Ward, Kyoto, Kyoto Pr
  accepted          1  Minami Ward, Kyoto, Kyoto Prefecture   -> Minami Ward, Kyoto, Kyoto Pr
  accepted          1  Minami Ward, Kyoto, Kyoto Prefecture   -> Minami Ward, Kyoto, Kyoto Pr
  accepted          1  Show me French restaurants in Minami   -> Minami Ward, Kyoto, Kyoto Pr
  wrong_area        0  Where can I find French restaurants    -> Minami Ward, Kyoto, Kyoto Pr
  wrong_area        0  I am looking for French restaurants    -> Minami Ward, Kyoto, Kyoto Pr
  accepted          1  List French restaurants in Minami Wa   -> Minami Ward, Kyoto, Kyoto Pr

### Totsuka Ward, Yokohama, Kanagawa Prefecture, Japan / French restaurants
  seed concern finds 3; 8 utterances kept of 8 asked for
  accepted          2  戸塚区のフレンチレストランを教えて                      -> Totsuka, Yokohama, French re
  accepted          2  横浜戸塚区で美味しいフランス料理店を探してる                 -> Totsuka, Yokohama, French re
  accepted          2  戸塚区内のフレンチのお店一覧を出して                     -> Totsuka, Yokohama, French re
  wrong_area        0  神奈川県横浜市戸塚区にあるフレンチレストランを教えてください         -> Totsuka, Yokohama, Kanagawa,
  accepted          3  Show French restaurants in Totsuka W   -> Totsuka Ward, Yokohama, Kana
  wrong_area        0  Where can I find French restaurants    -> Totsuka, Yokohama, Kanagawa 
  accepted          3  List French restaurants in Totsuka W   -> Totsuka Ward, Yokohama, Kana
  accepted          3  I am looking for French restaurants    -> Totsuka Ward, Yokohama, Kana

### Bunkyō, Tokyo, Japan / Galleries
  seed concern finds 5; 8 utterances kept of 8 asked for
  accepted          5  東京の文京区のギャラリーを教えて                       -> Bunkyō, Tokyo, Galleries
  deep_gap          0  文京区にある絵画展示施設はどこ？                       -> Bunkyō, Tokyo, Art exhibitio
  accepted          5  Bunkyō, Tokyo, Japan にある Galleries を   -> Bunkyo, Tokyo, Galleries
  deep_gap          0  文京区の美術館リスト                             -> Bunkyō, Tokyo, Art museums
  accepted          5  Where are the galleries in Bunkyō, T   -> Bunkyō, Tokyo, Galleries
  accepted          5  Find galleries in Bunkyō, Tokyo, Jap   -> Bunkyō, Tokyo, Galleries
  accepted          5  Show me galleries in Bunkyō, Tokyo,    -> Bunkyō, Tokyo, Galleries
  accepted          5  Galleries in Bunkyō, Tokyo, Japan      -> Bunkyō, Tokyo, Galleries

### Chuo, Osaka, Osaka Prefecture, Japan / Galleries
  seed concern finds 14; 8 utterances kept of 8 asked for
  deep_gap          0  Chuo, Osaka, Osaka Prefecture, Japan   -> Chuo, Osaka, Osaka Prefectur
  deep_gap          0  Chuo, Osaka, Osaka Prefecture, Japan   -> Chuo, Osaka, Osaka Prefectur
  accepted         14  Chuo, Osaka, Osaka Prefecture, Japan   -> Chuo, Osaka, Osaka Prefectur
  deep_gap          0  Chuo, Osaka, Osaka Prefecture, Japan   -> Chuo, Osaka, Osaka Prefectur
  accepted         14  Where are the galleries located in C   -> Chuo, Osaka, Galleries
  accepted         14  Show me galleries in Chuo, Osaka, Os   -> Chuo, Osaka, Galleries
  deep_gap          0  Find art galleries in the Chuo distr   -> Chuo, Osaka, Art galleries
  accepted         14  I need a list of galleries in Chuo,    -> Chuo, Osaka, Osaka Prefectur

### Eunpyeong-gu, Seoul, South Korea / Galleries
  seed concern finds 3; 8 utterances kept of 8 asked for
  accepted          3  ソウル恩平区のギャラリーを教えてください                   -> Eunpyeong-gu, Seoul, Galleri
  wrong_area        0  恩平区にある画廊の一覧を探している                      -> Enping, Guangdong, Art galle
  accepted          3  ソウル特別市恩平区の美術ギャラリーはどこですか                -> Eunpyeong-gu, Seoul, Art gal
  wrong_area        0  恩平区のギャラリー施設について教えて                     -> Enping District, Gallery fac
  accepted          3  Show me galleries in Eunpyeong-gu, S   -> Eunpyeong-gu, Seoul, South K
  accepted          3  I am looking for art galleries locat   -> Eunpyeong-gu, Seoul, South K
  accepted          3  List all galleries in Eunpyeong-gu,    -> Eunpyeong-gu, Seoul, South K
  accepted          3  Find galleries in Eunpyeong-gu, Seou   -> Eunpyeong-gu, Seoul, South K

### Gangdong-gu, Seoul, South Korea / Galleries
  seed concern finds 1; 8 utterances kept of 8 asked for
  invented_name       0  江南区にあるギャラリーを教えて                        -> 
  accepted          1  Gangdong-gu, Seoul, South Koreaのギャラリ   -> Gangdong-gu, Seoul, South Ko
  accepted          1  Gangdong-gu, Seoul, South KoreaのGall   -> Gangdong-gu, Seoul, South Ko
  accepted          1  Gangdong-gu, Seoul, South Koreaにあるギャ   -> Gangdong-gu, Seoul, South Ko
  accepted          1  Where are the galleries located in G   -> Gangdong-gu, Seoul, South Ko
  accepted          1  Show me all art galleries in Gangdon   -> Gangdong-gu, Seoul, South Ko
  accepted          1  I need directions to galleries in Ga   -> Gangdong-gu, Seoul, South Ko
  accepted          1  Find galleries in Gangdong-gu, Seoul   -> Gangdong-gu, Seoul, South Ko

### Gwangjin-gu, Seoul, South Korea / Galleries
  seed concern finds 1; 8 utterances kept of 8 asked for
  accepted          1  韓国ソウルの広津区にあるギャラリーを教えて                  -> Gwangjin-gu, Seoul, Gallerie
  accepted          1  ソウル広津区のギャラリー施設を検索して                    -> Gwangjin, Seoul, Gallery fac
  accepted          1  広津区 ギャラリー                              -> Gwangjin, Seoul, Galleries
  accepted          1  ソウル市広津区にあるギャラリー一覧を出して                  -> Gwangjin-gu, Seoul, Gallerie
  accepted          1  Show galleries in Gwangjin-gu, Seoul   -> Gwangjin-gu, Seoul, South Ko
  accepted          1  I need to find art galleries located   -> Gwangjin-gu, Seoul, South Ko
  accepted          1  Where can I see galleries in Gwangji   -> Gwangjin-gu, Seoul, South Ko
  accepted          1  Please list the galleries in Gwangji   -> Gwangjin-gu, Seoul, South Ko

### Higashiyama Ward, Kyoto, Kyoto Prefecture, Japan / Galleries
  seed concern finds 3; 8 utterances kept of 8 asked for
  accepted          3  京都東山区のギャラリーを教えて                        -> Higashiyama, Kyoto, Gallerie
  accepted          3  Kyoto Higashiyama Ward no gyararii o   -> Higashiyama, Kyoto, Gallerie
  accepted          3  東山区のギャラリー一覧                            -> Higashiyama, Kyoto, Gallerie
  accepted          3  Higashiyama-ku, Kyoto no gyararii ic   -> Higashiyama-ku, Kyoto, Galle
  no_area_line       0  Higashiyama Ward, Kyoto, Kyoto Prefe   -> 
  accepted          3  Where are the galleries in Higashiya   -> Higashiyama Ward, Kyoto, Gal
  accepted          3  Show me galleries located in Higashi   -> Higashiyama Ward, Kyoto, Kyo
  accepted          3  I would like to find galleries in Hi   -> Higashiyama Ward, Kyoto, Kyo

### Jongno-gu, Seoul, South Korea / Galleries
  seed concern finds 45; 8 utterances kept of 8 asked for
  invented_name       0  ソウルの龍山地域にあるギャラリーを教えてください               -> 
  invented_name       0  龍山、ソウル、韓国のギャラリーを教えて                    -> 
  invented_name       0  龍山エリアの画廊を教えていただけますか？                   -> 
  invented_name       0  ソウル 龍山 ギャラリー 検索                        -> 
  accepted         45  I am looking for galleries in Jongno   -> Jongno-gu, Seoul, South Kore
  accepted         45  Please show me galleries in Jongno-g   -> 종로구, 서울, 대한민국, 갤러리
  accepted         45  Where can I find galleries in Jongno   -> Jongno-gu, Seoul, South Kore
  accepted         45  Search for galleries in Jongno-gu, S   -> Jongno-gu, Seoul, South Kore

### Kita Ward, Kyoto, Kyoto Prefecture, Japan / Galleries
  seed concern finds 3; 8 utterances kept of 8 asked for
  accepted          3  京都府京都市北区のギャラリーを教えてください。                -> Kita, Kyoto, Galleries
  wrong_area        0  北区にあるアートギャラリーの場所を教えて。                  -> Kita, Tokyo, Art galleries
  accepted          3  京都市北区のギャラリー施設一覧をお願いします。                -> Kita, Kyoto, Art galleries
  accepted          3  京都・北区のギャラリーはどこですか？                     -> Kita, Kyoto, Galleries
  accepted          3  Where are the galleries in Kita Ward   -> Kita Ward, Kyoto, Kyoto Pref
  accepted          3  Kita Ward, Kyoto, Kyoto Prefecture,    -> Kita Ward, Kyoto, Kyoto Pref
  accepted          3  I need directions to the galleries i   -> Kita Ward, Kyoto, Kyoto Pref
  accepted          3  Show me galleries in Kita Ward, Kyot   -> Kita Ward, Kyoto, Kyoto Pref

### Koganei, Tokyo, Japan / Galleries
  seed concern finds 1; 8 utterances kept of 8 asked for
  accepted          1  小金井のギャラリー                              -> Koganei, Tokyo, Galleries
  deep_gap          0  東京都小金井市にある美術館を探しています                   -> Koganei, Tokyo, Art museums
  deep_gap          0  小金井 絵画展示場                              -> Koganei, Art exhibition hall
  accepted          1  小金井地域のギャラリー一覧                          -> Koganei, Tokyo, Galleries
  accepted          1  Galleries in Koganei, Tokyo, Japan     -> Koganei, Tokyo, Galleries
  accepted          1  I need to find galleries in Koganei,   -> Koganei, Tokyo, Galleries
  accepted          1  Where can I find galleries in Kogane   -> Koganei, Tokyo, Japan, Galle
  accepted          1  Show me galleries in Koganei, Tokyo,   -> Koganei, Tokyo, Galleries

### Longhua District, Shenzhen, Guangdong Province, China / Galleries
  seed concern finds 2; 7 utterances kept of 8 asked for
  accepted          2  Longhua District, Shenzhen, Guangdon   -> Longhua District, Shenzhen, 
  invented_name       0  深圳市福田区長華区にあるギャラリーはどこですか？               -> 
  invented_name       0  長華区の美術館一覧                              -> 
  accepted          2  深圳のLonghua Districtにあるギャラリーを教えて        -> Longhua District, Shenzhen, 
  accepted          2  Show me galleries in Longhua Distric   -> Longhua District, Shenzhen, 
  accepted          2  Galleries in Longhua District, Shenz   -> Longhua District, Shenzhen, 
  accepted          2  Find galleries in Longhua District,    -> Longhua District, Shenzhen, 

### Minami Ward, Saitama, Saitama Prefecture, Japan / Galleries
  seed concern finds 2; 8 utterances kept of 8 asked for
  deep_gap          0  埼玉県さいたま市南区のギャラリーを教えて                   -> Minami, Saitama, Saitama, Ga
  accepted          2  さいたま市南区にあるアートギャラリーの一覧を出して              -> Minami-ku, Saitama, Art gall
  accepted          1  南区の画廊はどこですか？                           -> Minami, Japan, Art galleries
  deep_gap          0  埼玉県さいたま市南区でギャラリー検索                     -> Minami, Saitama, Saitama, Ga
  accepted          2  Show galleries in Minami Ward, Saita   -> Minami Ward, Saitama, Saitam
  accepted          2  Find galleries in Minami Ward, Saita   -> Minami Ward, Saitama, Saitam
  accepted          2  Where are galleries in Minami Ward,    -> Minami Ward, Saitama, Saitam
  accepted          2  I am looking for galleries in Minami   -> Minami Ward, Saitama, Saitam

### Mitaka, Tokyo, Japan / Galleries
  seed concern finds 1; 8 utterances kept of 8 asked for
  accepted          1  三鷹のギャラリーを教えて                           -> Mitaka, Tokyo, Galleries
  accepted          1  Mitaka Galleries                       -> Mitaka, Galleries
  accepted          1  東京都三鷹にあるギャラリー一覧                        -> Mitaka, Tokyo, Galleries
  accepted          1  Mitaka Tokyo Japan Galleries           -> Mitaka, Tokyo, Japan, Galler
  no_area_line       0  Mitaka, Tokyo, Japan                   -> 
  no_area_line       0  Where is Mitaka in Tokyo?              -> 
  no_area_line       0  Show me the location of Mitaka, Toky   -> 
  no_area_line       0  I want to see Mitaka, Tokyo, Japan     -> 

### Nakagyo Ward, Kyoto, Kyoto Prefecture, Japan / Galleries
  seed concern finds 6; 8 utterances kept of 8 asked for
  accepted          6  京都市中京区のギャラリーはどこですか？                    -> Nakagyo, Kyoto, Art gallerie
  accepted          6  中京区にある画廊を教えて                           -> Nakagyo, Kyoto, Art gallerie
  deep_gap          0  京都・中京区の美術館・ギャラリー一覧                     -> Nakagyo, Kyoto, Art museums
  accepted          6  中京区のギャラリー教えて                           -> Nakagyo, Kyoto, Galleries
  accepted          6  Find galleries in Nakagyo Ward, Kyot   -> Nakagyo Ward, Kyoto, Kyoto P
  accepted          6  I'm looking for art galleries in Nak   -> Nakagyo Ward, Kyoto, Kyoto P
  accepted          6  Show me gallery locations in Nakagyo   -> Nakagyo Ward, Kyoto, Kyoto P
  accepted          6  Where can I find galleries in Nakagy   -> Nakagyo Ward, Kyoto, Kyoto P

### Nishi Ward, Nagoya, Aichi Prefecture, Japan / Galleries
  seed concern finds 1; 8 utterances kept of 8 asked for
  deep_gap          0  愛知県名古屋市西区のギャラリーを教えてください。               -> Nishi, Nagoya, Aichi, Galler
  accepted          1  名古屋西区の画廊一覧を表示して。                       -> Nishi, Nagoya, Art galleries
  accepted          1  愛知県西区で絵画ギャラリーを探してるんだけど。                -> Nishi, Aichi, Art galleries
  accepted          1  名古屋市西区のギャラリーについて教えて。                   -> Nishi, Nagoya, Galleries
  accepted          1  Galleries in Nishi Ward, Nagoya, Aic   -> Nishi Ward, Nagoya, Aichi Pr
  accepted          1  Find art galleries located in Nishi    -> Nishi Ward, Nagoya, Aichi Pr
  wrong_area        0  Show me the galleries in Nishi Ward,   -> Nishi Ward, Nagoya, Aichi Pr
  accepted          1  Where are the galleries in Nishi War   -> Nishi Ward, Nagoya, Aichi Pr

### Ota, Tokyo, Japan / Galleries
  seed concern finds 3; 8 utterances kept of 8 asked for
  accepted          3  東京都大田区のギャラリーを教えて                       -> Ota, Tokyo, Galleries
  accepted          3  大田、東京、日本にあるギャラリーを探してる                  -> Ota, Tokyo, Galleries
  accepted          3  大田区のギャラリーについて知りたいの                     -> Ota, Tokyo, Galleries
  accepted          3  大田、東京、日本、ギャラリーで検索して                    -> Ota, Tokyo, Galleries
  deep_gap          0  Find art galleries in Ota, Tokyo, Ja   -> Ota, Tokyo, Japan, Art galle
  accepted          3  I need to locate galleries within Ot   -> Ota, Tokyo, Galleries
  accepted          3  Show me the galleries in Ota, Tokyo,   -> Ota, Tokyo, Galleries
  accepted          3  Where are the galleries located in O   -> Ota, Tokyo, Galleries

### Seocho-gu, Seoul, South Korea / Galleries
  seed concern finds 6; 8 utterances kept of 8 asked for
  accepted          6  Seocho-gu, Seoul, South Koreaにあるギャラリ   -> Seocho-gu, Seoul, South Kore
  accepted          6  South KoreaのSeoul, Seocho-gu周辺の画廊一覧    -> Seocho-gu, Seoul, South Kore
  accepted          6  Seocho-gu, Seoul, South Koreaのギャラリー    -> Seocho-gu, Seoul, South Kore
  accepted          6  SeoulのSeocho-gu地区にあるアートギャラリーの場所        -> Seocho-gu, Seoul, Art galler
  accepted          6  Show me the galleries in Seocho-gu,    -> Seocho-gu, Seoul, South Kore
  accepted          6  Where can I find art galleries in Se   -> Seocho-gu, Seoul, South Kore
  accepted          6  List of galleries in Seocho-gu, Seou   -> Seocho-gu, Seoul, South Kore
  accepted          6  Please display all galleries located   -> Seocho-gu, Seoul, South Kore

### Shibuya, Tokyo, Japan / Galleries
  seed concern finds 10; 8 utterances kept of 8 asked for
  accepted         10  Tokyoの渋谷にあるギャラリーを調べて                   -> Shibuya, Tokyo, Galleries
  accepted         10  Shibuya, Tokyo, Japan のギャラリーを教えて       -> Shibuya, Tokyo, Galleries
  accepted         10  渋谷の画廊リストが欲しい                           -> Shibuya, Tokyo, Art gallerie
  accepted         10  Shibuya, Tokyo, Japan でアートギャラリーを探す     -> Shibuya, Tokyo, Art gallerie
  accepted         10  Find galleries in Shibuya, Tokyo, Ja   -> Shibuya, Tokyo, Galleries
  accepted         10  I am looking for art galleries locat   -> Shibuya, Tokyo, Art gallerie
  accepted         10  Where can I find galleries in Shibuy   -> Shibuya, Tokyo, Galleries
  accepted         10  List all galleries in Shibuya, Tokyo   -> Shibuya, Tokyo, Galleries

### Songpa-gu, Seoul, South Korea / Galleries
  seed concern finds 5; 8 utterances kept of 8 asked for
  invented_name       0  ソンパグのギャラリーを教えて                         -> 
  accepted          5  SeoulのSongpa-guにあるGalleriesを教えて        -> Songpa-gu, Seoul, Galleries
  invented_name       0  ソンパグ 美術館                               -> 
  accepted          5  서울 강남구 Songpa-gu Galleries             -> Songpa-gu, Seoul, Galleries
  deep_gap          0  Show me galleries in Songpa-gu         -> Songpa-gu, Galleries
  accepted          5  Where are the art galleries located    -> Songpa-gu, Seoul, Art galler
  accepted          5  I am looking for galleries in Songpa   -> Songpa-gu, Seoul, South Kore
  accepted          5  List all galleries in Songpa-gu, Seo   -> Songpa-gu, Seoul, South Kore

### Ukyo Ward, Kyoto, Kyoto Prefecture, Japan / Galleries
  seed concern finds 2; 8 utterances kept of 8 asked for
  accepted          2  京都府京都市右京区のギャラリーを探しています                 -> Ukyo, Kyoto, Galleries
  accepted          2  右京区内の画廊はどこですか？                         -> Ukyo, Kyoto, Art galleries
  invented_name       0  Kyoto Ukyo Ward art galleries          -> 
  accepted          2  京都市右京区のギャラリー一覧を表示して                    -> Ukyo, Kyoto, Galleries
  invented_name       0  Where are the galleries in Ukyo Ward   -> 
  invented_name       0  Show me galleries located in Ukyo Wa   -> 
  invented_name       0  Can you list galleries in Ukyo Ward,   -> 
  invented_name       0  I need directions to galleries in Uk   -> 

### Asahi Ward, Yokohama, Kanagawa Prefecture, Japan / Gardens
  seed concern finds 0; 8 utterances kept of 8 asked for
  accepted          2  横浜市旭区の公園                               -> Asahi-ku, Yokohama, Parks
  wrong_area        0  旭区の緑地を探して                              -> Asahi, Chiba, Green spaces
  zero_results       0  横浜市旭区の庭園                               -> Asahi-ku, Yokohama, Gardens
  wrong_area        0  旭区にある公園はどこ？                            -> Asahi, Yokohama, Parks
  zero_results       0  Where are the gardens in Asahi Ward,   -> Asahi Ward, Yokohama, Kanaga
  zero_results       0  Find all gardens in Asahi Ward, Yoko   -> Asahi Ward, Yokohama, Kanaga
  accepted          2  Show me parks and gardens within Asa   -> Asahi Ward, Yokohama, Kanaga
  zero_results       0  Can you list the gardens situated in   -> Asahi Ward, Yokohama, Kanaga

### Dongjak-gu, Seoul, South Korea / Gardens
  seed concern finds 8; 8 utterances kept of 8 asked for
  invented_name       0  東ジャク区の公園を教えて                           -> 
  invented_name       0  ソウルの東ジャク区にある庭園はどこですか？                  -> 
  accepted          8  Dongjak-gu, Seoul, South KoreaのGarde   -> Dongjak-gu, Seoul, South Kor
  invented_name       0  ソウル市東ジャク区の庭園について教えてください                -> 
  accepted          8  I am looking for gardens in Dongjak-   -> Dongjak-gu, Seoul, South Kor
  accepted         67  Please show me parks in Dongjak-gu,    -> Dongjak-gu, Seoul, South Kor
  accepted          8  Where can I find gardens in Dongjak-   -> Dongjak-gu, Seoul, South Kor
  accepted          8  Find gardens in Dongjak-gu, Seoul, S   -> Dongjak-gu, Seoul, South Kor

### Gangnam-gu, Seoul, South Korea / Gardens
  seed concern finds 31; 8 utterances kept of 8 asked for
  accepted         76  ソウル江南区の庭園を教えて                          -> Gangnam-gu, Seoul, Gardens
  accepted         76  韓国・ソウル江南区にある庭園はどこですか？                  -> Gangnam-gu, Seoul, Gardens
  wrong_area        0  江南区の公園や庭園を探している                        -> Konna, Aichi, Parks
  accepted         76  ソウル江南区の庭園のリストを出して                      -> Gangnam-gu, Seoul, Gardens
  no_area_line       0  Gangnam-gu, Seoul, South Korea         -> 
  no_area_line       0  Show me Gangnam-gu, Seoul, South Kor   -> 
  no_area_line       0  Navigate to Gangnam-gu, Seoul, South   -> 
  no_area_line       0  I want to find Gangnam-gu, Seoul, So   -> 

### Guro-gu, Seoul, South Korea / Gardens
  seed concern finds 2; 8 utterances kept of 8 asked for
  invented_name       0  ソウル古羅区の公園を教えてください                      -> 
  invented_name       0  古羅区にある庭園を探している                         -> 
  invented_name       0  ソウル特別市古羅区の緑地エリアについて                    -> 
  invented_name       0  古羅区の広場や公園の場所                           -> 
  accepted          2  Where are the gardens in Guro-gu, Se   -> Guro-gu, Seoul, South Korea,
  accepted          2  I need to find gardens in Guro-gu, S   -> Guro-gu, Seoul, South Korea,
  accepted          2  Show me all gardens in Guro-gu, Seou   -> Guro-gu, Seoul, South Korea,
  accepted          2  Can you list the gardens located in    -> Guro-gu, Seoul, South Korea,

### Higashi Ward, Nagoya, Aichi Prefecture, Japan / Gardens
  seed concern finds 40; 8 utterances kept of 8 asked for
  wrong_area        0  愛知県の名古屋市東区の庭園を探して。                     -> Higashi-ku, Nagoya, Aichi, G
  deep_gap          0  名古屋東区にある庭園の場所を知りたいです。                  -> Higashi, Nagoya, Gardens
  deep_gap          0  愛知県名古屋市東区の庭園について教えて。                   -> Higashi, Nagoya, Aichi, Gard
  wrong_area        0  東区の庭園はどこにあるの？                          -> Higashi, Tokyo, Gardens
  accepted         40  Gardens in Higashi Ward, Nagoya, Aic   -> Higashi Ward, Nagoya, Aichi 
  accepted         40  Show me the gardens located in Higas   -> Higashi Ward, Nagoya, Aichi 
  accepted         40  Find gardens in Higashi Ward, Nagoya   -> Higashi Ward, Nagoya, Aichi 
  wrong_area        0  Where are the gardens in Higashi War   -> Higashi Ward, Nagoya, Aichi 

### Kanagawa Ward, Yokohama, Kanagawa Prefecture, Japan / Gardens
  seed concern finds 1; 8 utterances kept of 8 asked for
  wrong_area        0  神奈川県横浜市神奈川区の花園を探している                   -> Kanagawa-ku, Yokohama, Kanag
  wrong_area        0  Kanagawa Ward, Yokohama, Kanagawa Pr   -> Konan-ku, Yokohama, Kanagawa
  accepted         51  横浜市神奈川区の庭園スポットを知りたい                    -> Kanagawa-ku, Yokohama, Garde
  wrong_area        0  神奈川県横浜市神奈川区にあるガーデン施設の一覧                -> Kanagawa-ku, Yokohama, Kanag
  wrong_area        0  Show me gardens in Kanagawa Ward, Yo   -> Kanagawa Ward, Yokohama, Kan
  accepted          1  Where are the gardens located in Kan   -> Kanagawa Ward, Yokohama, Kan
  accepted          1  List all gardens in Kanagawa Ward, Y   -> Kanagawa Ward, Yokohama, Kan
  accepted          1  I need to find gardens in Kanagawa W   -> Kanagawa Ward, Yokohama, Kan

### Longhua District, Shenzhen, Guangdong Province, China / Gardens
  seed concern finds 15; 8 utterances kept of 8 asked for
  invented_name       0  中国広東省深セン市龍華区の庭園を探しています                 -> 
  invented_name       0  龍華区内の庭園はどこですか？                         -> 
  invented_name       0  深圳龍華区の公園や庭園を表示して                       -> 
  invented_name       0  中国広東省深圳龍華区の庭園について教えて                   -> 
  accepted         15  Find gardens in Longhua District, Sh   -> Longhua District, Shenzhen, 
  accepted         63  I am looking for gardens located in    -> 龙华区, 深圳市, 广东省, 中国, 公园
  accepted         15  Where are the gardens in Longhua Dis   -> Longhua District, Shenzhen, 
  accepted         15  Show me gardens in Longhua District,   -> Longhua District, Shenzhen, 

### Nakagawa Ward, Nagoya, Aichi Prefecture, Japan / Gardens
  seed concern finds 62; 8 utterances kept of 8 asked for
  deep_gap          0  中川区の庭園を教えて                             -> Nakagawa, Nagoya, Gardens
  deep_gap          0  愛知県名古屋市の中川区にある庭園はどこですか？                -> Nakagawa, Nagoya, Aichi, Gar
  accepted         62  中川区 庭園 おすすめ                            -> Nakagawa, Nagoya, Recommende
  accepted        199  名古屋市 中川区の公園や庭園を調べたい                    -> Nakagawa, Nagoya, Parks
  wrong_area        0  Show me gardens in Nakagawa Ward, Na   -> Nakagawa Ward, Nagoya, Aichi
  wrong_area        0  Gardens near Nakagawa Ward, Nagoya,    -> Nakagawa Ward, Nagoya, Aichi
  accepted         62  Please find gardens located in Nakag   -> Nakagawa Ward, Nagoya, Aichi
  wrong_area        0  Where are the gardens in Nakagawa Wa   -> Nakagawa Ward, Nagoya, Aichi

### Pristina, Municipality of Pristina, District of Pristina, Kosovo / Gardens
  seed concern finds 14; 8 utterances kept of 8 asked for
  accepted         14  プリシュティナにある庭園を教えて                       -> Pristina, Gardens
  accepted         14  プリシュティナ 庭園                             -> Pristina, Gardens
  accepted         14  プリシュティナ市内のガーデン施設はどこですか？                -> Pristina, Garden facilities
  accepted         14  プリシュティナで庭園が楽しめる場所を探してる                 -> Pristina, Gardens
  accepted         14  Where can I find gardens in Pristina   -> Pristina, Municipality of Pr
  no_area_line       0  Show me the location of Pristina, Mu   -> 
  no_area_line       0  I need directions to Pristina, Munic   -> 
  accepted         58  Find parks and green spaces in Prist   -> Pristina, Municipality of Pr

### Seodaemun-gu, Seoul, South Korea / Gardens
  seed concern finds 8; 8 utterances kept of 8 asked for
  accepted          8  Seodaemun-gu, Seoul, South Koreaの庭園を   -> Seodaemun-gu, Seoul, South K
  accepted         92  Seodaemun-gu, Seoul, South Koreaにある公   -> Seodaemun-gu, Seoul, South K
  deep_gap          0  Seodaemun-gu, Seoul, South Koreaの緑地マ   -> Seodaemun-gu, Seoul, South K
  accepted          8  Seodaemun-gu, Seoul, South Koreaの庭園を   -> Seodaemun-gu, Seoul, South K
  accepted          8  Find gardens in Seodaemun-gu, Seoul,   -> Seodaemun-gu, Seoul, South K
  accepted          8  Where are the gardens located in Seo   -> Seodaemun-gu, Seoul, South K
  accepted          8  Seodaemun-gu, Seoul, South Korea gar   -> Seodaemun-gu, Seoul, South K
  accepted          8  I am looking for gardens in Seodaemu   -> Seodaemun-gu, Seoul, South K

### Shenshan Special Cooperation Zone, Shenzhen, Guangdong Province, China / Gardens
  seed concern finds 4; 7 utterances kept of 8 asked for
  invented_name       0  深汕特別合作区、深圳市、広東省、中国にある庭園を探しています。        -> 
  accepted          4  Shenshan Special Cooperation Zone, S   -> Shenshan Special Cooperation
  invented_name       0  深汕特別合作区、深圳市、広東省、中国の庭園の場所を知りたいです。       -> 
  accepted          4  Where are the gardens in Shenshan Sp   -> Shenshan Special Cooperation
  accepted          4  Show me gardens located in Shenshan    -> Shenshan Special Cooperation
  deep_gap          0  I'm looking for gardens in Shenshan    -> 深汕特别合作区, 深圳市, 广东省, 中国, 花园
  accepted          4  Can you find gardens in Shenshan Spe   -> Shenshan Special Cooperation

### Tsuen Wan District, Hong Kong, China / Gardens
  seed concern finds 88; 8 utterances kept of 8 asked for
  invented_name       0  荃湾区の庭園を教えて                             -> 
  invented_name       0  香港荃湾区にある庭園                             -> 
  invented_name       0  香港の荃湾区庭園 検索                            -> 
  invented_name       0  荃湾区 香港 庭園                              -> 
  accepted         88  Where are the gardens in Tsuen Wan D   -> Tsuen Wan District, Hong Kon
  accepted         88  Show me Tsuen Wan District, Hong Kon   -> Tsuen Wan District, Hong Kon
  deep_gap          0  Can you find gardens in Tsuen Wan Di   -> 荃湾区, 香港, 中国, 花园
  accepted         88  I am looking for gardens in Tsuen Wa   -> Tsuen Wan District, Hong Kon

### Wong Tai Sin District, Hong Kong, China / Gardens
  seed concern finds 30; 8 utterances kept of 8 asked for
  invented_name       0  黄大仙区にある庭園を教えて。                         -> 
  invented_name       0  香港の黄大仙区の花園はどこ？                         -> 
  accepted         32  Wong Tai Sin DistrictのGardensを検索して     -> Wong Tai Sin District, Hong 
  invented_name       0  黄大仙区の庭園マップを表示して                        -> 
  accepted         30  Where are the gardens in Wong Tai Si   -> Wong Tai Sin District, Hong 
  accepted         43  Show me parks in Wong Tai Sin Distri   -> Wong Tai Sin District, Hong 
  accepted         30  I need to find Gardens in Wong Tai S   -> Wong Tai Sin District, Hong 
  accepted         30  Locate Gardens in Wong Tai Sin Distr   -> Wong Tai Sin District, Hong 

### Yuen Long District, Hong Kong, China / Gardens
  seed concern finds 57; 8 utterances kept of 8 asked for
  accepted         95  香港元朗区の庭園を教えて                           -> Yuen Long, Hong Kong, Garden
  accepted         66  元朗区にある庭園の場所をマップで表示して                   -> Yuen Long District, Hong Kon
  accepted         95  香港・元朗区の庭園一覧を出して                        -> Yuen Long, Hong Kong, Garden
  accepted        161  元朗区のガーデンスポットはどこですか？                    -> Yuen Long District, Hong Kon
  accepted         57  I am looking for gardens in Yuen Lon   -> Yuen Long District, Hong Kon
  accepted         57  Show me gardens located in Yuen Long   -> Yuen Long District, Hong Kon
  accepted        192  Please find gardens in Yuen Long Dis   -> 元朗區, 香港, 中國, 公園
  accepted         57  Where can I find gardens in Yuen Lon   -> Yuen Long District, Hong Kon

### Chuo Ward, Fukuoka, Fukuoka Prefecture, Japan / Golf Courses
  seed concern finds 1; 8 utterances kept of 8 asked for
  wrong_area        0  福岡県福岡市中央区にあるゴルフ場を教えて。                  -> Chuo, Fukuoka City, Fukuoka 
  accepted          1  福岡市中央区 ゴルフ場 一覧                         -> Chuo, Fukuoka, Golf courses
  invented_name       0  Chuo Ward, Fukuoka, Fukuoka Prefectu   -> 
  accepted          1  福岡市中央区のゴルフ場はどこ？                        -> Chuo, Fukuoka, Golf courses
  invented_name       0  Golf Courses in Chuo Ward, Fukuoka,    -> 
  invented_name       0  Find Golf Courses in Chuo Ward, Fuku   -> 
  invented_name       0  Where are the Golf Courses in Chuo W   -> 
  invented_name       0  Golf Courses Chuo Ward Fukuoka Fukuo   -> 

### Fushimi Ward, Kyoto, Kyoto Prefecture, Japan / Golf Courses
  seed concern finds 13; 8 utterances kept of 8 asked for
  accepted          2  伏見区のゴルフ場を教えてください。                      -> Fushimi, Kyoto, Golf courses
  accepted          2  京都府京都市伏見区内のゴルフコースを探しています。              -> Fushimi, Kyoto, Golf courses
  accepted          2  伏見区でプレイできるゴルフ場はどこですか？                  -> Fushimi, Kyoto, Golf courses
  accepted          2  京都・伏見区のゴルフ場一覧を表示して。                    -> Fushimi, Kyoto, Golf courses
  accepted         13  Where can I find golf courses in Fus   -> Fushimi Ward, Kyoto, Kyoto P
  accepted         13  Show me golf courses in Fushimi Ward   -> Fushimi Ward, Kyoto, Kyoto P
  accepted         13  I am looking for golf courses in Fus   -> Fushimi Ward, Kyoto, Kyoto P
  accepted         13  Golf courses Fushimi Ward, Kyoto, Ky   -> Fushimi Ward, Kyoto, Kyoto P

### Gangseo-gu, Seoul, South Korea / Golf Courses
  seed concern finds 6; 8 utterances kept of 8 asked for
  deep_gap          0  Seoul Gangseo-gu no gōfu kosu o shit   -> Gangseo-gu, Seoul, High-end 
  accepted          6  Gangseo-gu, Seoul, South Korea ni ar   -> Gangseo-gu, Seoul, South Kor
  deep_gap          0  Gangseo-gu no gōfu kosu dōjo o shiru   -> Gangseo-gu, Seoul, Martial a
  deep_gap          0  Gangseo-gu, Seoul, South Korea no gō   -> Gangseo-gu, Seoul, South Kor
  accepted          6  Show me golf courses in Gangseo-gu,    -> Gangseo-gu, Seoul, South Kor
  accepted          6  Find golf courses in Gangseo-gu, Seo   -> Gangseo-gu, Seoul, South Kor
  accepted          6  Where are the golf courses in Gangse   -> Gangseo-gu, Seoul, South Kor
  accepted          6  List all golf courses located in Gan   -> Gangseo-gu, Seoul, South Kor

### Gwanak-gu, Seoul, South Korea / Golf Courses
  seed concern finds 1; 8 utterances kept of 8 asked for
  accepted          1  Gwanak-gu, Seoul, South Korea のゴルフコー   -> Gwanak-gu, Seoul, South Kore
  invented_name       0  ソウル広北区のゴルフ場リスト                         -> 
  accepted          1  Gwanak-gu, Seoul, South Korea 内のゴルフコ   -> Gwanak-gu, Seoul, South Kore
  invented_name       0  広北区にあるゴルフコース一覧                         -> 
  accepted          1  Find golf courses in Gwanak-gu, Seou   -> Gwanak-gu, Seoul, South Kore
  accepted          1  I need a list of golf courses locate   -> Gwanak-gu, Seoul, South Kore
  accepted          1  Golf courses near Gwanak-gu, Seoul,    -> Gwanak-gu, Seoul, South Kore
  accepted          1  Where can I play golf in Gwanak-gu,    -> Gwanak-gu, Seoul, South Kore

### Sakura Ward, Saitama, Saitama Prefecture, Japan / Golf Courses
  seed concern finds 2; 8 utterances kept of 8 asked for
  wrong_area        0  桜区のゴルフ場を教えて                            -> Sakura, Chiba, Golf courses
  accepted          2  さいたま市桜区内のゴルフコース一覧を出して                  -> Sakura, Saitama, Golf course
  wrong_area        0  桜区のゴルフ場はどこにありますか？                      -> Sakura, Tokyo, Golf courses
  wrong_area        0  桜区 桜区内 ゴルフ場                            -> Sakura-ku, Golf courses
  accepted          2  Golf Courses in Sakura Ward, Saitama   -> Sakura Ward, Saitama, Saitam
  accepted          2  Show me Golf Courses in Sakura Ward,   -> Sakura Ward, Saitama, Saitam
  accepted          2  Can you find Golf Courses in Sakura    -> Sakura Ward, Saitama, Saitam
  accepted          2  I need a list of Golf Courses in Sak   -> Sakura Ward, Saitama, Saitam

### Songpa-gu, Seoul, South Korea / Golf Courses
  seed concern finds 2; 8 utterances kept of 8 asked for
  deep_gap          0  서울 송파구 골프장                             -> Songpa District, Seoul, Golf
  deep_gap          0  서울시 송파구에 있는 골프장 찾아줘                    -> Songpa District, Seoul, Golf
  deep_gap          0  송파구 골프장 문의                             -> Songpa District, Seoul, Golf
  accepted          2  서울 송파구 골프장 어딨어?                        -> Songpa-gu, Seoul, Golf cours
  accepted          2  Show me golf courses in Songpa-gu, S   -> Songpa-gu, Seoul, South Kore
  accepted          2  I need a list of golf courses locate   -> Songpa-gu, Seoul, South Kore
  accepted          2  Where can I find golf courses in Son   -> Songpa-gu, Seoul, South Kore
  accepted          2  Map all golf courses in the Songpa-g   -> Songpa-gu, Seoul, South Kore

### Central and Western District, Hong Kong, China / Government Offices
  seed concern finds 2; 8 utterances kept of 8 asked for
  accepted          2  香港中西区の政府機関の場所を教えて                      -> Central and Western District
  wrong_area        0  中西区にある官公署を探しています                       -> Nakanishi, Osaka, Government
  wrong_area        0  香港の中西地区にある政府事務所はどこですか？                 -> Central, Hong Kong, Governme
  wrong_area        0  中西区の公的機関について知りたいです                     -> Nakanishi, Osaka, Public ins
  accepted         34  Where are the government offices in    -> Central and Western District
  accepted         14  Show me the government offices in Ce   -> Central and Western District
  accepted         14  I need to find the government office   -> Central and Western District
  accepted         34  Please locate all government offices   -> Central and Western District

### Kanagawa Ward, Yokohama, Kanagawa Prefecture, Japan / Government Offices
  seed concern finds 1; 8 utterances kept of 8 asked for
  wrong_area        0  神奈川県横浜市神奈川区の役所を教えて                     -> Kanagawa-ku, Yokohama, Kanag
  accepted          1  Kanagawa Ward, Yokohama, Kanagawa Pr   -> Kanagawa Ward, Yokohama, Kan
  wrong_area        0  神奈川県横浜市神奈川区にある行政機関はどこですか？              -> Kanagawa-ku, Yokohama, Kanag
  wrong_area        0  神奈川区 横浜市 神奈川県 役所                       -> Kanagawa-ku, Yokohama, Kanag
  accepted          1  Where are the government offices in    -> Kanagawa Ward, Yokohama, Kan
  wrong_area        0  Show me government offices in Kanaga   -> Kanagawa Ward, Yokohama, Kan
  wrong_area        0  I need to find government offices in   -> Kanagawa Ward, Yokohama, Kan
  accepted          1  Can you locate government offices in   -> Kanagawa Ward, Yokohama, Kan

### Minami Ward, Kyoto, Kyoto Prefecture, Japan / Government Offices
  seed concern finds 1; 8 utterances kept of 8 asked for
  wrong_area        0  南区の役所はどこ？                              -> Minami, Japan, City hall
  accepted          1  京都府京都市南区の行政機関を教えて                      -> Minami, Kyoto, Government of
  accepted          1  Minami Ward, Kyoto, Kyoto Prefecture   -> Minami Ward, Kyoto, Kyoto Pr
  accepted          1  京都市南区にある政府機関を探して                       -> Minami, Kyoto, Government of
  accepted          1  Show me all government offices in Mi   -> Minami Ward, Kyoto, Kyoto Pr
  accepted          1  Where are the government offices loc   -> Minami Ward, Kyoto, Kyoto Pr
  wrong_area        0  I need to find government offices in   -> Minami Ward, Kyoto, Kyoto Pr
  accepted          1  List the government offices in Minam   -> Minami Ward, Kyoto, Kyoto Pr

### Sawara Ward, Fukuoka, Fukuoka Prefecture, Japan / Government Offices
  seed concern finds 5; 8 utterances kept of 8 asked for
  accepted          5  福岡県福岡市早良区の役所                           -> Sawara, Fukuoka, Fukuoka Pre
  accepted      56300  早良区の庁舎を教えてください                         -> Sawara, Fukuoka, City halls
  accepted          5  福岡早良区の政府機関を探してる                        -> Sawara, Fukuoka, Government 
  accepted          5  福岡市早良区にある官公庁の位置教えて                     -> Sawara, Fukuoka, Government 
  accepted          5  Find government offices in Sawara Wa   -> Sawara Ward, Fukuoka, Fukuok
  accepted          5  Where are the government offices in    -> Sawara Ward, Fukuoka, Fukuok
  accepted          5  Show me government offices in Sawara   -> Sawara Ward, Fukuoka, Fukuok
  accepted          5  Government offices location in Sawar   -> Sawara Ward, Fukuoka, Fukuok

### Tsuzuki Ward, Yokohama, Kanagawa Prefecture, Japan / Government Offices
  seed concern finds 173; 8 utterances kept of 8 asked for
  invented_name       0  横浜市筑紫区にある政府機関を教えて                      -> 
  invented_name       0  神奈川県横浜市筑紫区の役所を探している                    -> 
  invented_name       0  筑紫区 行政機関 検索                            -> 
  invented_name       0  横浜市筑紫区に政府のオフィスはどこですか                   -> 
  accepted    !     1  Where can I find government offices    -> Tsuzuki Ward, Yokohama, Kana
  accepted    !     1  Show me the location of government o   -> Tsuzuki Ward, Yokohama, Kana
  accepted         48  I need to locate government offices    -> Tsuzuki Ward, Yokohama, Kana
  accepted    !     1  Please list government offices in Ts   -> Tsuzuki Ward, Yokohama, Kana

### Eunpyeong-gu, Seoul, South Korea / Guest Houses
  seed concern finds 3; 8 utterances kept of 8 asked for
  deep_gap          0  ソウルの恩平区のゲストハウスを教えて                     -> Eunpyeong-gu, Seoul, Guestho
  deep_gap          0  ソウル 恩平区 ゲストハウス 検索                      -> Eunpyeong-gu, Seoul, Guestho
  wrong_area        0  恩平区にあるゲストハウスを探しています                    -> Enping, Guesthouses
  deep_gap          0  Eunpyeong-gu Seoul South Koreaのゲストハウ   -> Eunpyeong-gu, Seoul, South K
  accepted          3  Show me guest houses in Eunpyeong-gu   -> Eunpyeong-gu, Seoul, South K
  accepted          3  I want to find guest houses located    -> Eunpyeong-gu, Seoul, South K
  accepted          3  List all guest houses in Eunpyeong-g   -> Eunpyeong-gu, Seoul, South K
  accepted          3  Find guest houses in Eunpyeong-gu, S   -> Eunpyeong-gu, Seoul, South K

### Gangnam-gu, Seoul, South Korea / Guest Houses
  seed concern finds 3; 8 utterances kept of 8 asked for
  wrong_area        0  江南区のゲストハウスを探してる                        -> Jiangnan District, Guest hou
  accepted          3  Seoul Gangnam-gu no guest house o sa   -> Gangnam-gu, Seoul, Guest hou
  wrong_area        0  江南地域にあるゲストハウス一覧が見たい                    -> Kōnan, Aichi, Guest houses
  invented_name       0  Gangnam-ku ni aru gesutohausu ichira   -> 
  accepted          3  Where are the guest houses in Gangna   -> Gangnam-gu, Seoul, South Kor
  accepted          3  Find guest houses in Gangnam-gu, Seo   -> Gangnam-gu, Seoul, South Kor
  accepted          3  I am looking for guest houses in Gan   -> Gangnam-gu, Seoul, South Kor
  accepted          3  Show me guest houses in Gangnam-gu,    -> Gangnam-gu, Seoul, South Kor

### Higashiyama Ward, Kyoto, Kyoto Prefecture, Japan / Guest Houses
  seed concern finds 16; 8 utterances kept of 8 asked for
  accepted         16  京都市東山区のゲストハウスを教えて                      -> Higashiyama, Kyoto, Guest ho
  deep_gap          0  東山区で泊まれるゲストハウスを探している                   -> Higashiyama, Kyoto, Guesthou
  accepted         16  東山区にあるゲストハウス一覧を表示して                    -> Higashiyama, Kyoto, Guest ho
  accepted         16  京都市東山区のゲストハウスについて知りたい                  -> Higashiyama, Kyoto, Guest ho
  accepted         15  Find guest houses in Higashiyama War   -> Higashiyama Ward, Kyoto, Kyo
  accepted         15  I am looking for guest houses in Hig   -> Higashiyama Ward, Kyoto, Kyo
  accepted         15  Where can I find guest houses in Hig   -> Higashiyama Ward, Kyoto, Kyo
  accepted         15  Please list guest houses located in    -> Higashiyama Ward, Kyoto, Kyo

### Jung-gu, Seoul, South Korea / Guest Houses
  seed concern finds 32; 8 utterances kept of 8 asked for
  deep_gap          0  ソウル市中区にあるゲストハウスを教えて                    -> Jung-gu, Seoul, Guesthouses
  deep_gap          0  Jung-gu, Seoul, South Koreaのゲストハウス検索   -> Jung-gu, Seoul, South Korea,
  deep_gap          0  中区、ソウル、韓国で民宿を探して                       -> Jung-gu, Seoul, South Korea,
  deep_gap          0  Jung-gu, Seoul, South Koreaのゲストハウス一覧   -> Jung-gu, Seoul, South Korea,
  accepted         32  Find guest houses in Jung-gu, Seoul,   -> Jung-gu, Seoul, South Korea,
  no_area_line       0  Jung-gu, Seoul, South Korea            -> 
  accepted         32  Where are the guest houses located i   -> Jung-gu, Seoul, South Korea,
  no_area_line       0  Show me Jung-gu, Seoul, South Korea    -> 

### Minami Ward, Kyoto, Kyoto Prefecture, Japan / Guest Houses
  seed concern finds 16; 8 utterances kept of 8 asked for
  accepted         16  京都市南区のゲストハウスを教えて                       -> Minami, Kyoto, Guest houses
  accepted         16  京都府京都市南区にあるゲストハウスを探しています               -> Minami, Kyoto, Guest houses
  wrong_area        0  南区の宿を調べたい                              -> Minami, Japan, Lodging
  accepted         16  京都市南区のゲストハウス一覧を見せて                     -> Minami, Kyoto, Guest houses
  accepted         16  Find guest houses in Minami Ward, Ky   -> Minami Ward, Kyoto, Kyoto Pr
  accepted         16  Where are the guest houses in Minami   -> Minami Ward, Kyoto, Kyoto Pr
  accepted         16  I need a guest house in Minami Ward,   -> Minami Ward, Kyoto, Kyoto Pr
  accepted         16  List guest houses in Minami Ward, Ky   -> Minami Ward, Kyoto, Kyoto Pr

### Naniwa Ward, Osaka, Osaka Prefecture, Japan / Guest Houses
  seed concern finds 64; 5 utterances kept of 8 asked for
  wrong_area        0  大阪府大阪市浪速区のゲストハウスを検索                    -> Naniwa, Osaka, Guest houses
  accepted         64  Show me guest houses in Naniwa Ward,   -> Naniwa Ward, Osaka, Osaka Pr
  accepted         64  Find all guest houses located in Nan   -> Naniwa Ward, Osaka, Osaka Pr
  accepted         64  List guest houses in Naniwa Ward, Os   -> Naniwa Ward, Osaka, Osaka Pr
  accepted         64  Where can I find guest houses in Nan   -> Naniwa Ward, Osaka, Osaka Pr

### Pristina, Municipality of Pristina, District of Pristina, Kosovo / Guest Houses
  seed concern finds 9; 8 utterances kept of 8 asked for
  accepted          9  プリシュティナにあるゲストハウスを探して                   -> Pristina, Guest houses
  deep_gap          0  Pristina, Municipality of Pristina,    -> Pristina, Municipality of Pr
  accepted          9  プリシュティナ市プリシュティナ郡コソボのゲストハウス             -> Pristina, Kosovo, Guest hous
  deep_gap          0  Pristina, Municipality of Pristina,    -> Pristina, Municipality of Pr
  wrong_area        0  Find guest houses in Pristina, Munic   -> Municipality of Pristina, Di
  accepted          9  Where are guest houses located in Pr   -> Pristina, Municipality of Pr
  wrong_area        0  Show me guest houses in Pristina, Mu   -> Municipality of Pristina, Di
  wrong_area        0  I'm looking for guest houses in Pris   -> Municipality of Pristina, Di

### Seongdong-gu, Seoul, South Korea / Guest Houses
  seed concern finds 1; 8 utterances kept of 8 asked for
  deep_gap          0  Seongdong-gu, Seoul, South Koreaのゲスト   -> Seongdong-gu, Seoul, South K
  deep_gap          0  ソウル城東区のゲストハウスを探してる                     -> Seongdong-gu, Seoul, Guestho
  deep_gap          0  Seongdong-gu, Seoul, South Koreaにあるゲ   -> Seongdong-gu, Seoul, South K
  wrong_area        0  城東区 韓国 ソウル ゲストハウス                      -> Joto, Osaka, Korean guesthou
  accepted          1  Where are the guest houses in Seongd   -> Seongdong-gu, Seoul, South K
  accepted          1  Seongdong-gu, Seoul, South Korea gue   -> Seongdong-gu, Seoul, South K
  accepted          1  Show me guest houses in Seongdong-gu   -> Seongdong-gu, Seoul, South K
  accepted          1  Can you find guest houses in Seongdo   -> Seongdong-gu, Seoul, South K

### Tennoji Ward, Osaka, Osaka Prefecture, Japan / Guest Houses
  seed concern finds 3; 8 utterances kept of 8 asked for
  accepted          3  天王寺区にあるゲストハウスを教えて                      -> Tennoji, Osaka, Guest houses
  accepted          3  大阪府大阪市天王寺区のゲストハウス検索                    -> Tennoji, Osaka, Guest houses
  deep_gap          0  天王寺区でゲストハウスを探している                      -> Tennoji, Osaka, Guesthouses
  accepted          3  大阪・天王寺区のゲストハウス一覧                       -> Tennoji, Osaka, Guest houses
  invented_name       0  Where are the guest houses in Tennoj   -> 
  invented_name       0  Find guest houses located in Tennoji   -> 
  invented_name       0  Show me guest houses in Tennoji Ward   -> 
  invented_name       0  Locations of guest houses in Tennoji   -> 

### Yongsan-gu, Seoul, South Korea / Guest Houses
  seed concern finds 15; 8 utterances kept of 8 asked for
  deep_gap          0  ソウルの龍山区のゲストハウスを教えて                     -> Yongsan, Seoul, Guesthouses
  deep_gap          0  龍山区のゲストハウス一覧をお願いします                    -> Yongsan-gu, Seoul, Guesthous
  deep_gap          0  龍山区内のゲストハウスを探して                        -> Yongsan-gu, Seoul, Guesthous
  deep_gap          0  龍山区のゲストハウスはどこにある？                      -> Yongsan-gu, Seoul, Guesthous
  accepted         15  Where can I find guest houses in Yon   -> Yongsan-gu, Seoul, South Kor
  accepted         15  Show me all guest houses located in    -> Yongsan-gu, Seoul, South Kor
  accepted         15  I am looking for guest houses in Yon   -> Yongsan-gu, Seoul, South Kor
  accepted         15  Can you list the guest houses in Yon   -> Yongsan-gu, Seoul, South Kor

### Fushimi Ward, Kyoto, Kyoto Prefecture, Japan / Horse Riding
  seed concern finds 2; 8 utterances kept of 8 asked for
  deep_gap          0  伏見区の乗馬施設はどこですか？                        -> Fushimi, Kyoto, Equestrian f
  deep_gap          0  京都府京都市伏見区で乗馬ができる場所を教えて                 -> Fushimi, Kyoto, Equestrian f
  accepted          2  Fushimi Ward, Kyoto, Kyoto Prefectur   -> Fushimi, Kyoto, Kyoto Prefec
  accepted          1  伏見区 乗馬 行き方                             -> Fushimi, Kyoto, Horse riding
  accepted          2  Where can I go horse riding in Fushi   -> Fushimi Ward, Kyoto, Kyoto P
  deep_gap          0  List of equestrian facilities in Fus   -> Fushimi Ward, Kyoto, Kyoto P
  accepted          2  Find horse riding spots in Fushimi W   -> Fushimi Ward, Kyoto, Kyoto P
  accepted          2  I want to see horse riding venues in   -> Fushimi Ward, Kyoto, Kyoto P

### North District, Hong Kong, China / Horse Riding
  seed concern finds 4; 8 utterances kept of 8 asked for
  invented_name       0  香港の北区で乗馬スポットを探しています                    -> 
  deep_gap          0  HK North District e no jōba supotto    -> North District, Hong Kong, J
  accepted          4  North District, Hong Kong, China で h   -> North District, Hong Kong, H
  invented_name       0  北区での乗馬施設について教えてください                    -> 
  accepted          4  Where can I go horse riding in North   -> North District, Hong Kong, C
  deep_gap          0  Find equestrian spots in North Distr   -> North District, Hong Kong, C
  accepted          4  I need to find horse riding faciliti   -> North District, Hong Kong, C
  accepted          4  Show me horse riding locations in No   -> North District, Hong Kong, C

### Abeno Ward, Osaka, Osaka Prefecture, Japan / Hospitals
  seed concern finds 7; 8 utterances kept of 8 asked for
  accepted          7  大阪市阿倍野区の病院                             -> Abeno, Osaka, Hospitals
  accepted          7  阿倍野区内の医療機関を探したい                        -> Abeno, Osaka, Hospitals
  accepted          7  大阪府大阪市阿倍野区の病院一覧                        -> Abeno, Osaka, Hospitals
  accepted          7  阿倍野区の医院はどこ？                            -> Abeno, Osaka, Hospitals
  accepted          7  Show me all the hospitals in Abeno W   -> Abeno Ward, Osaka, Osaka Pre
  accepted          7  Where are the hospitals located in A   -> Abeno Ward, Osaka, Osaka Pre
  accepted          7  I need to find a hospital in Abeno W   -> Abeno Ward, Osaka, Osaka Pre
  accepted          7  List hospitals in Abeno Ward, Osaka,   -> Abeno Ward, Osaka, Osaka Pre

### Akishima, Tokyo, Japan / Hospitals
  seed concern finds 7; 8 utterances kept of 8 asked for
  no_area_line       0  Akishima, Tokyo, Japan                 -> 
  accepted          7  Akishima, Tokyo, Japan 内の病院を教えて        -> Akishima, Tokyo, Hospitals
  accepted          7  Akishima, Tokyo, Japan の医療施設はどこですか？    -> Akishima, Tokyo, Hospitals
  accepted          7  Akishima, Tokyo, Japan で病院を搜索して        -> Akishima, Tokyo, Hospitals
  accepted          7  Show me hospitals in Akishima, Tokyo   -> Akishima, Tokyo, Japan, Hosp
  accepted          7  I need a list of medical facilities    -> Akishima, Tokyo, Japan, Medi
  accepted          7  Please find hospitals located in Aki   -> Akishima, Tokyo, Japan, Hosp
  accepted          7  Where can I find hospitals in Akishi   -> Akishima, Tokyo, Japan, Hosp

### Asahi Ward, Osaka, Osaka Prefecture, Japan / Hospitals
  seed concern finds 9; 8 utterances kept of 8 asked for
  wrong_area        0  旭区の病院を教えて                              -> Asahi, Chiba, Hospitals
  accepted          9  大阪府大阪市旭区にある病院リスト                       -> Asahi, Osaka, Hospitals
  wrong_area        0  旭区の医療機関を一覧で                            -> Asahi, Chiba, Hospitals
  accepted          9  旭区 病院 検索                               -> Asahi, Osaka, Hospitals
  accepted          9  Find hospitals in Asahi Ward, Osaka,   -> Asahi Ward, Osaka, Osaka Pre
  accepted          9  Where can I go for hospital care in    -> Asahi Ward, Osaka, Osaka Pre
  accepted         13  Search for medical facilities in Asa   -> Asahi Ward, Osaka, Osaka Pre
  accepted          9  Asahi Ward, Osaka, Osaka Prefecture,   -> Asahi Ward, Osaka, Osaka Pre

### Bunkyo, Tokyo, Japan / Hospitals
  seed concern finds 12; 8 utterances kept of 8 asked for
  accepted         12  東京の文京区にある病院を教えて                        -> Bunkyō, Tokyo, Hospitals
  accepted         12  文京区の医療機関一覧を表示して                        -> Bunkyō, Tokyo, Hospitals
  accepted         12  東京都文京区で診療を行っている医院を探して                  -> Bunkyō, Tokyo, Hospitals
  accepted         19  文京区内のクリニック及び病院の場所を知りたい                 -> Bunkyo, Tokyo, Clinics
  invented_name       0  Show me hospitals in Bunkyo, Tokyo,    -> 
  invented_name       0  Where are hospitals located in Bunky   -> 
  invented_name       0  Find hospitals in Bunkyo, Tokyo, Jap   -> 
  invented_name       0  I need a list of hospitals in Bunkyo   -> 

### Chofu, Tokyo, Japan / Hospitals
  seed concern finds 15; 8 utterances kept of 8 asked for
  accepted         15  Chofu, Tokyo, Japan 内の病院を教えて           -> Chofu, Tokyo, Hospitals
  accepted         15  Chofu, Tokyo, Japan で病院を探してる           -> Chofu, Tokyo, Hospitals
  accepted         15  Chofu, Tokyo, Japan の病院一覧は？            -> Chofu, Tokyo, Hospitals
  accepted         15  Chofu, Tokyo, Japan 周辺の医院はどこ？          -> Chofu, Tokyo, Hospitals
  accepted         15  Show me hospitals in Chofu, Tokyo, J   -> Chofu, Tokyo, Japan, Hospita
  accepted         15  Find hospitals near Chofu, Tokyo, Ja   -> Chofu, Tokyo, Japan, Hospita
  accepted         15  List all hospitals in Chofu, Tokyo,    -> Chofu, Tokyo, Japan, Hospita
  accepted         15  Where are the hospitals in Chofu, To   -> Chofu, Tokyo, Japan, Hospita

### Chuo, Kobe, Hyogo Prefecture, Japan / Hospitals
  seed concern finds 21; 8 utterances kept of 8 asked for
  accepted         21  神戸市中央区にある病院はどこですか？                     -> Chūō, Kobe, Hospitals
  accepted         21  兵庫県神戸市中央区の医療施設を教えて。                    -> Chuo Ward, Kobe, Hospitals
  accepted         21  神戸の中央区に病院を探してるんだけど。                    -> Chuo, Kobe, Hospitals
  deep_gap          0  Chuo, Kobe, Hyogo Prefecture, Japan    -> Chuo, Kobe, Hyogo Prefecture
  accepted         21  Show me all hospitals in Chuo, Kobe,   -> Chuo, Kobe, Hyogo Prefecture
  accepted         21  Find hospitals located in Chuo, Kobe   -> Chuo, Kobe, Hyogo Prefecture
  accepted        121  Where are the hospitals in Chuo, Kob   -> Chuo, Kobe, Hyogo Prefecture
  accepted         21  List hospitals in Chuo, Kobe, Hyogo    -> Chuo, Kobe, Hyogo Prefecture

### Dobong-gu, Seoul, South Korea / Hospitals
  seed concern finds 5; 8 utterances kept of 8 asked for
  accepted          5  ソウル特別市道峰区の病院を教えてください                   -> Dobong-gu, Seoul, Hospitals
  accepted          5  道峰区にある医院はどこですか                         -> Dobong, Seoul, Hospitals
  accepted          5  ソウル道峰区の医療機関一覧を表示して                     -> Dobong-gu, Seoul, Hospitals
  accepted         41  道峰区のクリニックを探してる                         -> Dobong, Seoul, Clinics
  accepted          5  Where are the hospitals in Dobong-gu   -> Dobong-gu, Seoul, South Kore
  accepted          5  Show me hospitals in Dobong-gu, Seou   -> Dobong-gu, Seoul, South Kore
  accepted          5  Please list the hospitals located in   -> Dobong-gu, Seoul, South Kore
  accepted          5  hospitals Dobong-gu Seoul South Kore   -> Dobong-gu, Seoul, South Kore

### Eunpyeong-gu, Seoul, South Korea / Hospitals
  seed concern finds 11; 8 utterances kept of 8 asked for
  accepted         11  ソウル特別市恩平区の病院を教えてください                   -> Eunpyeong-gu, Seoul, Hospita
  wrong_area        0  恩平区にある病院の場所を教えて                        -> Enping, Jiangmen, Guangdong,
  accepted         11  ソウル恩平区 病院 検索                           -> Eunpyeong-gu, Seoul, Hospita
  wrong_area        0  恩平区の医療機関を探しています                        -> Enping, Medical institutions
  accepted         11  Find hospitals in Eunpyeong-gu, Seou   -> Eunpyeong-gu, Seoul, South K
  accepted         11  Where are the hospitals located in E   -> Eunpyeong-gu, Seoul, South K
  accepted         11  I need a list of hospitals in Eunpye   -> Eunpyeong-gu, Seoul, South K
  accepted         11  Show me all hospitals in Eunpyeong-g   -> Eunpyeong-gu, Seoul, South K

### Fussa, Tokyo, Japan / Hospitals
  seed concern finds 6; 8 utterances kept of 8 asked for
  accepted          6  福生市の病院                                 -> Fussa, Tokyo, Hospitals
  accepted          6  東京福生にある医院を探して                          -> Fussa, Tokyo, Hospitals
  accepted          6  福生、東京都、日本、病院                           -> Fussa, Tokyo, Hospitals
  accepted          8  福生市内のクリニック一覧                           -> Fussa, Tokyo, Clinics
  accepted          6  Show me all hospitals in Fussa, Toky   -> Fussa, Tokyo, Japan, Hospita
  accepted          6  Where are the medical facilities loc   -> Fussa, Tokyo, Japan, Medical
  accepted          6  List hospitals in Fussa, Tokyo, Japa   -> Fussa, Tokyo, Japan, Hospita
  accepted          6  Can you find any hospitals for me in   -> Fussa, Tokyo, Japan, Hospita

### Gangnam-gu, Seoul, South Korea / Hospitals
  seed concern finds 13; 8 utterances kept of 8 asked for
  wrong_area        0  江南区にある病院を教えて                           -> Jiangnan District, Hospitals
  accepted         13  ソウルの江南区に病院はどこですか？                      -> Gangnam, Seoul, Hospitals
  wrong_area        0  江南区 病院                                 -> Jiangnan District, Hospitals
  accepted         13  ソウル・江南区の病院を探している                       -> Gangnam-gu, Seoul, Hospitals
  accepted         13  Show me all the hospitals in Gangnam   -> Gangnam-gu, Seoul, South Kor
  accepted         13  I need a list of hospitals located i   -> Gangnam-gu, Seoul, South Kor
  accepted         13  Find hospitals in Gangnam-gu, Seoul,   -> Gangnam-gu, Seoul, South Kor
  accepted         13  Where are the hospitals in Gangnam-g   -> Gangnam-gu, Seoul, South Kor

### Guro-gu, Seoul, South Korea / Hospitals
  seed concern finds 7; 8 utterances kept of 8 asked for
  accepted          7  ソウル市九老区の病院を教えて                         -> Guro-gu, Seoul, Hospitals
  accepted          7  九老区内の病院を探して                            -> Guro, Seoul, Hospitals
  accepted          7  ソウル 九老区 病院 検索                          -> Guro-gu, Seoul, Hospitals
  wrong_area        0  九老区の医療機関を表示してください                      -> Jiulou District, Kaohsiung, 
  accepted          7  Show me all hospitals in Guro-gu, Se   -> Guro-gu, Seoul, South Korea,
  accepted          7  Where are the hospitals in Guro-gu,    -> Guro-gu, Seoul, South Korea,
  accepted          7  I need directions to hospitals in Gu   -> Guro-gu, Seoul, South Korea,
  accepted          7  Please list hospitals in Guro-gu, Se   -> Guro-gu, Seoul, South Korea,

### Hakata Ward, Fukuoka, Fukuoka Prefecture, Japan / Hospitals
  seed concern finds 22; 8 utterances kept of 8 asked for
  wrong_area        0  福岡県福岡市博多区の病院を教えて                       -> Hakata, Fukuoka City, Fukuok
  accepted         22  博多区にある医療機関を探して                         -> Hakata, Fukuoka, Medical ins
  accepted         22  福岡市博多区の医院一覧を表示してください                   -> Hakata, Fukuoka, Hospitals
  accepted          5  博多区内のクリニックを検索                          -> Hakata, Fukuoka, Clinics
  accepted         22  Show me all hospitals in Hakata Ward   -> Hakata Ward, Fukuoka, Fukuok
  invented_name       0  Find hospitals                         -> 
  accepted         22  Where are the hospitals located in H   -> Hakata Ward, Fukuoka, Fukuok
  accepted         27  List of medical facilities in Hakata   -> Hakata Ward, Fukuoka, Fukuok

### Higashi Ward, Niigata, Niigata Prefecture, Japan / Hospitals
  seed concern finds 6; 7 utterances kept of 8 asked for
  wrong_area        0  新潟県新潟市東区にある病院を教えて                      -> Higashi-ku, Niigata, Niigata
  accepted          3  新潟市東区内のクリニック一覧を見せて                     -> Higashi-ku, Niigata, Clinics
  wrong_area        0  東区に病院がある？                              -> Higashi, Tokyo, Hospitals
  accepted          6  Show hospitals in Higashi Ward, Niig   -> Higashi Ward, Niigata, Niiga
  accepted          6  I need a list of hospitals located i   -> Higashi Ward, Niigata, Niiga
  accepted          6  Where are the hospitals in Higashi W   -> Higashi Ward, Niigata, Niiga
  accepted          6  Find hospitals in Higashi Ward, Niig   -> Higashi Ward, Niigata, Niiga

### Higashisumiyoshi Ward, Osaka, Osaka Prefecture, Japan / Hospitals
  seed concern finds 11; 8 utterances kept of 8 asked for
  accepted         11  東住吉区の病院を探しています                         -> Higashisumiyoshi, Osaka, Hos
  accepted         11  大阪府東住吉区にある病院はどこですか                     -> Higashisumiyoshi, Osaka, Hos
  accepted         11  東住吉区の医院一覧                              -> Higashisumiyoshi, Osaka, Hos
  accepted         11  東住吉区の病院を教えて                            -> Higashisumiyoshi, Osaka, Hos
  accepted         11  Find hospitals in Higashisumiyoshi W   -> Higashisumiyoshi Ward, Osaka
  accepted         11  Where are the hospitals in Higashisu   -> Higashisumiyoshi Ward, Osaka
  accepted         11  List all hospitals in Higashisumiyos   -> Higashisumiyoshi Ward, Osaka
  accepted         11  Show me hospitals located in Higashi   -> Higashisumiyoshi Ward, Osaka

### Hino, Tokyo, Japan / Hospitals
  seed concern finds 6; 8 utterances kept of 8 asked for
  accepted          6  東京都日野市の病院                              -> Hino, Tokyo, Hospitals
  accepted          6  Hino Tokyo Japan 病院                    -> Hino, Tokyo, Hospitals
  accepted          6  東京・日野エリアの医療機関を教えて                      -> Hino, Tokyo, Hospitals
  accepted          6  日野市内にある病院一覧                            -> Hino, Tokyo, Hospitals
  accepted          6  Hospitals in Hino, Tokyo, Japan        -> Hino, Tokyo, Japan, Hospital
  accepted          6  Where can I find hospitals in Hino,    -> Hino, Tokyo, Japan, Hospital
  accepted          6  I need directions to hospitals in Hi   -> Hino, Tokyo, Japan, Hospital
  accepted          6  Show me the map of hospitals in Hino   -> Hino, Tokyo, Japan, Hospital

### Ikuno Ward, Osaka, Osaka Prefecture, Japan / Hospitals
  seed concern finds 22; 5 utterances kept of 8 asked for
  accepted         22  大阪府大阪市生野区の病院を教えて                       -> Ikuno, Osaka City, Osaka Pre
  accepted         22  Ikuno Ward, Osaka, Osaka Prefecture,   -> Ikuno, Osaka, Hospitals
  accepted         22  Ikuno Ward, Osaka, Osaka Prefecture,   -> Ikuno, Osaka, Hospitals
  accepted        335  生野区にクリニックや病院ありますか                      -> Ikuno, Osaka, Clinics
  accepted         22  Hospitals in Ikuno Ward, Osaka, Osak   -> Ikuno Ward, Osaka, Osaka Pre

### Iwatsuki Ward, Saitama, Saitama Prefecture, Japan / Hospitals
  seed concern finds 4; 8 utterances kept of 8 asked for
  accepted          4  岩槻区の医院を調べて                             -> Iwatsuki, Saitama, Hospitals
  accepted          4  埼玉県岩槻区にある病院を探して                        -> Iwatsuki, Saitama, Hospitals
  accepted          4  岩槻区 医院                                 -> Iwatsuki, Saitama, Hospitals
  accepted          4  岩槻区の病院一覧を表示してください                      -> Iwatsuki, Saitama, Hospitals
  no_area_line       0  Iwatsuki Ward, Saitama, Saitama Pref   -> 
  no_area_line       0  Show me the area of Iwatsuki Ward, S   -> 
  no_area_line       0  I am looking for Iwatsuki Ward, Sait   -> 
  no_area_line       0  Please find Iwatsuki Ward, Saitama,    -> 

### Joto Ward, Osaka, Osaka Prefecture, Japan / Hospitals
  seed concern finds 17; 8 utterances kept of 8 asked for
  invented_name       0  住吉区の病院を探している                           -> 
  invented_name       0  大阪市住吉区内の医療機関を教えてください                   -> 
  invented_name       0  住吉区のクリニック一覧                            -> 
  invented_name       0  住吉区の病院どこにある？                           -> 
  accepted         17  Where are the hospitals in Joto Ward   -> Joto Ward, Osaka, Osaka Pref
  accepted         17  I need to find hospitals located in    -> Joto Ward, Osaka, Osaka Pref
  accepted         17  Show me hospitals in Joto Ward, Osak   -> Joto Ward, Osaka, Osaka Pref
  accepted         17  Can you list the hospitals in Joto W   -> Joto Ward, Osaka, Osaka Pref

### Kamigyō Ward, Kyoto, Kyoto Prefecture, Japan / Hospitals
  seed concern finds 10; 8 utterances kept of 8 asked for
  accepted         10  上京区の病院を教えて                             -> Kamigyō, Kyoto, Hospitals
  accepted         24  京都府京都市上京区にある医療機関を教えてください               -> Kamigyō, Kyoto, Medical inst
  accepted         14  上京区のクリニック一覧                            -> Kamigyo, Kyoto, Clinics
  accepted         10  上京区の医院を探している                           -> Kamigyō, Kyoto, Hospitals
  accepted         10  Show me hospitals in Kamigyō Ward, K   -> Kamigyō Ward, Kyoto, Kyoto P
  accepted         10  Where are the hospitals located in K   -> Kamigyō Ward, Kyoto, Kyoto P
  accepted         10  List hospitals in Kamigyō Ward, Kyot   -> Kamigyō Ward, Kyoto, Kyoto P
  accepted         10  I need to find hospitals in Kamigyō    -> Kamigyō Ward, Kyoto, Kyoto P

### Kita Ward, Kyoto, Kyoto Prefecture, Japan / Hospitals
  seed concern finds 14; 8 utterances kept of 8 asked for
  wrong_area        0  北区の病院を教えて                              -> Kita, Tokyo, Hospitals
  accepted         14  京都府京都市北区にある医療機関一覧を作成してください             -> Kita, Kyoto, Hospitals
  wrong_area        0  北区の病院の場所を表示して                          -> Kita, Tokyo, Hospitals
  accepted          7  京都の北区でクリニックを探したい                       -> Kita, Kyoto, Clinics
  accepted         14  Where are the hospitals in Kita Ward   -> Kita Ward, Kyoto, Kyoto Pref
  accepted         14  Kita Ward, Kyoto, Kyoto Prefecture,    -> Kita Ward, Kyoto, Kyoto Pref
  accepted         14  Show me hospitals in Kita Ward, Kyot   -> Kita Ward, Kyoto, Kyoto Pref
  accepted         14  I need to find hospitals in Kita War   -> Kita Ward, Kyoto, Kyoto Pref

### Kita Ward, Saitama, Saitama Prefecture, Japan / Hospitals
  seed concern finds 3; 8 utterances kept of 8 asked for
  accepted          3  埼玉県さいたま市北区の病院を教えて                      -> Kita, Saitama, Hospitals
  accepted          3  さいたま市北区にある医療機関一覧を出して                   -> Kita, Saitama, Medical insti
  accepted          3  埼玉県の北区で病院を探して                          -> Kita, Saitama, Hospitals
  wrong_area        0  北区のクリニックや病院を検索してください                   -> Kita, Tokyo, Clinics
  accepted          3  Show me hospitals in Kita Ward, Sait   -> Kita Ward, Saitama, Saitama 
  accepted          3  I need a list of hospitals located i   -> Kita Ward, Saitama, Saitama 
  accepted          3  Could you find hospitals in Kita War   -> Kita Ward, Saitama, Saitama 
  accepted          3  Kita Ward, Saitama, Saitama Prefectu   -> Kita Ward, Saitama, Saitama 

### Koganei, Tokyo, Japan / Hospitals
  seed concern finds 5; 8 utterances kept of 8 asked for
  accepted          5  小金井の医院を教えて                             -> Koganei, Tokyo, Hospitals
  accepted          5  東京都小金井市の病院一覧を表示して                      -> Koganei, Tokyo, Hospitals
  accepted          4  小金井市にあるクリニックはどこ？                       -> Koganei, Tokyo, Clinics
  accepted          5  小金井の医療施設を探して                           -> Koganei, Tokyo, Hospitals
  accepted          5  Find hospitals in Koganei, Tokyo, Ja   -> Koganei, Tokyo, Japan, Hospi
  accepted          5  Show me all the hospitals located in   -> Koganei, Tokyo, Japan, Hospi
  accepted          5  Where are the hospitals in Koganei,    -> Koganei, Tokyo, Japan, Hospi
  accepted          5  List hospitals in Koganei, Tokyo, Ja   -> Koganei, Tokyo, Japan, Hospi

### Konan Ward, Niigata, Niigata Prefecture, Japan / Hospitals
  seed concern finds 0; 5 utterances kept of 8 asked for
  no_area_line       0  Konan Ward, Niigata, Niigata Prefect   -> 
  zero_results       0  List all hospitals in Konan Ward, Ni   -> Konan Ward, Niigata, Niigata
  zero_results       0  Where are the hospitals located in K   -> Konan Ward, Niigata, Niigata
  wrong_area        0  Find hospitals Konan Ward              -> Konan Ward, Hospitals
  zero_results       0  Please show me the locations of ever   -> Konan Ward, Niigata, Niigata

### Kowloon City District, Hong Kong, China / Hospitals
  seed concern finds 6; 8 utterances kept of 8 asked for
  invented_name       0  九龍城区の病院を教えて                            -> 
  invented_name       0  香港九龍城地区にある医療施設一覧                       -> 
  invented_name       0  九龍城區病院探してる                             -> 
  invented_name       0  九龍城區、病院で検索して                           -> 
  accepted          6  Where are the hospitals in Kowloon C   -> Kowloon City District, Hong 
  accepted          6  Find all hospitals located in Kowloo   -> Kowloon City District, Hong 
  accepted          6  I need to locate hospitals within Ko   -> Kowloon City District, Hong 
  accepted          6  Show me the hospitals in Kowloon Cit   -> Kowloon City District, Hong 

### Luohu District, Shenzhen, Guangdong Province, China / Hospitals
  seed concern finds 128; 8 utterances kept of 8 asked for
  accepted        128  Luohu District, Shenzhen, Guangdong    -> Luohu District, Shenzhen, Gu
  accepted        128  Luohu District, Shenzhen, Guangdong    -> Luohu District, Shenzhen, Gu
  accepted         57  Luohu District, Shenzhen, Guangdong    -> Luohu District, Shenzhen, Gu
  accepted        128  Luohu District, Shenzhen, Guangdong    -> Luohu District, Shenzhen, Gu
  accepted        128  Show me hospitals in Luohu District,   -> Luohu District, Shenzhen, Gu
  accepted        128  I need to find hospitals located in    -> Luohu District, Shenzhen, Gu
  accepted         20  Can you list hospitals in Luohu Dist   -> 罗湖区, 深圳市, 广东省, 中国, 医院
  accepted        128  Please find hospitals in Luohu Distr   -> Luohu District, Shenzhen, Gu

### Midori Ward, Nagoya, Aichi Prefecture, Japan / Hospitals
  seed concern finds 9; 7 utterances kept of 8 asked for
  invented_name       0  愛知県名古屋市中区にある病院を教えて                     -> 
  accepted         73  名古屋市緑区のクリニックをマップで表示して                  -> Midori-ku, Nagoya, Clinics
  invented_name       0  愛知県名古屋市中村区周辺の医療機関一覧                    -> 
  invented_name       0  愛知県名古屋市瑞穂区にあるクリニックはどこですか               -> 
  accepted          9  Where are the hospitals in Midori Wa   -> Midori Ward, Nagoya, Aichi P
  accepted          9  Show me all hospitals located in Mid   -> Midori Ward, Nagoya, Aichi P
  accepted          9  List hospitals in Midori Ward, Nagoy   -> Midori Ward, Nagoya, Aichi P

### Minami Ward, Kyoto, Kyoto Prefecture, Japan / Hospitals
  seed concern finds 11; 8 utterances kept of 8 asked for
  no_area_line       0  Minami Ward, Kyoto, Kyoto Prefecture   -> 
  accepted         11  Minami Ward, Kyoto, Kyoto Prefecture   -> Minami Ward, Kyoto, Kyoto Pr
  accepted         11  Minami Ward, Kyoto, Kyoto Prefecture   -> Minami Ward, Kyoto, Kyoto Pr
  wrong_area        0  Minami Ward, Kyoto, Kyoto Prefecture   -> Minami Ward, Kyoto, Kyoto Pr
  wrong_area        0  Show me hospitals in Minami Ward       -> Minami Ward, hospitals
  accepted         11  Where are the medical centers in Min   -> Minami Ward, Kyoto, Medical 
  deep_gap          0  List all hospitals located in Minami   -> Minami Ward, Kyoto Prefectur
  accepted         11  I need to find a hospital in Minami    -> Minami Ward, Kyoto, Hospital

### Minami Ward, Yokohama, Kanagawa Prefecture, Japan / Hospitals
  seed concern finds 0; 8 utterances kept of 8 asked for
  wrong_area        0  Minami Ward, Yokohama, Kanagawa Pref   -> Minami Ward, Yokohama, Kanag
  invented_name       0  横浜市中区の病院はどこですか？                        -> 
  wrong_area        0  神奈川県横浜市南区にある病院のリストが欲しい                 -> Minami-ku, Yokohama, Kanagaw
  wrong_area        0  Minami Ward, Yokohama, Kanagawa Pref   -> Minami, Yokohama, Kanagawa P
  zero_results       0  Show me hospitals in Minami Ward, Yo   -> Minami Ward, Yokohama, Kanag
  zero_results       0  Where are the hospitals in Minami Wa   -> Minami Ward, Yokohama, Kanag
  zero_results       0  Find hospitals located in Minami War   -> Minami Ward, Yokohama, Kanag
  wrong_area        0  I need directions to hospitals in Mi   -> Minami Ward, Yokohama, Kanag

### Minuma Ward, Saitama, Saitama Prefecture, Japan / Hospitals
  seed concern finds 6; 8 utterances kept of 8 asked for
  accepted          6  Minuma Ward, Saitama, Saitama Prefec   -> Minuma Ward, Saitama, Saitam
  invented_name       0  埼玉県さいたま市南区の病院一覧                        -> 
  invented_name       0  南区（さいたま市）にある病院を探して                     -> 
  accepted          6  Saitama Minuma Ward hospitals please   -> Minuma Ward, Saitama, Hospit
  accepted          6  I need to find hospitals in Minuma W   -> Minuma Ward, Saitama, Saitam
  accepted          6  Where are the hospitals in Minuma Wa   -> Minuma Ward, Saitama, Saitam
  accepted          6  Search for hospitals in Minuma Ward,   -> Minuma Ward, Saitama, Saitam
  accepted          6  Show me hospitals located in Minuma    -> Minuma Ward, Saitama, Saitam

### Mizuho Ward, Nagoya, Aichi Prefecture, Japan / Hospitals
  seed concern finds 7; 8 utterances kept of 8 asked for
  deep_gap          0  愛知県名古屋市瑞穂区の病院を教えて                      -> Mizuho, Nagoya, Aichi, Hospi
  accepted          1  瑞穂区内のクリニック一覧                           -> Mizuho, Nagoya, Clinics
  accepted          7  名古屋市瑞穂区の医療機関はどこですか？                    -> Mizuho, Nagoya, Medical inst
  accepted          7  瑞穂区にある病院を探索して                          -> Mizuho, Nagoya, Hospitals
  accepted          7  I need to find hospitals in Mizuho W   -> Mizuho Ward, Nagoya, Aichi P
  accepted          7  Show me all the hospitals located in   -> Mizuho Ward, Nagoya, Aichi P
  accepted          7  Where are the hospitals in Mizuho Wa   -> Mizuho Ward, Nagoya, Aichi P
  accepted          7  Please list hospitals in Mizuho Ward   -> Mizuho Ward, Nagoya, Aichi P

### Naka Ward, Nagoya, Aichi Prefecture, Japan / Hospitals
  seed concern finds 12; 8 utterances kept of 8 asked for
  wrong_area        0  中区の病院を教えて                              -> Naka, Yokohama, Hospitals
  accepted         12  愛知県名古屋市中区の医療機関リストをください                 -> Naka, Nagoya, Aichi, Hospita
  wrong_area        0  中区的な病院はどこですか                           -> Naka, Yokohama, Hospitals
  accepted         12  名古屋市中区にある病院を検索して                       -> Naka, Nagoya, Hospitals
  accepted         12  List of hospitals in Naka Ward         -> Naka Ward, Hospitals
  accepted         12  Can you find hospitals in Naka Ward,   -> Naka Ward, Nagoya, Hospitals
  accepted         12  I need to locate hospitals in Naka W   -> Naka Ward, Nagoya, Aichi Pre
  accepted         12  Show me all hospitals in Naka Ward     -> Naka Ward, Hospitals

### Nakamura Ward, Nagoya, Aichi Prefecture, Japan / Hospitals
  seed concern finds 159; 5 utterances kept of 8 asked for
  invented_name       0  名古屋市中区の病院                              -> 
  invented_name       0  愛知県名古屋市中区にあるクリニックを探しています               -> 
  invented_name       0  中区 病院 検索                               -> 
  invented_name       0  名古屋市南区の医療機関一覧                          -> 
  accepted        159  Where are the hospitals in Nakamura    -> Nakamura Ward, Nagoya, Aichi

### Nerima, Tokyo, Japan / Hospitals
  seed concern finds 11; 8 utterances kept of 8 asked for
  accepted         11  東京都練馬区にある病院を教えて                        -> Nerima, Tokyo, Hospitals
  accepted         11  Nerima, Tokyo, Japan の病院一覧             -> Nerima, Tokyo, Hospitals
  accepted         11  練馬区内の病院はどこですか                          -> Nerima, Tokyo, Hospitals
  accepted         11  東京都の練馬区で医院を探しています                      -> Nerima, Tokyo, Hospitals
  accepted         11  Show me hospitals in Nerima, Tokyo,    -> Nerima, Tokyo, Japan, Hospit
  accepted         11  Where are the hospitals in Nerima, T   -> Nerima, Tokyo, Japan, Hospit
  accepted         11  List all hospitals located in Nerima   -> Nerima, Tokyo, Japan, Hospit
  accepted         11  I need to find hospitals in Nerima,    -> Nerima, Tokyo, Japan, Hospit

### Nishi Ward, Osaka, Osaka Prefecture, Japan / Hospitals
  seed concern finds 10; 8 utterances kept of 8 asked for
  accepted         10  西区の病院はどこですか                            -> Nishi, Osaka, Hospitals
  accepted         10  Nishi Ward, Osaka, Osaka Prefecture,   -> Nishi Ward, Osaka, Osaka Pre
  accepted         10  大阪市西区の病院一覧                             -> Nishi, Osaka, Hospitals
  accepted         10  西区（大阪府）の医療機関を教えて                       -> Nishi, Osaka, Hospitals
  accepted         10  Where are the hospitals in Nishi War   -> Nishi Ward, Osaka, Osaka Pre
  accepted         10  Show me hospitals in Nishi Ward, Osa   -> Nishi Ward, Osaka, Osaka Pre
  accepted         10  Please find all hospitals in Nishi W   -> Nishi Ward, Osaka, Osaka Pre
  accepted         10  I need a list of hospitals in Nishi    -> Nishi Ward, Osaka, Osaka Pre

### Nishinari Ward, Osaka, Osaka Prefecture, Japan / Hospitals
  seed concern finds 12; 4 utterances kept of 8 asked for
  accepted         12  Find hospitals in Nishinari Ward, Os   -> Nishinari Ward, Osaka, Osaka
  accepted         12  Where can I get medical care in Nish   -> Nishinari Ward, Osaka, Osaka
  accepted         12  Show me all the hospitals located wi   -> Nishinari Ward, Osaka, Osaka
  accepted         12  List hospitals in Nishinari Ward, Os   -> Nishinari Ward, Osaka, Osaka

### Ogasawara, Tokyo, Japan / Hospitals
  seed concern finds 1; 8 utterances kept of 8 asked for
  wrong_area        0  小笠原村の病院を教えてください。                       -> Ogasawara Village, Tokyo, Ho
  accepted          1  小笠原、東京、日本の病院リストを見せて。                   -> Ogasawara, Tokyo, Hospitals
  accepted          1  小笠原にある医療機関を教えて。                        -> Ogasawara, Tokyo, Medical in
  accepted          1  小笠原 病院 検索                              -> Ogasawara, Tokyo, Hospitals
  accepted          1  Where are the hospitals in Ogasawara   -> Ogasawara, Tokyo, Japan, Hos
  accepted          1  I need to find hospitals near Ogasaw   -> Ogasawara, Tokyo, Japan, Hos
  accepted          1  Can you show me hospitals in Ogasawa   -> Ogasawara, Tokyo, Japan, Hos
  accepted          1  Search for hospitals in Ogasawara, T   -> Ogasawara, Tokyo, Hospitals

### Oshima, Tokyo, Japan / Hospitals
  seed concern finds 1; 8 utterances kept of 8 asked for
  wrong_area        0  大島 病院                                  -> Oshima, Hospitals
  accepted          1  Tokyo Oshima hospitals                 -> Oshima, Tokyo, hospitals
  accepted          1  大島区の医療施設を教えて                           -> Oshima, Tokyo, Hospitals
  accepted          1  Oshima Tokyo no byouin                 -> Oshima, Tokyo, Hospitals
  accepted          1  Show me hospitals in Oshima, Tokyo,    -> Oshima, Tokyo, Japan, Hospit
  accepted          1  Find hospitals in Oshima Tokyo Japan   -> Oshima, Tokyo, Japan, Hospit
  accepted          1  I need a list of hospitals located i   -> Oshima, Tokyo, Japan, Hospit
  accepted          1  Can you locate hospitals in Oshima,    -> Oshima, Tokyo, Japan, Hospit

### Sakae Ward, Yokohama, Kanagawa Prefecture, Japan / Hospitals
  seed concern finds 2; 8 utterances kept of 8 asked for
  accepted          2  横浜市栄区の病院を教えて                           -> Sakae-ku, Yokohama, Hospital
  wrong_area        0  神奈川県横浜市栄区内の病院一覧を出して                    -> Sakae, Yokohama, Kanagawa Pr
  accepted          2  栄区の病院はどこにある？                           -> Sakae-ku, Yokohama, Hospital
  accepted          2  横浜市栄区にある病院を検索して                        -> Sakae, Yokohama, Hospitals
  accepted          2  Show me hospitals in Sakae Ward, Yok   -> Sakae Ward, Yokohama, Kanaga
  wrong_area        0  I am looking for hospitals in Sakae    -> Sakae Ward, Yokohama, Kanaga
  accepted          2  List hospitals in Sakae Ward, Yokoha   -> Sakae Ward, Yokohama, Kanaga
  accepted          2  Find all hospitals in Sakae Ward, Yo   -> Sakae Ward, Yokohama, Kanaga

### Seocho-gu, Seoul, South Korea / Hospitals
  seed concern finds 7; 8 utterances kept of 8 asked for
  accepted          7  ソウル市瑞草区の病院はどこですか                       -> Seocho, Seoul, Hospitals
  accepted          7  瑞草区にある病院を探してる                          -> Seocho, Seoul, Hospitals
  accepted          7  ソウル瑞草区の医院一覧を見せて                        -> Seocho, Seoul, Hospitals
  accepted          7  瑞草区に医院ありますか                            -> Seocho, Seoul, Hospitals
  accepted          7  Show me hospitals in Seocho-gu, Seou   -> Seocho-gu, Seoul, South Kore
  accepted          7  Where are the hospitals located in S   -> Seocho-gu, Seoul, South Kore
  accepted          7  I need to find hospitals in Seocho-g   -> Seocho-gu, Seoul, South Kore
  accepted          7  List hospitals in Seocho-gu, Seoul,    -> Seocho-gu, Seoul, South Kore

### Setagaya, Tokyo, Japan / Hospitals
  seed concern finds 56; 8 utterances kept of 8 asked for
  accepted         56  世田谷区の病院を教えて                            -> Setagaya, Tokyo, Hospitals
  accepted         56  東京世田谷の病院リスト                            -> Setagaya, Tokyo, Hospitals
  accepted         56  世田谷区の医院探してる                            -> Setagaya, Tokyo, Hospitals
  accepted         56  東京世田谷区の病院一覧                            -> Setagaya, Tokyo, Hospitals
  accepted         56  Show me hospitals in Setagaya, Tokyo   -> Setagaya, Tokyo, Japan, Hosp
  accepted         56  I need a list of medical facilities    -> Setagaya, Tokyo, Japan, Medi
  accepted         56  Where can I find hospitals in Setaga   -> Setagaya, Tokyo, Hospitals
  accepted         56  Please map out all hospitals located   -> Setagaya, Tokyo, Japan, Hosp

### Shibuya, Tokyo, Japan / Hospitals
  seed concern finds 25; 8 utterances kept of 8 asked for
  accepted         25  渋谷区の病院を教えて                             -> Shibuya, Tokyo, Hospitals
  accepted         25  TokyoのShibuyaにある病院のリスト                 -> Shibuya, Tokyo, Hospitals
  accepted         51  Shibuya, Tokyo, Japanの医療機関             -> Shibuya, Tokyo, Medical inst
  accepted         25  渋谷 病院 検索                               -> Shibuya, Tokyo, Hospitals
  accepted         25  Show hospitals in Shibuya, Tokyo, Ja   -> Shibuya, Tokyo, Japan, Hospi
  accepted         25  I need a list of medical centers loc   -> Shibuya, Tokyo, Medical cent
  accepted         25  Where are the hospitals in Shibuya,    -> Shibuya, Tokyo, Hospitals
  accepted         25  Find me hospitals in Shibuya, Tokyo,   -> Shibuya, Tokyo, Japan, Hospi

### Showa Ward, Nagoya, Aichi Prefecture, Japan / Hospitals
  seed concern finds 11; 8 utterances kept of 8 asked for
  wrong_area        0  昭和区の病院を教えてください                         -> Showa, Tokyo, Hospitals
  deep_gap          0  愛知県名古屋市昭和区内の医療機関を探しています                -> Showa, Nagoya, Aichi, Hospit
  accepted         11  名古屋市の昭和区内にある病院はどこですか                   -> Showa, Nagoya, Hospitals
  deep_gap          0  愛知県名古屋市昭和区内の医院一覧を示してください               -> Showa, Nagoya, Aichi, Hospit
  accepted         11  Where are the hospitals in Showa War   -> Showa Ward, Nagoya, Aichi Pr
  accepted         11  Showa Ward, Nagoya, Aichi Prefecture   -> Showa Ward, Nagoya, Aichi Pr
  accepted         11  List of hospitals in Showa Ward, Nag   -> Showa Ward, Nagoya, Aichi Pr
  accepted         11  I need to find hospitals in Showa Wa   -> Showa Ward, Nagoya, Aichi Pr

### Sumida, Tokyo, Japan / Hospitals
  seed concern finds 18; 8 utterances kept of 8 asked for
  invented_name       0  隅田区にある病院を教えて                           -> 
  invented_name       0  東京の隅田区の医療機関を探してる                       -> 
  accepted         18  Sumida, Tokyo, Japanの医院はどこですか？         -> Sumida, Tokyo, Hospitals
  invented_name       0  すみだ区の病院を検索して                           -> 
  accepted         18  Hospitals in Sumida, Tokyo, Japan      -> Sumida, Tokyo, Japan, Hospit
  accepted         18  I need to find a hospital in Sumida,   -> Sumida, Tokyo, Japan, Hospit
  accepted         18  Show me hospitals located in Sumida,   -> Sumida, Tokyo, Japan, Hospit
  accepted         18  Where are the hospitals in Sumida, T   -> Sumida, Tokyo, Japan, Hospit

### Taisho Ward, Osaka, Osaka Prefecture, Japan / Hospitals
  seed concern finds 4; 8 utterances kept of 8 asked for
  accepted          4  大正区の病院を教えて                             -> Taisho, Osaka, Hospitals
  accepted          4  大阪市大正区内の医療機関一覧が表示されますか？                -> Taisho, Osaka, Hospitals
  deep_gap          0  大正区のクリニックと病院を探しています                    -> Taisho, Osaka, Clinics
  accepted          4  大阪府大正区の医院をマップで表示して                     -> Taisho, Osaka, Hospitals
  accepted          4  Find all hospitals in Taisho Ward, O   -> Taisho Ward, Osaka, Osaka Pr
  accepted          4  Where are the hospitals located with   -> Taisho Ward, Osaka, Osaka Pr
  accepted          4  I need a list of hospitals in Taisho   -> Taisho Ward, Osaka, Osaka Pr
  accepted          4  Show hospitals in Taisho Ward, Osaka   -> Taisho Ward, Osaka, Osaka Pr

### Tenpaku Ward, Nagoya, Aichi Prefecture, Japan / Hospitals
  seed concern finds 5; 8 utterances kept of 8 asked for
  accepted          5  Tenpaku Ward, Nagoya, Aichi Prefectu   -> Tenpaku, Nagoya, Aichi Prefe
  accepted          5  名古屋市天白区の医療機関                           -> Tenpaku, Nagoya, Hospitals
  accepted          3  愛知県名古屋市中区Tenpaku Ward, Nagoya, Aichi   -> Tenpaku Ward, Nagoya, Aichi 
  accepted          5  天白区にある病院のリスト                           -> Tenpaku, Nagoya, Hospitals
  accepted          5  Show me hospitals in Tenpaku Ward, N   -> Tenpaku Ward, Nagoya, Aichi 
  accepted          5  List of hospitals located in Tenpaku   -> Tenpaku Ward, Nagoya, Aichi 
  accepted          5  I need to find hospitals in Tenpaku    -> Tenpaku Ward, Nagoya, Aichi 
  accepted          5  Where are the hospitals in Tenpaku W   -> Tenpaku Ward, Nagoya, Aichi 

### Tsurumi Ward, Osaka, Osaka Prefecture, Japan / Hospitals
  seed concern finds 8; 8 utterances kept of 8 asked for
  accepted          8  大阪府大阪市鶴見区の病院を教えて                       -> Tsurumi, Osaka, Hospitals
  accepted          8  大阪市鶴見区の医院の場所                           -> Tsurumi, Osaka, Hospitals
  accepted          8  大阪 鶴見区 病院 一覧                           -> Tsurumi, Osaka, Hospitals
  accepted          8  大阪市鶴見区にある病院を探して                        -> Tsurumi, Osaka, Hospitals
  accepted          8  Find all hospitals in Tsurumi Ward,    -> Tsurumi Ward, Osaka, Osaka P
  accepted          8  List hospitals near Tsurumi Ward, Os   -> Tsurumi Ward, Osaka, Osaka P
  accepted          5  Where are the medical clinics in Tsu   -> Tsurumi Ward, Osaka, Osaka P
  accepted          8  Show me hospitals in Tsurumi Ward, O   -> Tsurumi Ward, Osaka, Osaka P

### Urawa Ward, Saitama, Saitama Prefecture, Japan / Hospitals
  seed concern finds 6; 8 utterances kept of 8 asked for
  accepted          6  さいたま市浦和区の病院を教えて                        -> Urawa-ku, Saitama, Hospitals
  accepted          6  浦和区にある医療機関の場所を確認したいです                  -> Urawa, Saitama, Medical inst
  accepted         12  さいたま市浦和区内のクリニックを探して                    -> Urawa, Saitama, Clinics
  accepted          6  浦和区の医院一覧を表示してください                      -> Urawa, Saitama, Hospitals
  accepted          6  Show me hospitals in Urawa Ward, Sai   -> Urawa Ward, Saitama, Saitama
  accepted          6  Hospitals near Urawa Ward, Saitama,    -> Urawa Ward, Saitama, Saitama
  accepted          6  List all hospitals in Urawa Ward, Sa   -> Urawa Ward, Saitama, Saitama
  accepted          6  Please find hospitals in Urawa Ward,   -> Urawa Ward, Saitama, Saitama

### Yangcheon-gu, Seoul, South Korea / Hospitals
  seed concern finds 7; 8 utterances kept of 8 asked for
  invented_name       0  ソウル特別市楊川区の病院一覧を教えて                     -> 
  invented_name       0  楊川区の医院はどこにある？                          -> 
  invented_name       0  ソウルの楊川区内にある病院を探している                    -> 
  invented_name       0  楊川区にクリニックや病院はないかな                      -> 
  accepted          7  Show all hospitals in Yangcheon-gu,    -> Yangcheon-gu, Seoul, South K
  accepted          7  I need to find hospitals in Yangcheo   -> Yangcheon-gu, Seoul, South K
  accepted          7  Please list the hospitals located in   -> Yangcheon-gu, Seoul, South K
  accepted          7  Where are the hospitals in Yangcheon   -> Yangcheon-gu, Seoul, South K

### Yongsan-gu, Seoul, South Korea / Hospitals
  seed concern finds 1; 8 utterances kept of 8 asked for
  accepted          1  龍山区の病院を教えて                             -> Yongsan, Seoul, Hospitals
  accepted          1  龍山区の医院はどこですか？                          -> Yongsan, Seoul, Hospitals
  accepted          1  龍山区の医療機関を探して                           -> Yongsan, Seoul, Hospitals
  accepted          4  龍山区のクリニック一覧が表示されません？                   -> Yongsan, Seoul, Clinics
  accepted          1  Show me all hospitals in Yongsan-gu,   -> Yongsan-gu, Seoul, South Kor
  accepted          1  Where are the hospitals in Yongsan-g   -> Yongsan-gu, Seoul, South Kor
  accepted          1  I need to find hospitals in Yongsan-   -> Yongsan-gu, Seoul, South Kor
  accepted          1  Please list hospitals in Yongsan-gu,   -> Yongsan-gu, Seoul, South Kor

### Dongdaemun-gu, Seoul, South Korea / Hostels
  seed concern finds 3; 8 utterances kept of 8 asked for
  accepted          3  Dongdaemun-gu, Seoul, South Korea のホ   -> Dongdaemun-gu, Seoul, South 
  deep_gap          0  ソウル東大門区のゲストハウス一覧                       -> Dongdaemun, Seoul, Guesthous
  deep_gap          0  Dongdaemun-gu, Seoul, South Korea で泊   -> Dongdaemun-gu, Seoul, South 
  deep_gap          0  東大門区dongdaemun-gu にある安宿はどこ？            -> Dongdaemun-gu, Seoul, Budget
  accepted          3  Show me hostels in Dongdaemun-gu, Se   -> Dongdaemun-gu, Seoul, South 
  accepted          3  Where are the hostels in Dongdaemun-   -> Dongdaemun-gu, Seoul, South 
  accepted          3  I'm looking for hostels in Dongdaemu   -> Dongdaemun-gu, Seoul, South 
  accepted          3  Can you find hostels in Dongdaemun-g   -> Dongdaemun-gu, Seoul, South 

### Gangseo-gu, Seoul, South Korea / Hostels
  seed concern finds 1; 8 utterances kept of 8 asked for
  accepted          1  서울 강서구에 호스텔 좀 찾아줘                      -> Gangseo-gu, Seoul, Hostels
  deep_gap          0  강서구 여행인데 숙소로 호스텔 알아봐줘                  -> Gangseo District, Hostels
  accepted          1  서울 강서구 호스텔 목록 보여줘                      -> Gangseo-gu, Seoul, Hostels
  deep_gap          0  강서구에 있는 호스텔 검색해 줘                      -> Gangseo District, Hostels
  accepted          1  Show me hostels in Gangseo-gu, Seoul   -> Gangseo-gu, Seoul, South Kor
  accepted          1  Where can I find hostels in Gangseo-   -> Gangseo-gu, Seoul, South Kor
  accepted          1  List hostels in Gangseo-gu, Seoul, S   -> Gangseo-gu, Seoul, South Kor
  accepted          1  I need to locate hostels in Gangseo-   -> Gangseo-gu, Seoul, South Kor

### Mapo-gu, Seoul, South Korea / Hostels
  seed concern finds 22; 8 utterances kept of 8 asked for
  accepted         22  ソウル麻浦区のホステルを教えて                        -> Mapo, Seoul, Hostels
  deep_gap          0  ソウルの麻浦区で泊まれる宿を探しています                   -> Mapo, Seoul, Accommodations
  accepted         37  麻浦区内の安宿一覧を表示して                         -> Mapo, Seoul, Budget hotels
  deep_gap          0  ソウル麻浦区にあるバックパッカー向け宿泊施設を地図で見て           -> Mapo, Seoul, Backpacker acco
  accepted         22  Show hostels in Mapo-gu, Seoul, Sout   -> Mapo-gu, Seoul, South Korea,
  accepted         22  I am looking for hostels in Mapo-gu,   -> Mapo-gu, Seoul, South Korea,
  accepted         22  Can you find hostels in Mapo-gu, Seo   -> Mapo-gu, Seoul, South Korea,
  accepted         22  Mapo-gu, Seoul, South Korea hostels    -> Mapo-gu, Seoul, South Korea,

### Sawara Ward, Fukuoka, Fukuoka Prefecture, Japan / Hostels
  seed concern finds 17; 8 utterances kept of 8 asked for
  accepted          3  福岡県福岡市早良区のホステルを教えて                     -> Sawara, Fukuoka, Fukuoka Pre
  deep_gap          0  早良区にあるゲストハウスを探しています                    -> Sawara, Fukuoka, Guest house
  deep_gap          0  福岡早良区の安宿一覧表示して                         -> Sawara, Fukuoka, Accommodati
  wrong_area        0  福岡市早良区内のドミトリーを検索                       -> Sawara, Fukuoka City, Dormit
  accepted         17  Show me hostels in Sawara Ward, Fuku   -> Sawara Ward, Fukuoka, Fukuok
  accepted         17  Where are the hostels located in Saw   -> Sawara Ward, Fukuoka, Fukuok
  accepted         17  I need a list of hostels in Sawara W   -> Sawara Ward, Fukuoka, Fukuok
  accepted         17  Find hostels in Sawara Ward, Fukuoka   -> Sawara Ward, Fukuoka, Fukuok

### Seongdong-gu, Seoul, South Korea / Hostels
  seed concern finds 1; 7 utterances kept of 8 asked for
  invented_name       0  ソウル成東区のホステルを教えて                        -> 
  invented_name       0  ソウル特別市成東区内にある宿泊施設のリストを出して              -> 
  invented_name       0  成東区のゲストハウス一覧                           -> 
  invented_name       0  ソウル・センドンク地域で使える宿を探している                 -> 
  accepted          1  Where are the hostels in Seongdong-g   -> Seongdong-gu, Seoul, South K
  accepted          1  Show me hostels in Seongdong-gu, Seo   -> Seongdong-gu, Seoul, South K
  accepted          1  Find hostels in Seongdong-gu, Seoul,   -> Seongdong-gu, Seoul, South K

### Akiha Ward, Niigata, Niigata Prefecture, Japan / Hotels
  seed concern finds 2; 8 utterances kept of 8 asked for
  wrong_area        0  秋葉区のホテルを教えて                            -> Akiha, Tokyo, Hotels
  accepted          2  秋葉区のホテル一覧を出して                          -> Akiha, Niigata, Hotels
  wrong_area        0  新潟県新潟市秋葉区のホテル検索                        -> Akiha, Niigata, Niigata Pref
  deep_gap          0  秋葉区にある宿泊施設を調べて                         -> Akiha, Niigata, Accommodatio
  accepted          2  Show me hotels in Akiha Ward, Niigat   -> Akiha Ward, Niigata, Niigata
  deep_gap          0  I need to find accommodation in Akih   -> Akiha Ward, Niigata, Niigata
  deep_gap          0  Where can I stay in Akiha Ward, Niig   -> Akiha Ward, Niigata, Niigata
  accepted          2  List hotels located in Akiha Ward, N   -> Akiha Ward, Niigata, Niigata

### Aoba Ward, Yokohama, Kanagawa Prefecture, Japan / Hotels
  seed concern finds 3; 8 utterances kept of 8 asked for
  wrong_area        0  青葉区のホテルを教えて                            -> Aoba, Sendai, Hotels
  wrong_area        0  神奈川県横浜市青葉区の宿は？                         -> Aoba, Yokohama, Kanagawa, Lo
  accepted          3  横浜青葉区にあるホテルを探して                        -> Aoba, Yokohama, Hotels
  accepted          3  横浜市青葉区内のホテル一覧                          -> Aoba-ku, Yokohama, Hotels
  accepted          3  Show me hotels in Aoba Ward, Yokoham   -> Aoba Ward, Yokohama, Kanagaw
  accepted          3  List all hotels located in Aoba Ward   -> Aoba Ward, Yokohama, Kanagaw
  accepted          3  I need a list of hotels in Aoba Ward   -> Aoba Ward, Yokohama, Kanagaw
  accepted          3  Find hotels in Aoba Ward, Yokohama,    -> Aoba Ward, Yokohama, Kanagaw

### Asahi Ward, Yokohama, Kanagawa Prefecture, Japan / Hotels
  seed concern finds 0; 8 utterances kept of 8 asked for
  zero_results       0  横浜市旭区の酒店                               -> Asahi-ku, Yokohama, Sake sho
  wrong_area        0  神奈川県横浜市旭区で宿泊できる所を探して                   -> Asahi-ku, Yokohama, Kanagawa
  wrong_area        0  旭区内のホテル一覧                              -> Asahi, Tokyo, Hotels
  accepted          1  横浜市旭区の宿                                -> Asahi-ku, Yokohama, Lodging
  zero_results       0  hotels in Asahi Ward, Yokohama, Kana   -> Asahi Ward, Yokohama, Kanaga
  zero_results       0  where can i find hotels in Asahi War   -> Asahi Ward, Yokohama, Kanaga
  zero_results       0  show me hotels located in Asahi Ward   -> Asahi Ward, Yokohama, Kanaga
  zero_results       0  I need a list of hotels in Asahi War   -> Asahi Ward, Yokohama, Kanaga

### Bangkok, Bangkok, Thailand / Hotels
  seed concern finds 8; 8 utterances kept of 8 asked for
  invented_name       0  バンコックのホテルを教えて                          -> 
  invented_name       0  バンコク市内の宿泊施設一覧を表示して                     -> 
  invented_name       0  バンコックの hotel を検索                       -> 
  invented_name       0  バンコクにあるホテルを教えてください                     -> 
  invented_name       0  hotels in Bangkok                      -> 
  invented_name       0  Where can I find hotels in Bangkok?    -> 
  invented_name       0  Find hotels in Bangkok, Thailand       -> 
  invented_name       0  List of hotels in Bangkok              -> 

### Buenos Aires, Argentina / Hotels
  seed concern finds 474; 8 utterances kept of 8 asked for
  no_area_line       0  ブエノスアイレス, アルゼンチン                       -> 
  accepted        474  アルゼンチンのブエノスアイレスにあるホテル                  -> Buenos Aires, Argentina, Hot
  wrong_area        0  ブエノスアイレスの宿泊施設を教えて                      -> Buenos Aires, Accommodations
  accepted        474  アルゼンチン・ブエノスアイレスのホテル一覧                  -> Buenos Aires, Argentina, Hot
  invented_name       0  Hotels in Buenos Aires, Argentina      -> 
  invented_name       0  Show me where the hotels are in Buen   -> 
  invented_name       0  I need to find hotels in Buenos Aire   -> 
  invented_name       0  Where can I stay in Buenos Aires, Ar   -> 

### Cairo, Egypt / Hotels
  seed concern finds 135; 8 utterances kept of 8 asked for
  accepted        135  エジプトのカイロにあるホテルを教えて                     -> Cairo, Egypt, Hotels
  deep_gap          0  Cairo, Egyptの宿                         -> Cairo, Egypt, Lodging
  accepted        135  エジプト・カイロのホテル一覧                         -> Cairo, Egypt, Hotels
  accepted        135  Cairo, Egyptのホテルを探して                   -> Cairo, Egypt, Hotels
  accepted        135  Where are the hotels in Cairo, Egypt   -> Cairo, Egypt, Hotels
  accepted        135  I need to find hotels in Cairo, Egyp   -> Cairo, Egypt, Hotels
  accepted        135  Show me hotel locations in Cairo, Eg   -> Cairo, Egypt, Hotels
  accepted        135  Can you list hotels in Cairo, Egypt?   -> Cairo, Egypt, Hotels

### Chiyoda, Tokyo, Japan / Hotels
  seed concern finds 93; 8 utterances kept of 8 asked for
  accepted         93  千代田区のホテルを教えてください                       -> Chiyoda, Tokyo, Hotels
  accepted         93  東京・千代田区内のホテル検索                         -> Chiyoda, Tokyo, Hotels
  deep_gap          0  千代田区の宿泊施設を教えて                          -> Chiyoda, Tokyo, Accommodatio
  accepted         93  東京都千代田区にあるホテル一覧                        -> Chiyoda, Tokyo, Hotels
  accepted         93  Where are the hotels in Chiyoda, Tok   -> Chiyoda, Tokyo, Hotels
  accepted         93  Show me hotel locations in Chiyoda,    -> Chiyoda, Tokyo, Hotels
  accepted         93  I need to find hotels in Chiyoda, To   -> Chiyoda, Tokyo, Japan, Hotel
  accepted         93  Can you list hotels in Chiyoda, Toky   -> Chiyoda, Tokyo, Japan, Hotel

### Chuo, Kobe, Hyogo Prefecture, Japan / Hotels
  seed concern finds 64; 8 utterances kept of 8 asked for
  accepted        129  兵庫県神戸市中央区にあるホテルを教えて                    -> Chuo, Kobe, Hyogo, Hotels
  deep_gap          0  神戸市中央区の宿泊施設一覧                          -> Chuo, Kobe, Accommodations
  deep_gap          0  兵庫県神戸市中央区 酒店                           -> Chuo, Kobe, Hyogo, Sake shop
  accepted         64  神戸市中央区のホテルを探しています                      -> Chuo, Kobe, Hotels
  no_area_line       0  Chuo, Kobe, Hyogo Prefecture, Japan    -> 
  no_area_line       0  Where can I find Chuo, Kobe, Hyogo P   -> 
  no_area_line       0  Show me Chuo, Kobe, Hyogo Prefecture   -> 
  no_area_line       0  Directions to Chuo, Kobe, Hyogo Pref   -> 

### Cologne, North Rhine-Westphalia, Germany / Hotels
  seed concern finds 337; 8 utterances kept of 8 asked for
  accepted        337  ドイツのノルトライン＝ヴェストファーレン州ケルンにあるホテルを教えて     -> Cologne, North Rhine-Westpha
  deep_gap          0  ケルンの宿泊施設を検索して                          -> Cologne, Accommodations
  accepted        337  ノルトライン＝ヴェストファーレン州ケルン地区のホテル一覧           -> Cologne, North Rhine-Westpha
  accepted        337  ドイツ、ノルトライン＝ヴェストファーレン州、ケルンのホテル          -> Cologne, North Rhine-Westpha
  accepted        337  Show me hotels in Cologne, North Rhi   -> Cologne, North Rhine-Westpha
  accepted        337  I need a list of hotels located in C   -> Cologne, North Rhine-Westpha
  accepted        337  Where can I find hotels in Cologne,    -> Cologne, North Rhine-Westpha
  accepted        337  Please search for hotels in Cologne,   -> Cologne, North Rhine-Westpha

### Delhi, India / Hotels
  seed concern finds 376; 8 utterances kept of 8 asked for
  accepted        376  デリー,インドのホテルを教えてください                    -> Delhi, India, Hotels
  accepted        376  デリー,インドのホテルのリスト                        -> Delhi, India, Hotels
  accepted        376  デリー,インドのホテル                            -> Delhi, India, Hotels
  accepted        376  デリー,インドのホテル教えて                         -> Delhi, India, Hotels
  accepted        376  Find hotels in Delhi, India            -> Delhi, India, Hotels
  deep_gap          0  Show me accommodation options in Del   -> Delhi, accommodation options
  deep_gap          0  Where can I stay in Delhi?             -> Delhi, Accommodation
  accepted        376  List hotels located in Delhi, India    -> Delhi, India, Hotels

### Dubai, United Arab Emirates / Hotels
  seed concern finds 770; 8 utterances kept of 8 asked for
  invented_name       0  アラブ首長国連邦のドバイにあるホテルを教えてください             -> 
  invented_name       0  UAEドバイのホテル検索                           -> 
  invented_name       0  アラブ首長国連邦、ドバイのホテル一覧                     -> 
  invented_name       0  ドバイのホテルはどこですか                          -> 
  accepted        770  Show me all the hotels in Dubai, Uni   -> Dubai, United Arab Emirates,
  accepted        770  Where can I find hotels in Dubai, Un   -> Dubai, United Arab Emirates,
  accepted        770  List hotels in Dubai, United Arab Em   -> Dubai, United Arab Emirates,
  accepted        770  I need to locate hotels in Dubai, Un   -> Dubai, United Arab Emirates,

### Florence, Tuscany, Italy / Hotels
  seed concern finds 308; 8 utterances kept of 8 asked for
  accepted        308  フィレンツェのホテルを教えて                         -> Florence, Italy, Hotels
  deep_gap          0  フィレンツェで宿泊可能な場所を探しています                  -> Florence, Italy, Accommodati
  accepted        308  フィレンツェのホテル一覧を表示して                      -> Florence, Italy, Hotels
  deep_gap          0  フィレンツェにある宿を探して                         -> Florence, Italy, Lodging
  accepted        308  Show me hotels in Florence, Tuscany,   -> Florence, Tuscany, Italy, Ho
  accepted        308  List hotels in Florence, Tuscany, It   -> Florence, Tuscany, Italy, Ho
  accepted        308  Find hotels near Florence, Tuscany,    -> Florence, Tuscany, Italy, Ho
  deep_gap          0  Where can I stay in Florence, Tuscan   -> Florence, Tuscany, Italy, Ac

### Fukushima Ward, Osaka, Osaka Prefecture, Japan / Hotels
  seed concern finds 447; 8 utterances kept of 8 asked for
  accepted    !     7  福島区のホテル一覧を見せて                          -> Fukushima, Osaka, Hotels
  accepted    !     7  大阪府大阪市福島区にあるホテルを知りたいです                 -> Fukushima, Osaka, Hotels
  wrong_area        0  福島区の宿泊施設はどこ？                           -> Fukushima, Tokyo, Accommodat
  wrong_area        0  福島区内のホテルを教えて                           -> Fukushima, Tokyo, Hotels
  accepted        447  Show me hotels in Fukushima Ward, Os   -> Fukushima Ward, Osaka, Osaka
  deep_gap          0  I need to find accommodation in Fuku   -> Fukushima Ward, Osaka, Osaka
  accepted        447  Where are the hotels located in Fuku   -> Fukushima Ward, Osaka, Osaka
  accepted        447  Please list hotels in Fukushima Ward   -> Fukushima Ward, Osaka, Osaka

### Gangbuk-gu, Seoul, South Korea / Hotels
  seed concern finds 3; 8 utterances kept of 8 asked for
  accepted         19  Gangbuk-gu, Seoul, South Koreaの旅館を探し   -> Gangbuk-gu, Seoul, South Kor
  accepted          3  Gangbuk-gu, Seoul, South Koreaにあるホテル   -> Gangbuk-gu, Seoul, South Kor
  accepted          3  Gangbuk-gu, Seoul, South Koreaのホテル一覧   -> Gangbuk-gu, Seoul, South Kor
  accepted          3  Gangbuk-gu, Seoul, South Koreaのホテルを教   -> Gangbuk-gu, Seoul, South Kor
  accepted          3  Show me hotels in Gangbuk-gu, Seoul,   -> Gangbuk-gu, Seoul, South Kor
  deep_gap          0  Accommodations in Gangbuk-gu, Seoul,   -> Gangbuk-gu, Seoul, South Kor
  accepted          3  Where can I find hotels in Gangbuk-g   -> Gangbuk-gu, Seoul, South Kor
  accepted          3  List hotels in Gangbuk-gu, Seoul, So   -> Gangbuk-gu, Seoul, South Kor

### Gdańsk, Pomeranian Voivodeship, Poland / Hotels
  seed concern finds 120; 8 utterances kept of 8 asked for
  accepted        120  グダニスクのホテルを教えて                          -> Gdansk, Hotels
  accepted        120  グダニスクにあるホテルを探しています                     -> Gdansk, Hotels
  accepted        120  グダニスクのホテル一覧を表示して                       -> Gdansk, Hotels
  wrong_area        0  グダニスクのホテルで宿泊できるところはありますか               -> Gdansk, Poland, Hotels
  accepted        120  Find hotels in Gdańsk, Pomeranian Vo   -> Gdańsk, Pomeranian Voivodesh
  accepted        120  Where are the hotels in Gdańsk, Pome   -> Gdańsk, Pomeranian Voivodesh
  accepted        120  I need a hotel in Gdańsk, Pomeranian   -> Gdańsk, Pomeranian Voivodesh
  accepted        120  Show me hotel locations in Gdańsk, P   -> Gdańsk, Pomeranian Voivodesh

### Gwanak-gu, Seoul, South Korea / Hotels
  seed concern finds 2; 8 utterances kept of 8 asked for
  invented_name       0  ソウル広安区のホテル                             -> 
  invented_name       0  韓国ソウルの広安区にあるホテルを教えてください                -> 
  invented_name       0  広安区 ホテル 検索                             -> 
  invented_name       0  ソウル広安区のホテル一覧                           -> 
  accepted          2  Show me hotels in Gwanak-gu, Seoul,    -> Gwanak-gu, Seoul, South Kore
  accepted          2  Where are the hotels located in Gwan   -> Gwanak-gu, Seoul, South Kore
  accepted          2  List all hotels in Gwanak-gu, Seoul,   -> Gwanak-gu, Seoul, South Kore
  accepted          2  Find hotels near Gwanak-gu, Seoul, S   -> Gwanak-gu, Seoul, South Kore

### Hakata Ward, Fukuoka, Fukuoka Prefecture, Japan / Hotels
  seed concern finds 97; 8 utterances kept of 8 asked for
  accepted         97  博多区の宿を教えて                              -> Hakata, Fukuoka, Lodging
  wrong_area        0  福岡県福岡市博多区の旅館を探して                       -> Hakata, Fukuoka, Fukuoka Pre
  accepted         97  博多区のホテルを調べて                            -> Hakata, Fukuoka, Hotels
  deep_gap          0  福岡の博多区にある宿の情報を教えて                      -> Hakata, Fukuoka, Lodging
  accepted         97  I am looking for hotels in Hakata Wa   -> Hakata Ward, Fukuoka, Fukuok
  deep_gap          0  Show me accommodation options in Hak   -> Hakata Ward, Fukuoka, Fukuok
  accepted         97  Where can I stay in Hakata Ward, Fuk   -> Hakata Ward, Fukuoka, Fukuok
  accepted         97  Find me a place to sleep in Hakata W   -> Hakata Ward, Fukuoka, Fukuok

### Higashi Ward, Fukuoka, Fukuoka Prefecture, Japan / Hotels
  seed concern finds 9; 8 utterances kept of 8 asked for
  accepted          9  福岡県福岡市東区のホテル                           -> Higashi, Fukuoka, Fukuoka Pr
  wrong_area        0  東区内のホテル一覧を教えて                          -> Taito, Tokyo, Hotels
  deep_gap          0  福岡の東区にある宿泊施設はどこですか                     -> Higashi-ku, Fukuoka, Accommo
  wrong_area        0  東区の民宿やホテルを検索して                         -> Higashi, Tokyo, Minshuku
  accepted          9  I'm looking for hotels in Higashi Wa   -> Higashi Ward, Fukuoka, Fukuo
  accepted          9  Can you list some hotels located in    -> Higashi Ward, Fukuoka, Fukuo
  deep_gap          0  Search for accommodation in Higashi    -> Higashi Ward, Fukuoka, Fukuo
  accepted          9  Find hotels in Higashi Ward, Fukuoka   -> Higashi Ward, Fukuoka, Fukuo

### Higashinari Ward, Osaka, Osaka Prefecture, Japan / Hotels
  seed concern finds 2; 8 utterances kept of 8 asked for
  deep_gap          0  東成区の酒店を教えて                             -> Higashinari, Osaka, Sake sho
  accepted          9  大阪府東成区の旅館を探して                          -> Higashinari, Osaka, Ryokan
  accepted          2  Higashinari Ward, Osaka, Osaka Prefe   -> Higashinari, Osaka, Hotels
  accepted          2  大阪東成区にあるホテル一覧                          -> Higashinari, Osaka, Hotels
  accepted          2  Hotels in Higashinari Ward, Osaka, O   -> Higashinari Ward, Osaka, Osa
  accepted          2  Show me hotels in Higashinari Ward,    -> Higashinari Ward, Osaka, Osa
  accepted          2  I need a hotel in Higashinari Ward,    -> Higashinari Ward, Osaka, Osa
  accepted          2  Find hotels in Higashinari Ward, Osa   -> Higashinari Ward, Osaka, Osa

### Hino, Tokyo, Japan / Hotels
  seed concern finds 2; 8 utterances kept of 8 asked for
  accepted          2  東京の日野にあるホテルを教えてください                    -> Hino, Tokyo, Hotels
  accepted          2  日野 東京 ホテル 検索                           -> Hino, Tokyo, Hotels
  accepted          2  東京・日野地区のホテル一覧を表示して                     -> Hino, Tokyo, Hotels
  deep_gap          0  東京都日野市にある宿泊施設を探して                      -> Hino, Tokyo, Accommodations
  accepted          2  Show me hotels in Hino, Tokyo, Japan   -> Hino, Tokyo, Japan, Hotels
  deep_gap          0  I need to find accommodation in Hino   -> Hino, Tokyo, Japan, Accommod
  accepted          2  Where are the hotels located in Hino   -> Hino, Tokyo, Japan, Hotels
  accepted          2  List all hotels in Hino, Tokyo, Japa   -> Hino, Tokyo, Japan, Hotels

### Inagi, Tokyo, Japan / Hotels
  seed concern finds 2; 8 utterances kept of 8 asked for
  accepted          2  Inagi, Tokyo, Japanのホテルを教えて            -> Inagi, Tokyo, Hotels
  accepted          2  Inagi, Tokyo, Japanにあるホテルは？            -> Inagi, Tokyo, Hotels
  accepted          2  Inagi, Tokyo, Japanのホテル一覧              -> Inagi, Tokyo, Hotels
  accepted          2  Inagi, Tokyo, Japanのホテルを探して            -> Inagi, Tokyo, Hotels
  accepted          2  Find hotels in Inagi, Tokyo, Japan     -> Inagi, Tokyo, Japan, Hotels
  deep_gap          0  Where can I stay in Inagi, Tokyo, Ja   -> Inagi, Tokyo, Japan, Accommo
  deep_gap          0  Accommodations in Inagi, Tokyo, Japa   -> Inagi, Tokyo, Japan, Accommo
  accepted          2  I need a hotel in Inagi, Tokyo, Japa   -> Inagi, Tokyo, Japan, Hotels

### Istanbul, Turkey / Hotels
  seed concern finds 1754; 8 utterances kept of 8 asked for
  invented_name       0  トルコ・イスタンブールのホテル                        -> 
  invented_name       0  イスタンブール 宿泊施設                           -> 
  invented_name       0  トルコのイスタンブールで泊まれるところ                    -> 
  invented_name       0  イスタンブールの宿                              -> 
  no_area_line       0  Where is Istanbul, Turkey?             -> 
  no_area_line       0  Istanbul, Turkey                       -> 
  no_area_line       0  Can you find Istanbul, Turkey on the   -> 
  no_area_line       0  Show me Istanbul, Turkey               -> 

### Jongno-gu, Seoul, South Korea / Hotels
  seed concern finds 67; 8 utterances kept of 8 asked for
  accepted         67  ソウルのjongno-guにあるホテルを教えて                -> Jongno-gu, Seoul, Hotels
  accepted         67  jongno-gu, Seoul, South Koreaのホテルをリス   -> Jongno-gu, Seoul, South Kore
  accepted         67  Jongno-gu, Seoul, South Koreaのホテル検索    -> Jongno-gu, Seoul, South Kore
  accepted         67  Jongno-gu, Seoul, South Koreaのホテル一覧が   -> Jongno-gu, Seoul, South Kore
  accepted         67  Show me hotels in Jongno-gu, Seoul,    -> Jongno-gu, Seoul, South Kore
  accepted         67  Jongno-gu, Seoul, South Korea hotels   -> Jongno-gu, Seoul, South Kore
  deep_gap          0  Find accommodations in Jongno-gu, Se   -> Jongno-gu, Seoul, South Kore
  accepted         67  I need a list of hotels located in J   -> Jongno-gu, Seoul, South Kore

### Kanagawa Ward, Yokohama, Kanagawa Prefecture, Japan / Hotels
  seed concern finds 5; 8 utterances kept of 8 asked for
  no_area_line       0  神奈川県横浜市神奈川区のエリア                        -> 
  no_area_line       0  神奈川区へ案内して                              -> 
  no_area_line       0  横浜市神奈川区はどっち？                           -> 
  no_area_line       0  神奈川県横浜市神奈川区を探して                        -> 
  accepted          5  Show me hotels in Kanagawa Ward, Yok   -> Kanagawa Ward, Yokohama, Kan
  wrong_area        0  List hotels in Kanagawa Ward, Yokoha   -> Kanagawa Ward, Yokohama, Kan
  accepted          5  I want to find hotels in Kanagawa Wa   -> Kanagawa Ward, Yokohama, Kan
  accepted          5  Where are the hotels in Kanagawa War   -> Kanagawa Ward, Yokohama, Kan

### Katsushika, Tokyo, Japan / Hotels
  seed concern finds 5; 8 utterances kept of 8 asked for
  accepted          5  葛飾区のホテル                                -> Katsushika, Tokyo, Hotels
  deep_gap          0  東京の葛飾区内にある宿泊施設を教えて                     -> Katsushika, Tokyo, Accommoda
  accepted          5  葛飾区のホテル一覧                              -> Katsushika, Tokyo, Hotels
  accepted          5  東京都葛飾区のホテルを探す                          -> Katsushika, Tokyo, Hotels
  accepted          5  hotels in Katsushika, Tokyo, Japan     -> Katsushika, Tokyo, Japan, Ho
  accepted          5  I need to find hotels in Katsushika,   -> Katsushika, Tokyo, Japan, Ho
  accepted          5  Please show me hotels in Katsushika,   -> Katsushika, Tokyo, Japan, Ho
  accepted          5  Where are the hotels in Katsushika,    -> Katsushika, Tokyo, Japan, Ho

### Kita Ward, Osaka, Osaka Prefecture, Japan / Hotels
  seed concern finds 78; 8 utterances kept of 8 asked for
  accepted         78  大阪府大阪市北区のホテル教えて                        -> Kita, Osaka, Hotels
  wrong_area        0  北区の宿先を教えて                              -> Kita, Tokyo, Lodging
  accepted         78  Osaka Kita-ku hotels                   -> Kita-ku, Osaka, Hotels
  accepted         78  Osaka Kita-ku no hoteru                -> Kita-ku, Osaka, Hotels
  accepted         78  Hotels in Kita Ward, Osaka, Osaka Pr   -> Kita Ward, Osaka, Osaka Pref
  accepted         78  Find hotels near Kita Ward, Osaka, O   -> Kita Ward, Osaka, Osaka Pref
  accepted         78  I need a list of hotels in Kita Ward   -> Kita Ward, Osaka, Osaka Pref
  deep_gap          0  Show me accommodation options for Ki   -> Kita Ward, Osaka, Osaka Pref

### Kohoku Ward, Yokohama, Kanagawa Prefecture, Japan / Hotels
  seed concern finds 11; 8 utterances kept of 8 asked for
  accepted         11  Kohoku Ward, Yokohama, Kanagawa Pref   -> Kohoku Ward, Yokohama, Kanag
  accepted         11  神奈川県横浜市港北区のホテルを検索                      -> Kohoku, Yokohama, Kanagawa, 
  accepted         11  港北区のホテルを探して                            -> Kohoku, Yokohama, Hotels
  accepted         11  神奈川県横浜市の港北区にあるホテル一覧                    -> Kohoku, Yokohama, Kanagawa, 
  accepted         11  Where can I find hotels in Kohoku Wa   -> Kohoku Ward, Yokohama, Kanag
  accepted         11  List hotels in Kohoku Ward, Yokohama   -> Kohoku Ward, Yokohama, Kanag
  accepted         11  Find hotels in Kohoku Ward, Yokohama   -> Kohoku Ward, Yokohama, Kanag
  accepted         11  Show me hotels in Kohoku Ward, Yokoh   -> Kohoku Ward, Yokohama, Kanag

### Kowloon City District, Hong Kong, China / Hotels
  seed concern finds 13; 8 utterances kept of 8 asked for
  invented_name       0  九龙城区のホテルを教えて                           -> 
  invented_name       0  香港九龙城区にあるホテルのリストをお願いします                -> 
  invented_name       0  九龍城區のホテル一覧を表示して                        -> 
  accepted         13  香港のKowloon City Districtに泊まれるホテルはどこで   -> Kowloon City District, Hong 
  accepted         13  hotels in Kowloon City District, Hon   -> Kowloon City District, Hong 
  deep_gap          0  Find accommodation in Kowloon City D   -> Kowloon City District, Hong 
  deep_gap          0  Where can I stay in Kowloon City Dis   -> Kowloon City District, Hong 
  accepted         13  Show me hotels located in Kowloon Ci   -> Kowloon City District, Hong 

### Kyoto, Kyoto Prefecture, Japan / Hotels
  seed concern finds 445; 8 utterances kept of 8 asked for
  accepted        445  京都の hotel                              -> Kyoto, Hotels
  wrong_area        0  京都府のhotelを探しています                       -> Kyoto Prefecture, Hotels
  accepted        445  京都にhotelはないですか？                        -> Kyoto, Hotels
  wrong_area        0  京都府内のhotel一覧                           -> Kyoto Prefecture, Hotels
  accepted        445  Where are the hotels in Kyoto, Kyoto   -> Kyoto, Kyoto Prefecture, Jap
  accepted        445  Show me hotels in Kyoto, Kyoto Prefe   -> Kyoto, Kyoto Prefecture, Jap
  accepted        445  I need to find hotels in Kyoto, Kyot   -> Kyoto, Kyoto Prefecture, Jap
  accepted        445  Can you list hotels in Kyoto, Kyoto    -> Kyoto, Kyoto Prefecture, Jap

### Luohu District, Shenzhen, Guangdong Province, China / Hotels
  seed concern finds 371; 8 utterances kept of 8 asked for
  accepted         58  深セン市羅湖区の酒店を検索して                        -> Luohu, Shenzhen, Hotels
  accepted         58  羅湖区 ホテル                                -> Luohu, Shenzhen, Hotels
  deep_gap          0  広東省深セン市羅湖区にある宿泊施設を教えて                  -> Luohu, Shenzhen, Guangdong, 
  accepted         58  深セン 羅湖 酒店                              -> Luohu, Shenzhen, Hotels
  accepted         58  Find hotels in Luohu District          -> Luohu District, Hotels
  deep_gap          0  Where can I stay in Luohu District,    -> Luohu District, Shenzhen, Ac
  deep_gap          0  I need accommodation in Luohu Distri   -> Luohu District, Guangdong Pr
  accepted         58  List hotels in Luohu District, Shenz   -> Luohu District, Shenzhen, Ho

### Mapo-gu, Seoul, South Korea / Hotels
  seed concern finds 37; 8 utterances kept of 8 asked for
  accepted         37  ソウルの麻浦区にあるホテルを教えて。                     -> Mapo, Seoul, Hotels
  deep_gap          0  麻浦区の宿泊施設一覧。                            -> Mapo, Seoul, Accommodations
  accepted         37  Seoul Mapo-gu hotels please.           -> Mapo-gu, Seoul, Hotels
  accepted         37  麻浦区のホテルを探してる。                          -> Mapo, Seoul, Hotels
  accepted         37  Where can I find hotels in Mapo-gu,    -> Mapo-gu, Seoul, South Korea,
  accepted         37  I need a list of hotels located in M   -> Mapo-gu, Seoul, South Korea,
  accepted         37  Show me all the hotels in Mapo-gu, S   -> Mapo-gu, Seoul, South Korea,
  accepted         37  Find hotels in Mapo-gu, Seoul, South   -> Mapo-gu, Seoul, South Korea,

### Midori Ward, Saitama, Saitama Prefecture, Japan / Hotels
  seed concern finds 2; 8 utterances kept of 8 asked for
  wrong_area        0  埼玉県さいたま市緑区のホテルを教えてください                 -> Midori-ku, Saitama, Saitama,
  accepted          2  さいたま市緑区のホテル探し                          -> Midori-ku, Saitama, Hotels
  wrong_area        0  緑区にある宿を見たい                             -> Midori-ku, Lodging
  accepted         62  さいたま市緑区の宿泊施設                           -> Midori-ku, Saitama, Accommod
  accepted          2  Show me hotels in Midori Ward, Saita   -> Midori Ward, Saitama, Saitam
  deep_gap          0  I need to find accommodation in Mido   -> Midori Ward, Saitama, Saitam
  accepted          2  List hotels located in Midori Ward,    -> Midori Ward, Saitama, Saitam
  accepted          2  Where are the hotels in Midori Ward,   -> Midori Ward, Saitama, Saitam

### Minami Ward, Nagoya, Aichi Prefecture, Japan / Hotels
  seed concern finds 1; 8 utterances kept of 8 asked for
  deep_gap          0  愛知県名古屋市南区のホテル一覧                        -> Minami, Nagoya, Aichi, Hotel
  deep_gap          0  名古屋南区の宿泊施設はどこですか？                      -> Minami, Nagoya, Accommodatio
  wrong_area        0  愛知県の南区的なホテルを探しています                     -> Minami-ku, Nagoya, Aichi, Ho
  accepted          1  名古屋南区のホテル教えて                           -> Minami, Nagoya, Hotels
  accepted          1  I need to find hotels in Minami Ward   -> Minami Ward, Nagoya, Aichi P
  accepted          1  Show me hotel options in Minami Ward   -> Minami Ward, Nagoya, Aichi P
  deep_gap          0  Looking for a place to stay in Minam   -> Minami Ward, Nagoya, Aichi P
  accepted          1  Can you list the hotels located in M   -> Minami Ward, Nagoya, Aichi P

### Minato Ward, Nagoya, Aichi Prefecture, Japan / Hotels
  seed concern finds 1; 8 utterances kept of 8 asked for
  wrong_area        0  Minato Ward, Nagoya, Aichi Prefectur   -> Minato Ward, Nagoya, Aichi P
  wrong_area        0  Minato Ward, Nagoya, Aichi Prefectur   -> Minato Ward, Nagoya, Aichi P
  accepted          1  Minato Ward, Nagoya, Aichi Prefectur   -> Minato Ward, Nagoya, Aichi P
  wrong_area        0  Minato Ward, Nagoya, Aichi Prefectur   -> Minato Ward, Nagoya, Aichi P
  accepted          1  Show me hotels in Minato Ward, Nagoy   -> Minato Ward, Nagoya, Aichi P
  accepted          1  Where are the hotels in Minato Ward,   -> Minato Ward, Nagoya, Aichi P
  accepted          1  List hotels located in Minato Ward,    -> Minato Ward, Nagoya, Aichi P
  accepted          1  Find hotels in Minato Ward, Nagoya,    -> Minato Ward, Nagoya, Aichi P

### Miyakojima Ward, Osaka, Osaka Prefecture, Japan / Hotels
  seed concern finds 10; 8 utterances kept of 8 asked for
  wrong_area        0  大阪市都島区のホテル                             -> Mikunimachi, Ikeda, Osaka, H
  wrong_area        0  都島区の宿泊施設を教えて                           -> Miyoshima, Osaka, Accommodat
  wrong_area        0  大阪府大阪市都島区内のホテル一覧                       -> Mikunimachi, Ikeda, Osaka, H
  wrong_area        0  都島区の旅館とホテル                             -> Miyoshima, Osaka, Ryokan
  accepted         10  Show me all the hotels in Miyakojima   -> Miyakojima Ward, Osaka, Osak
  accepted         10  I need a list of hotels located in M   -> Miyakojima Ward, Osaka, Osak
  accepted         10  Where are the hotels in Miyakojima W   -> Miyakojima Ward, Osaka, Osak
  accepted         10  Find hotels in Miyakojima Ward, Osak   -> Miyakojima Ward, Osaka, Osak

### Municipality of Prizren, District of Prizren, Kosovo / Hotels
  seed concern finds 54; 8 utterances kept of 8 asked for
  invented_name       0  Prizren市にあるホテルはどこ？                     -> 
  invented_name       0  コソボのプリズレン地区のホテルを検索して                   -> 
  accepted         54  Municipality of Prizren, District of   -> Municipality of Prizren, Dis
  invented_name       0  プリズレンの宿を探して                            -> 
  accepted         54  Where are the hotels in Municipality   -> Municipality of Prizren, Dis
  accepted         54  Find hotels in Municipality of Prizr   -> Municipality of Prizren, Dis
  accepted         54  Can you show me hotels in Municipali   -> Municipality of Prizren, Dis
  accepted         54  I need a list of hotels in Municipal   -> Municipality of Prizren, Dis

### Naha, Okinawa Prefecture, Japan / Hotels
  seed concern finds 141; 8 utterances kept of 8 asked for
  accepted        141  那覇市のホテルを教えて                            -> Naha, Okinawa, Hotels
  deep_gap          0  Okinawaの那覇で宿泊可能な宿を探してる                 -> Naha, Okinawa, Accommodation
  accepted        141  那覇市内のホテル一覧ほしいです                        -> Naha, Okinawa, Hotels
  accepted        141  那覇のホテルを調べて                             -> Naha, Okinawa, Hotels
  accepted        141  Show me hotels in Naha, Okinawa Pref   -> Naha, Okinawa Prefecture, Ja
  accepted        141  I'm looking for hotels in Naha, Okin   -> Naha, Okinawa Prefecture, Ja
  accepted        141  Can you find hotels in Naha, Okinawa   -> Naha, Okinawa Prefecture, Ja
  accepted        141  List hotels in Naha, Okinawa Prefect   -> Naha, Okinawa Prefecture, Ja

### Nakagyo Ward, Kyoto, Kyoto Prefecture, Japan / Hotels
  seed concern finds 101; 8 utterances kept of 8 asked for
  accepted        101  京都府京都市中京区のホテル                          -> Nakagyo, Kyoto, Hotels
  deep_gap          0  中京区の宿を教えて                              -> Nakagyo, Kyoto, Lodging
  accepted        101  京都市中京区内のホテル検索                          -> Nakagyo, Kyoto, Hotels
  wrong_area        0  中京区 宿泊施設                               -> Nakagawa, Nagoya, Accommodat
  accepted        101  Show me hotels in Nakagyo Ward, Kyot   -> Nakagyo Ward, Kyoto, Kyoto P
  accepted        101  Where are hotels in Nakagyo Ward, Ky   -> Nakagyo Ward, Kyoto, Kyoto P
  accepted        101  List all hotels in Nakagyo Ward, Kyo   -> Nakagyo Ward, Kyoto, Kyoto P
  accepted        101  Can you find hotels in Nakagyo Ward,   -> Nakagyo Ward, Kyoto, Kyoto P

### Nanshan District, Shenzhen, Guangdong Province, China / Hotels
  seed concern finds 90; 8 utterances kept of 8 asked for
  accepted         90  南山区のホテルを教えて                            -> Nanshan, Hotels
  accepted         90  広東省深圳市南山区にあるホテルを探しています                 -> Nanshan, Shenzhen, Guangdong
  accepted         90  南山区のホテル一覧を出して                          -> Nanshan, Hotels
  accepted         90  南山区のホテルを調べて                            -> Nanshan, Hotels
  accepted         90  Show me hotels in Nanshan District,    -> Nanshan District, Shenzhen, 
  accepted         90  Nanshan District, Shenzhen, Guangdon   -> Nanshan District, Shenzhen, 
  deep_gap          0  I am looking for accommodations in N   -> Nanshan District, Shenzhen, 
  accepted        154  Please list hotels located in Nansha   -> 南山区, 深圳市, 广东省, 中国, 酒店

### Niijima, Tokyo, Japan / Hotels
  seed concern finds 37; 7 utterances kept of 8 asked for
  accepted         37  東京・新島のホテルを教えて                          -> Niijima, Tokyo, Hotels
  accepted          8  東京の新島エリアに旅館はありませんか？                    -> Niijima, Tokyo, Ryokan
  deep_gap          0  新島 宿泊施設                                -> Niijima, Accommodations
  accepted         37  Find hotels in Niijima, Tokyo, Japan   -> Niijima, Tokyo, Japan, Hotel
  deep_gap          0  Where can I stay in Niijima, Tokyo,    -> Niijima, Tokyo, Japan, Accom
  accepted         37  Search for Niijima, Tokyo, Japan hot   -> Niijima, Tokyo, Hotels
  deep_gap          0  I need accommodation in Niijima, Tok   -> Niijima, Tokyo, Japan, Accom

### Nishi Ward, Osaka, Osaka Prefecture, Japan / Hotels
  seed concern finds 20; 8 utterances kept of 8 asked for
  deep_gap          0  大阪府大阪市西区のホテル                           -> Nishi, Osaka, Osaka Prefectu
  accepted         20  西区にあるホテルを教えてください                       -> Nishi, Osaka, Hotels
  accepted         20  大阪市西区のホテル一覧                            -> Nishi, Osaka, Hotels
  accepted         20  大阪・西区のホテルを探してる                         -> Nishi, Osaka, Hotels
  accepted         20  Show me hotels in Nishi Ward, Osaka,   -> Nishi Ward, Osaka, Osaka Pre
  accepted         20  Find hotels Nishi Ward, Osaka, Osaka   -> Nishi Ward, Osaka, Osaka Pre
  accepted         20  I would like to see hotels located i   -> Nishi Ward, Osaka, Osaka Pre
  accepted         20  Where are the hotels in Nishi Ward,    -> Nishi Ward, Osaka, Osaka Pre

### Nishikyo Ward, Kyoto, Kyoto Prefecture, Japan / Hotels
  seed concern finds 11; 8 utterances kept of 8 asked for
  accepted         11  京都府京都市西京区のホテルを探してる                     -> Nishikyo, Kyoto, Hotels
  deep_gap          0  西京区にある宿はどこ？                            -> Nishikyo, Kyoto, Lodging
  accepted         79  西京区の旅館とホテルを教えて                         -> Nishikyo, Kyoto, Ryokan
  accepted         11  西京区のホテル一覧を出して                          -> Nishikyo, Kyoto, Hotels
  accepted         11  Show me hotels in Nishikyo Ward, Kyo   -> Nishikyo Ward, Kyoto, Kyoto 
  accepted         11  I am looking for hotels in Nishikyo    -> Nishikyo Ward, Kyoto, Kyoto 
  accepted         11  Please list hotels in Nishikyo Ward,   -> Nishikyo Ward, Kyoto, Kyoto 
  accepted         11  Where can I find hotels in Nishikyo    -> Nishikyo Ward, Kyoto, Kyoto 

### Nowon-gu, Seoul, South Korea / Hotels
  seed concern finds 9; 8 utterances kept of 8 asked for
  accepted          9  Nowon-gu, Seoul, South Korea のホテルを教え   -> Nowon-gu, Seoul, South Korea
  invented_name       0  ソウルのノウォン区にあるホテルを教えて                    -> 
  accepted          9  Nowon-gu, Seoul, South Korea 付近のホテル    -> Nowon-gu, Seoul, South Korea
  invented_name       0  ソウル市ノウォン区の宿泊施設を調べて                     -> 
  accepted          9  Show me hotels in Nowon-gu, Seoul, S   -> Nowon-gu, Seoul, South Korea
  accepted          9  I want to find hotels located in Now   -> Nowon-gu, Seoul, South Korea
  accepted          9  List hotels in Nowon-gu, Seoul, Sout   -> Nowon-gu, Seoul, South Korea
  deep_gap          0  Where can I stay in Nowon-gu, Seoul,   -> Nowon-gu, Seoul, South Korea

### Osaka, Osaka Prefecture, Japan / Hotels
  seed concern finds 447; 8 utterances kept of 8 asked for
  accepted        447  大阪のホテルを教えて                             -> Osaka, Hotels
  accepted        447  大阪府大阪市内のホテル一覧を表示して                     -> Osaka, Osaka Prefecture, Hot
  deep_gap          0  大阪市にある宿泊施設を探して                         -> Osaka, Osaka Prefecture, Acc
  accepted        447  大阪のホテルをマップで見てみたい                       -> Osaka, Hotels
  accepted        447  Find hotels in Osaka, Osaka Prefectu   -> Osaka, Osaka Prefecture, Jap
  deep_gap          0  Where can I stay in Osaka, Osaka Pre   -> Osaka, Osaka Prefecture, Jap
  deep_gap          0  List of accommodations in Osaka, Osa   -> Osaka, Osaka Prefecture, Jap
  deep_gap          0  I need a place to sleep in Osaka, Os   -> Osaka, Osaka Prefecture, Jap

### Pingshan District, Shenzhen, Guangdong Province, China / Hotels
  seed concern finds 371; 8 utterances kept of 8 asked for
  invented_name       0  深圳市深汕特別合作区にあるホテルを探しています                -> 
  invented_name       0  深汕地区の宿一覧教えて                            -> 
  invented_name       0  深汕特別合作区の宿泊施設について教えてください                -> 
  invented_name       0  深汕地区のホテル情報                             -> 
  accepted        371  Find hotels in Pingshan District, Sh   -> Pingshan District, Shenzhen,
  accepted        371  I need a list of hotels located in P   -> Pingshan District, Shenzhen,
  accepted        371  Where can I stay? Search for hotels    -> Pingshan District, Shenzhen,
  deep_gap          0  Show me accommodations in Pingshan D   -> Pingshan District, Shenzhen,

### Sakae Ward, Yokohama, Kanagawa Prefecture, Japan / Hotels
  seed concern finds 2; 8 utterances kept of 8 asked for
  wrong_area        0  栄区の旅館を探して                              -> Sakae-ku, Ryokan
  wrong_area        0  Sakae Ward, Yokohama, Kanagawa Prefe   -> Sakae, Yokohama, Kanagawa Pr
  wrong_area        0  神奈川県横浜市栄区の宿泊施設を教えて                     -> Sakae-ku, Yokohama, Kanagawa
  wrong_area        0  Sakae Ward, Yokohama, Kanagawa Prefe   -> Sakae Ward, Yokohama, Kanaga
  accepted          2  Show me hotels in Sakae Ward, Yokoha   -> Sakae Ward, Yokohama, Kanaga
  accepted          2  Where can I stay in Sakae Ward, Yoko   -> Sakae Ward, Yokohama, Kanaga
  deep_gap          0  List the accommodations available in   -> Sakae Ward, Yokohama, Kanaga
  accepted          2  I am looking for hotels in Sakae War   -> Sakae Ward, Yokohama, Kanaga

### Sendai, Miyagi Prefecture, Japan / Hotels
  seed concern finds 138; 8 utterances kept of 8 asked for
  accepted        138  宮城県仙台市のホテル                             -> Sendai, Miyagi Prefecture, H
  accepted        138  Sendai, Miyagi Prefecture, Japanのホテル   -> Sendai, Miyagi Prefecture, H
  accepted        138  仙台市 宮城県 日本 ホテル                         -> Sendai, Miyagi Prefecture, H
  deep_gap          0  宮城県仙台市にある宿泊施設を探しています                   -> Sendai, Miyagi, Accommodatio
  accepted        138  Show me hotels in Sendai, Miyagi Pre   -> Sendai, Miyagi Prefecture, J
  deep_gap          0  I am looking for accommodation in Se   -> Sendai, Miyagi Prefecture, J
  accepted        138  Find hotels near Sendai, Miyagi Pref   -> Sendai, Miyagi Prefecture, J
  accepted        138  List of hotels in Sendai, Miyagi Pre   -> Sendai, Miyagi Prefecture, J

### Seongdong-gu, Seoul, South Korea / Hotels
  seed concern finds 7; 8 utterances kept of 8 asked for
  accepted          7  ソウル城東区のホテルを教えてください                     -> Seongdong-gu, Seoul, Hotels
  accepted          7  Seongdong-gu Seoul South Koreaのホテル一覧   -> Seongdong-gu, Seoul, South K
  accepted          7  ソウル特別市城東区のホテルはどこですか                    -> Seongdong-gu, Seoul, Hotels
  accepted          7  Seongdong-gu Seoul South Koreaのホテルを検   -> Seongdong-gu, Seoul, South K
  accepted          7  hotels in Seongdong-gu, Seoul, South   -> Seongdong-gu, Seoul, South K
  accepted          7  Where are the hotels located in Seon   -> Seongdong-gu, Seoul, South K
  accepted          7  Find me hotels in Seongdong-gu, Seou   -> Seongdong-gu, Seoul, South K
  accepted          7  List of hotels in Seongdong-gu, Seou   -> Seongdong-gu, Seoul, South K

### Sham Shui Po District, Hong Kong, China / Hotels
  seed concern finds 7; 8 utterances kept of 8 asked for
  accepted          7  Sham Shui Po District, Hong Kong, Ch   -> Sham Shui Po District, Hong 
  deep_gap          0  Sham Shui Po District, Hong Kong, Ch   -> Sham Shui Po District, Hong 
  wrong_area        0  Sham Shui Po District, Hong Kong, Ch   -> Sham Shui Po, Hong Kong, Ryo
  accepted          7  Sham Shui Po District, Hong Kong, Ch   -> Sham Shui Po District, Hong 
  accepted          7  Where can I find hotels in Sham Shui   -> Sham Shui Po District, Hong 
  accepted          7  List hotels in Sham Shui Po District   -> Sham Shui Po District, Hong 
  deep_gap          0  Show me places to stay in Sham Shui    -> Sham Shui Po District, Hong 
  accepted          7  Hotels located in Sham Shui Po Distr   -> Sham Shui Po District, Hong 

### Shinjuku, Tokyo, Japan / Hotels
  seed concern finds 97; 7 utterances kept of 8 asked for
  accepted         97  新宿のホテルを教えて                             -> Shinjuku, Tokyo, Hotels
  deep_gap          0  東京の新宿エリアにある宿を探して                       -> Shinjuku, Tokyo, Lodging
  accepted         97  新宿のホテルを調べて                             -> Shinjuku, Tokyo, Hotels
  accepted         97  東京新宿のホテルを検索してください                      -> Shinjuku, Tokyo, Hotels
  accepted         97  Where are the hotels in Shinjuku, To   -> Shinjuku, Tokyo, Japan, Hote
  accepted         97  Show me hotels located in Shinjuku,    -> Shinjuku, Tokyo, Japan, Hote
  accepted         97  Find hotels near Shinjuku, Tokyo, Ja   -> Shinjuku, Tokyo, Japan, Hote

### Suginami, Tokyo, Japan / Hotels
  seed concern finds 9; 8 utterances kept of 8 asked for
  deep_gap          0  杉並区の宿を探している                            -> Suginami, Tokyo, Lodging
  accepted          9  東京 杉並区 ホテル 検索                          -> Suginami, Tokyo, Hotels
  deep_gap          0  杉並区の宿泊施設はどこですか？                        -> Suginami, Tokyo, Accommodati
  accepted          9  Tokyo Suginami Hotels                  -> Suginami, Tokyo, Hotels
  accepted          9  Hotels in Suginami, Tokyo, Japan       -> Suginami, Tokyo, Japan, Hote
  accepted          9  Where are the hotels in Suginami, To   -> Suginami, Tokyo, Japan, Hote
  accepted          9  Can you find hotels in Suginami, Tok   -> Suginami, Tokyo, Japan, Hote
  accepted          9  Show me hotels in Suginami, Tokyo, J   -> Suginami, Tokyo, Japan, Hote

### Surabaya, Indonesia / Hotels
  seed concern finds 273; 8 utterances kept of 8 asked for
  accepted        273  インドネシアのスラバヤのホテル                        -> Surabaya, Indonesia, Hotels
  accepted        416  スラバヤ, Indonesiaにある宿                    -> Surabaya, Indonesia, Accommo
  accepted        273  インドネシア スラバヤ 観光ホテル                      -> Surabaya, Indonesia, Tourist
  accepted        273  スラバヤ, Indonesiaのホテル検索                  -> Surabaya, Indonesia, Hotels
  accepted        273  Show hotels in Surabaya, Indonesia     -> Surabaya, Indonesia, Hotels
  accepted        273  Where are the hotels in Surabaya, In   -> Surabaya, Indonesia, Hotels
  accepted        273  List hotels in Surabaya, Indonesia     -> Surabaya, Indonesia, Hotels
  accepted        273  Find hotels in Surabaya, Indonesia     -> Surabaya, Indonesia, Hotels

### Taisho Ward, Osaka, Osaka Prefecture, Japan / Hotels
  seed concern finds 4; 5 utterances kept of 8 asked for
  accepted          4  大阪市大正区のホテルはどこですか？                      -> Taisho, Osaka, Hotels
  accepted          4  hotels in Taisho Ward, Osaka, Osaka    -> Taisho Ward, Osaka, Osaka Pr
  accepted          4  Find hotels in Taisho Ward, Osaka, O   -> Taisho Ward, Osaka, Osaka Pr
  accepted          4  Where can I stay in Taisho Ward, Osa   -> Taisho, Osaka, Hotels
  accepted          4  List all hotels in Taisho Ward, Osak   -> Taisho Ward, Osaka, Osaka Pr

### Tennoji Ward, Osaka, Osaka Prefecture, Japan / Hotels
  seed concern finds 15; 8 utterances kept of 8 asked for
  accepted         15  天王寺区のホテルを教えて                           -> Tennoji, Osaka, Hotels
  accepted         15  大阪府大阪市天王寺区内のホテル一覧                      -> Tennoji, Osaka, Hotels
  accepted         15  天王寺区のホテルはどこにある？                        -> Tennoji, Osaka, Hotels
  deep_gap          0  大阪・天王寺区の宿泊施設を探している                     -> Tennoji, Osaka, Accommodatio
  invented_name       0  Show hotels in Tennoji Ward, Osaka,    -> 
  invented_name       0  tennoji ward osaka osaka prefecture    -> 
  invented_name       0  Can you find accommodation options i   -> 
  invented_name       0  I am looking for hotels located in T   -> 

### Toulouse, Occitania, France / Hotels
  seed concern finds 118; 8 utterances kept of 8 asked for
  invented_name       0  オータニュ地方トゥーズルのホテルを教えて                   -> 
  invented_name       0  フランスのトゥーズルにあるホテル一覧                     -> 
  invented_name       0  トゥーズルのホテルを調べて                          -> 
  invented_name       0  オータニュ地方 トゥーズル ホテル                      -> 
  accepted        118  Find hotels in Toulouse, Occitania,    -> Toulouse, Occitania, France,
  deep_gap          0  Show me accommodation options in Tou   -> Toulouse, Occitania, France,
  accepted        118  I am looking for hotels in the area    -> Toulouse, Occitania, France,
  accepted        118  Search for hotels in Toulouse, Occit   -> Toulouse, Occitania, France,

### Turin, Piedmont, Italy / Hotels
  seed concern finds 118; 8 utterances kept of 8 asked for
  accepted        118  トリノのホテルを調べて                            -> Turin, Italy, Hotels
  deep_gap          0  イタリア・トリノ市内の宿泊施設一覧を表示して                 -> Turin, Italy, Accommodations
  deep_gap          0  トリノの宿泊先を探したい                           -> Turin, Italy, Accommodations
  accepted        118  トリノにあるホテルを教えて                          -> Turin, Italy, Hotels
  accepted        118  Where can I find hotels in Turin, Pi   -> Turin, Piedmont, Italy, Hote
  deep_gap          0  I need to book a place to stay in Tu   -> Turin, Piedmont, Italy, Acco
  deep_gap          0  Show me accommodation options in Tur   -> Turin, Piedmont, Italy, Acco
  accepted        118  Looking for hotels in Turin, Piedmon   -> Turin, Piedmont, Italy, Hote

### Valencia, Valencia, Spain / Hotels
  seed concern finds 105; 8 utterances kept of 8 asked for
  accepted        105  バレンシアのホテル教えて                           -> Valencia, Hotels
  accepted        105  Valencia, Valencia, SpainのHotelを検索して   -> Valencia, Valencia, Spain, H
  accepted        105  バレンシア市内のホテル一覧を出して                      -> Valencia, Spain, Hotels
  accepted        105  Valencia, Valencia, Spainのホテルを探して      -> Valencia, Valencia, Spain, H
  no_area_line       0  Valencia, Valencia, Spain              -> 
  accepted        105  Find hotels in Valencia, Valencia, S   -> Valencia, Valencia, Spain, H
  accepted        105  List all hotels located in Valencia,   -> Valencia, Valencia, Spain, H
  accepted        105  Where are the hotels in Valencia, Va   -> Valencia, Valencia, Spain, H

### Warsaw, Masovian Voivodeship, Poland / Hotels
  seed concern finds 175; 8 utterances kept of 8 asked for
  accepted        175  ワルシャワのホテル                              -> Warsaw, Hotels
  accepted        175  マゾフシェ県ワルシャワのホテル検索                      -> Warsaw, Masovian Voivodeship
  accepted        175  ワルシャワ市内のホテルはどこ？                        -> Warsaw, Hotels
  deep_gap          0  マゾフシェ県ワルシャワにある宿泊施設一覧                   -> Warsaw, Masovian Voivodeship
  accepted        175  List of hotels in Warsaw, Masovian V   -> Warsaw, Masovian Voivodeship
  accepted    !     8  I need to find accommodation in Wars   -> Warszawa, Województwo Mazowi
  deep_gap          0  Where can I stay in Warsaw, Masovian   -> Warsaw, Masovian Voivodeship
  accepted        175  Show me hotels located in Warsaw, Ma   -> Warsaw, Masovian Voivodeship

### Yangcheon-gu, Seoul, South Korea / Hotels
  seed concern finds 1; 5 utterances kept of 8 asked for
  invented_name       0  강남구 호텔 찾아줘                             -> 
  accepted          1  hotels in Yangcheon-gu, Seoul, South   -> Yangcheon-gu, Seoul, South K
  accepted          1  I need to find hotels located in Yan   -> Yangcheon-gu, Seoul, South K
  accepted          1  Please list the hotels in Yangcheon-   -> Yangcheon-gu, Seoul, South K
  accepted          1  Show me where the hotels are in Yang   -> Yangcheon-gu, Seoul, South K

### Yongsan-gu, Seoul, South Korea / Hotels
  seed concern finds 18; 8 utterances kept of 8 asked for
  deep_gap          0  龍山区の酒店を探して                             -> Yongsan, Seoul, Liquor store
  accepted         18  Yongsan-gu, Seoul, South Koreaにあるホテル   -> Yongsan-gu, Seoul, South Kor
  accepted         18  龍山区、ソウルのホテル一覧                          -> Yongsan-gu, Seoul, Hotels
  accepted         18  Yongsan-gu, Seoul, South Korea のホテルを   -> Yongsan-gu, Seoul, South Kor
  accepted         18  Show me hotels in Yongsan-gu, Seoul,   -> Yongsan-gu, Seoul, South Kor
  accepted         18  I need hotel recommendations for Yon   -> Yongsan-gu, Seoul, South Kor
  accepted         18  Where can I find hotels in Yongsan-g   -> Yongsan-gu, Seoul, South Kor
  accepted         18  Please list hotels located in Yongsa   -> Yongsan-gu, Seoul, South Kor

### Gangnam-gu, Seoul, South Korea / Ice Rinks
  seed concern finds 1; 8 utterances kept of 8 asked for
  deep_gap          0  강남구 스케이트장 어디 있어요?                      -> Gangnam-gu, Seoul, Skate par
  deep_gap          0  강남구 아이스링크를 찾고있는데                       -> Gangnam District, Seoul, Ice
  deep_gap          0  Seoul Gangnam-gu ice rink?             -> Gangnam-gu, Seoul, Ice rink
  deep_gap          0  강남구 스케이트장 좀 찾아주세요                      -> Gangnam-gu, Seoul, Skate par
  accepted          1  Where are the ice rinks in Gangnam-g   -> Gangnam-gu, Seoul, South Kor
  accepted          1  Find ice rinks in Gangnam-gu, Seoul,   -> Gangnam-gu, Seoul, South Kor
  deep_gap          0  I need to find ice rinks in Gangnam-   -> 강남구, 서울, 대한민국, 아이스 링크
  accepted          1  Show me ice rinks in Gangnam-gu, Seo   -> Gangnam-gu, Seoul, South Kor

### Seongbuk-gu, Seoul, South Korea / Ice Rinks
  seed concern finds 1; 8 utterances kept of 8 asked for
  accepted          1  Seongbuk-gu, Seoul, South Korea のアイス   -> Seongbuk-gu, Seoul, South Ko
  invented_name       0  城南北区のスケートリンクを探しています。                   -> 
  invented_name       0  ソウル城南区にあるアイスリンクはどこですか？                 -> 
  accepted          1  Seongbuk-gu, Seoul, South Korea でアイス   -> Seongbuk-gu, Seoul, South Ko
  accepted          1  Show ice rinks in Seongbuk-gu, Seoul   -> Seongbuk-gu, Seoul, South Ko
  deep_gap          0  Where can I skate in Seongbuk-gu, Se   -> Seongbuk-gu, Seoul, South Ko
  accepted          1  List of ice rinks located in Seongbu   -> Seongbuk-gu, Seoul, South Ko
  accepted          1  Find ice rinks near Seongbuk-gu, Seo   -> Seongbuk-gu, Seoul, South Ko

### Bao'an District, Shenzhen, Guangdong Province, China / Indian restaurants
  seed concern finds 2; 8 utterances kept of 8 asked for
  accepted         46  中国広東省深セン市宝安区のインド料理店を教えて                -> Bao'an District, Shenzhen, G
  deep_gap          0  宝安区のインド料理店を検索して                        -> Bao'an, Shenzhen, Indian res
  accepted         46  中国・深セン・宝安区にあるインド料理は？                   -> Bao'an District, Shenzhen, C
  deep_gap          0  深セン市宝安区のインドレストラン一覧                     -> Bao'an, Shenzhen, Indian res
  accepted         46  Where are the Indian restaurants in    -> Bao'an District, Indian rest
  deep_gap          0  Find Indian restaurants in Bao'an Di   -> Bao'an District, Shenzhen, I
  accepted         46  I want to go to an Indian restaurant   -> Bao'an District, Indian rest
  accepted          2  Search for Indian restaurants in Bao   -> Bao'an District, Shenzhen, G

### Gangnam-gu, Seoul, South Korea / Indian restaurants
  seed concern finds 5; 8 utterances kept of 8 asked for
  wrong_area        0  江南区にあるインド料理店を教えて                       -> Jiangnan District, Indian re
  accepted       1772  서울 강남구 이인료리점                           -> Gangnam-gu, Seoul, Yiin Rest
  wrong_area        0  江南区のインドレストランを調べて                       -> Jiangnan District, Indian re
  accepted          5  서울 강남구 인도 레스토랑 검색                      -> Gangnam-gu, Seoul, Indian re
  accepted          5  Show me Indian restaurants in Gangna   -> Gangnam-gu, Seoul, South Kor
  accepted          5  Where can I eat Indian food in Gangn   -> Gangnam-gu, Seoul, South Kor
  accepted          5  I want to find Indian restaurants in   -> Gangnam-gu, Seoul, South Kor
  accepted          5  List Indian restaurants in Gangnam-g   -> Gangnam-gu, Seoul, South Kor

### Hakata Ward, Fukuoka, Fukuoka Prefecture, Japan / Indian restaurants
  seed concern finds 2; 8 utterances kept of 8 asked for
  wrong_area        0  福岡県福岡市博多区にあるインド料理店を教えて。                -> Hakata, Fukuoka, Fukuoka Pre
  deep_gap          0  博多区のインドレストランを探してるの。                    -> Hakata, Fukuoka, Indian rest
  accepted          2  博多区、インド料理。                             -> Hakata, Fukuoka, Indian cuis
  deep_gap          0  福岡の博多区でインド料理ができる場所知りたい。                -> Hakata, Fukuoka, Indian rest
  accepted          2  Show me Indian restaurants in Hakata   -> Hakata Ward, Fukuoka, Fukuok
  accepted          2  Where can I find Indian food in Haka   -> Hakata Ward, Fukuoka, Fukuok
  accepted          2  List Indian restaurants located in H   -> Hakata Ward, Fukuoka, Fukuok
  accepted          2  I want to see places serving Indian    -> Hakata Ward, Fukuoka, Fukuok

### Miyakojima Ward, Osaka, Osaka Prefecture, Japan / Indian restaurants
  seed concern finds 6; 8 utterances kept of 8 asked for
  wrong_area        0  大阪府大阪市の都島区にあるインド料理店を教えて                -> Mikunimachi, Ikeda, Osaka, I
  wrong_area        0  都島区のインド料理屋さんを探して                       -> Ikuno, Osaka, Indian restaur
  wrong_area        0  都島区のインド料理はどこですか                        -> Miyoshima, Osaka, Indian res
  wrong_area        0  大阪 都島区 インド料理                           -> Ikuno, Osaka, Indian cuisine
  accepted        221  I am looking for Indian restaurants    -> Miyakojima Ward, Osaka, Indi
  accepted          6  Find Indian restaurants near Miyakoj   -> Miyakojima Ward, Osaka, Osak
  accepted          6  Where are the Indian restaurants in    -> Miyakojima Ward, Osaka, Osak
  accepted          6  Show me a list of Indian restaurants   -> Miyakojima Ward, Osaka, Osak

### Shenshan Special Cooperation Zone, Shenzhen, Guangdong Province, China / Indian restaurants
  seed concern finds 0; 8 utterances kept of 8 asked for
  invented_name       0  深汕特別合作区にあるインド料理店を探しています                -> 
  invented_name       0  深汕特別合作区のインド料理                          -> 
  invented_name       0  深汕特別合作区で美味しいインド料理屋さんはありませんか？           -> 
  invented_name       0  深汕特別合作区にインド料理店はある？                     -> 
  zero_results       0  Find Indian restaurants in Shenshan    -> Shenshan Special Cooperation
  zero_results       0  Where can I eat Indian food in Shens   -> Shenshan Special Cooperation
  zero_results       0  Search for Indian restaurants Shensh   -> Shenshan Special Cooperation
  zero_results       0  I need a list of Indian restaurants    -> Shenshan Special Cooperation

### Bao'an District, Shenzhen, Guangdong Province, China / Italian restaurants
  seed concern finds 11; 8 utterances kept of 8 asked for
  deep_gap          0  宝安区のイタリアンレストランを教えて                     -> Bao'an, Shenzhen, Italian re
  deep_gap          0  深圳市宝安区にあるイタリア料理のお店を教えてください             -> Bao'an District, Shenzhen, I
  deep_gap          0  深セン市宝安区でイタリアン                          -> Bao'an, Shenzhen, Italian re
  accepted         12  広東省深セン市宝安区のイタリアンレストラン一覧                -> Bao'an District, Shenzhen, G
  accepted         11  Show me all the Italian restaurants    -> Bao'an District, Shenzhen, G
  accepted         11  Where are Italian restaurants in Bao   -> Bao'an District, Shenzhen, G
  accepted         11  Find Italian dining options in Bao'a   -> Bao'an District, Shenzhen, G
  accepted         11  Italian restaurants in Bao'an Distri   -> Bao'an District, Shenzhen, G

### Eunpyeong-gu, Seoul, South Korea / Italian restaurants
  seed concern finds 1; 8 utterances kept of 8 asked for
  accepted          1  Eunpyeong-gu, Seoul, South Koreaのイタリ   -> Eunpyeong-gu, Seoul, South K
  accepted          1  Eunpyeong-gu, Seoul, South Korea 伊太利   -> Eunpyeong-gu, Seoul, South K
  accepted          1  Eunpyeong-gu, Seoul, South Koreaにあるイ   -> Eunpyeong-gu, Seoul, South K
  accepted          1  Eunpyeong-gu, Seoul, South Korea イタリ   -> Eunpyeong-gu, Seoul, South K
  accepted          1  Italian restaurants in Eunpyeong-gu,   -> Eunpyeong-gu, Seoul, South K
  accepted          1  Where can I find Italian restaurants   -> Eunpyeong-gu, Seoul, South K
  accepted          1  I am looking for Italian restaurants   -> Eunpyeong-gu, Seoul, South K
  accepted          1  Show me Italian restaurants in Eunpy   -> Eunpyeong-gu, Seoul, South K

### Jongno-gu, Seoul, South Korea / Italian restaurants
  seed concern finds 11; 8 utterances kept of 8 asked for
  accepted          4  ソウルの鍾路区にあるイタリアンを教えて                    -> Jongno, Seoul, Italian resta
  accepted         11  ソウル特別市鍾路区のイタリアンレストラン一覧                 -> Jongno-gu, Seoul, Italian re
  accepted          4  鍾路区で美味しいイタリアンのお店を探してる                  -> Jongno, Seoul, Italian resta
  accepted          4  鍾路区のイタリアン料理店を地図で表示して                   -> Jongno, Seoul, Italian resta
  accepted         11  Find Italian restaurants in Jongno-g   -> Jongno-gu, Seoul, South Kore
  accepted         11  Where are Italian places to eat in J   -> Jongno-gu, Seoul, South Kore
  accepted         11  Show me Italian restaurants in Jongn   -> Jongno-gu, Seoul, South Kore
  accepted         11  I need Italian restaurants in Jongno   -> Jongno-gu, Seoul, South Kore

### Nanshan District, Shenzhen, Guangdong Province, China / Italian restaurants
  seed concern finds 7; 8 utterances kept of 8 asked for
  accepted          7  南山区のイタリアンレストランを教えて                     -> Nanshan, Shenzhen, Italian r
  accepted          7  深センの南山区にあるイタリア料理店を探してください              -> Nanshan, Shenzhen, Italian r
  accepted          7  広東省深セン市南山区のイタリアン                       -> Nanshan, Shenzhen, Guangdong
  accepted        154  南山区のイタリア料理店を搜索して                       -> Nanshan, Italian restaurants
  accepted          7  Find Italian restaurants in Nanshan    -> Nanshan District, Shenzhen, 
  accepted          7  Where can I eat Italian food in Nans   -> Nanshan District, Shenzhen, 
  accepted          7  Show me Italian restaurants in Nansh   -> Nanshan District, Shenzhen, 
  accepted          7  Locate Italian restaurants in Nansha   -> Nanshan District, Shenzhen, 

### Seodaemun-gu, Seoul, South Korea / Italian restaurants
  seed concern finds 5; 8 utterances kept of 8 asked for
  accepted          5  Seodaemun-gu, Seoul, South Koreaのイタリ   -> Seodaemun-gu, Seoul, South K
  accepted          5  ソウル西大門区のイタリア料理店                        -> Seodaemun, Seoul, Italian re
  accepted          5  ソウル西大門区 イタリアン                          -> Seodaemun, Seoul, Italian re
  accepted          5  Seodaemun-gu, Seoul, South Korea イタリ   -> Seodaemun-gu, Seoul, South K
  accepted          5  Find Italian restaurants in Seodaemu   -> Seodaemun-gu, Seoul, South K
  accepted          5  Where can I eat Italian food in Seod   -> Seodaemun-gu, Seoul, South K
  accepted          5  Show me spots for Italian cuisine in   -> Seodaemun-gu, Seoul, South K
  accepted          5  I want to locate Italian restaurants   -> Seodaemun-gu, Seoul, South K

### Songpa-gu, Seoul, South Korea / Italian restaurants
  seed concern finds 4; 8 utterances kept of 8 asked for
  accepted          3  ソウル松坡区のイタリアンレストランを教えて                  -> Songpa, Seoul, Italian resta
  accepted          4  Songpa-gu, Seoul, South Koreaのイタリア料理   -> Songpa-gu, Seoul, South Kore
  accepted          3  ソウル 松坡区 イタリアン                          -> Songpa, Seoul, Italian resta
  accepted          3  松坡区のイタリアンレストラン一覧                       -> Songpa, Seoul, Italian resta
  accepted          4  Italian restaurants in Songpa-gu, Se   -> Songpa-gu, Seoul, South Kore
  deep_gap          0  Find Italian places in Songpa-gu       -> Songpa-gu, Italian places
  accepted          4  Where can I eat Italian food in Song   -> Songpa-gu, Seoul, South Kore
  accepted          4  Show me Italian restaurants located    -> Songpa-gu, Seoul, South Kore

### Taito, Tokyo, Japan / Kebab shops
  seed concern finds 7; 8 utterances kept of 8 asked for
  deep_gap          0  台東区のケバブショップを教えて                        -> Taito, Tokyo, Kebab shops
  deep_gap          0  東京の台東でケバブが食べられる場所はどこですか？               -> Taito, Tokyo, Kebab shops
  deep_gap          0  台東区のケバブ屋さんの一覧を出して                      -> Taito, Tokyo, Kebab shops
  deep_gap          0  すみません、台東区のケバブ専門店を探しています                -> Taito, Tokyo, Kebab shops
  deep_gap          0  Kebab shops in Taito, Tokyo, Japan     -> Taito, Tokyo, Kebab shops
  deep_gap          0  Show me kebab restaurants in Taito,    -> Taito, Tokyo, Kebab restaura
  deep_gap          0  I am looking for kebab places in Tai   -> Taito, Tokyo, Japan, Kebab p
  deep_gap          0  Find kebab shops located in Taito, T   -> Taito, Tokyo, Kebab shops

### Chuo Ward, Saitama, Saitama Prefecture, Japan / Korean restaurants
  seed concern finds 0; 8 utterances kept of 8 asked for
  accepted         81  さいたま市中央区のコリアンレストランを教えて                 -> Chuo, Saitama, Korean restau
  wrong_area        0  埼玉県さいたま市中央区 韓国料理店 一覧                   -> Chuo, Saitama City, Saitama 
  zero_results       0  Chuo-ku, Saitama-shi, Saitama-ken, N   -> Chuo-ku, Saitama-shi, Saitam
  accepted         81  さいたま市中央区でコリアンレストランを探している               -> Chuo, Saitama, Korean restau
  wrong_area        0  Korean restaurants in Chuo Ward, Sai   -> Chuo Ward, Saitama, Saitama 
  accepted         81  find korean restaurants Chuo Ward Sa   -> Chuo Ward, Saitama, Korean r
  wrong_area        0  Where can I eat Korean food in Chuo    -> Chuo Ward, Saitama, Saitama 
  wrong_area        0  List of Korean restaurants in Chuo W   -> Chuo Ward, Saitama, Saitama 

### Eastern District, Hong Kong, China / Korean restaurants
  seed concern finds 64; 8 utterances kept of 8 asked for
  invented_name       0  東區にある韓国料理店を教えて                         -> 
  invented_name       0  香港の東區で韓国料理が食べられる場所を探しています              -> 
  invented_name       0  東區 韓国料理                                -> 
  invented_name       0  香港東區の韓国レストラン一覧を出して                     -> 
  accepted         64  Where can I find Korean restaurants    -> Eastern District, Hong Kong,
  accepted         64  Show me Korean restaurants in Easter   -> Eastern District, Hong Kong,
  accepted         64  Korean restaurants in Eastern Distri   -> Eastern District, Hong Kong,
  accepted         64  I'm looking for Korean restaurants i   -> Eastern District, Hong Kong,

### Gangnam-gu, Seoul, South Korea / Korean restaurants
  seed concern finds 1772; 8 utterances kept of 8 asked for
  wrong_area        0  江南区の韓国料理店を教えて                          -> Jiangnan District, Korean re
  accepted       1772  ソウル江南区にある韓国レストランをリストアップしてください          -> Gangnam-gu, Seoul, Korean re
  wrong_area        0  江南区の韓国食のお店探してる                         -> Jiangnan District, Korean re
  accepted       1772  ソウル特別市江南区 韓国料理店 一覧                     -> Gangnam-gu, Seoul, Korean re
  accepted       1772  Show me Korean restaurants in Gangna   -> Gangnam-gu, Seoul, South Kor
  accepted       1772  Korean restaurants in Gangnam-gu, Se   -> Gangnam-gu, Seoul, South Kor
  accepted       1772  I want to find Korean restaurants in   -> Gangnam-gu, Seoul, South Kor
  accepted       1772  Where are the Korean restaurants in    -> Gangnam-gu, Seoul, South Kor

### Gwanak-gu, Seoul, South Korea / Korean restaurants
  seed concern finds 438; 8 utterances kept of 8 asked for
  accepted        438  Gwanak-gu, Seoul, South Koreaにある韓国料理   -> Gwanak-gu, Seoul, South Kore
  accepted        438  ソウルの冠岳区で韓国料理が食べられる場所を探して               -> Gwanak, Seoul, Korean restau
  accepted        438  Gwanak-gu, Seoul, South Koreaの韓国レストラ   -> Gwanak-gu, Seoul, South Kore
  accepted        438  ソウル市冠岳区の韓国料理店を案内して                     -> Gwanak, Seoul, Korean restau
  accepted        438  I need a list of Korean restaurants    -> Gwanak-gu, Seoul, South Kore
  accepted        438  Show me Korean restaurants in Gwanak   -> Gwanak-gu, Seoul, South Kore
  accepted    !    11  Where can I eat Korean food in Gwana   -> Gwanak-gu, Seoul, South Kore
  accepted        438  Find me good Korean restaurants in G   -> Gwanak-gu, Seoul, South Kore

### Jung-gu, Seoul, South Korea / Korean restaurants
  seed concern finds 835; 8 utterances kept of 8 asked for
  invented_name       0  ソウル江南区の韓国料理店を教えて                       -> 
  invented_name       0  江南区にある韓国レストランをマップで表示して                 -> 
  invented_name       0  江南区の韓国料理店リスト                           -> 
  invented_name       0  江南区 韓国料理                               -> 
  accepted        835  Where can I find Korean restaurants    -> Jung-gu, Seoul, South Korea,
  accepted        835  Jung-gu, Seoul, South Korea Korean r   -> Jung-gu, Seoul, South Korea,
  accepted        835  I am looking for Korean restaurants    -> Jung-gu, Seoul, South Korea,
  accepted        835  Show me Korean restaurants in Jung-g   -> Jung-gu, Seoul, South Korea,

### Kowloon City District, Hong Kong, China / Korean restaurants
  seed concern finds 274; 8 utterances kept of 8 asked for
  invented_name       0  九龍城区の韓国料理店                             -> 
  invented_name       0  香港の九龍城地区にある韓国レストランを教えて                 -> 
  invented_name       0  九龍城区 韓国料理                              -> 
  invented_name       0  九龍城区の韓国料理店を探している                       -> 
  accepted        274  Korean restaurants in Kowloon City D   -> Kowloon City District, Hong 
  accepted        274  Where can I find Korean restaurants    -> Kowloon City District, Hong 
  accepted        274  List of Korean restaurants in Kowloo   -> Kowloon City District, Hong 
  accepted        274  Show me Korean restaurants in Kowloo   -> Kowloon City District, Hong 

### Minami Ward, Niigata, Niigata Prefecture, Japan / Korean restaurants
  seed concern finds 0; 8 utterances kept of 8 asked for
  wrong_area        0  新潟県新潟市南区の韓国料理店を教えて                     -> Minami-ku, Niigata, Niigata,
  accepted         41  新潟市南区で韓国料理が食べられるところ                    -> Minami-ku, Niigata, Korean r
  accepted         41  Niigata Minami-ku Korean restaurants   -> Minami-ku, Niigata, Korean r
  wrong_area        0  南区の韓国レストラン一覧                           -> Minami, Nagoya, Korean resta
  zero_results       0  Find Korean restaurants in Minami Wa   -> Minami Ward, Niigata, Niigat
  wrong_area        0  Where can I eat Korean food in Minam   -> Minami Ward, Niigata, Niigat
  wrong_area        0  Korean restaurants near Minami Ward,   -> Minami Ward, Niigata, Niigat
  zero_results       0  Show me Korean restaurants in Minami   -> Minami Ward, Niigata, Niigat

### Nishi Ward, Fukuoka, Fukuoka Prefecture, Japan / Korean restaurants
  seed concern finds 0; 8 utterances kept of 8 asked for
  wrong_area        0  福岡県福岡市西区の韓国レストランを教えて                   -> Nishi, Fukuoka City, Fukuoka
  wrong_area        0  西区にある韓国料理店一覧                           -> Nishi, Osaka, Korean restaur
  wrong_area        0  福岡市西区の韓国レストランを検索                       -> Nishi, Fukuoka, Korean resta
  wrong_area        0  福岡・西区の韓国食堂を探して                         -> Nishi, Fukuoka, Korean resta
  zero_results       0  Show me all the Korean restaurants i   -> Nishi Ward, Fukuoka, Fukuoka
  zero_results       0  Korean restaurants in Nishi Ward, Fu   -> Nishi Ward, Fukuoka, Fukuoka
  zero_results       0  I need a list of Korean restaurants    -> Nishi Ward, Fukuoka, Fukuoka
  zero_results       0  Find Korean restaurants in Nishi War   -> Nishi Ward, Fukuoka, Fukuoka

### Seocho-gu, Seoul, South Korea / Korean restaurants
  seed concern finds 1343; 8 utterances kept of 8 asked for
  accepted       1343  SeoulのSeocho-guにある韓国レストランを教えて          -> Seocho-gu, Seoul, Korean res
  accepted       1343  Seocho-gu, Seoul, South Koreaの韓国料理店を   -> Seocho-gu, Seoul, South Kore
  accepted       1343  ソウルのSeocho-guに韓国レストランありますか？            -> Seocho-gu, Seoul, Korean res
  accepted       1343  Seocho-gu, Seoul, South Korea 韓国料理     -> Seocho-gu, Seoul, South Kore
  accepted       1343  Find Korean restaurants in Seocho-gu   -> Seocho-gu, Seoul, South Kore
  accepted       1343  Show me Korean restaurants in Seocho   -> Seocho-gu, Seoul, South Kore
  accepted       1343  I am looking for Korean restaurants    -> Seocho-gu, Seoul, South Kore
  accepted       1343  Where can I find Korean restaurants    -> Seocho-gu, Seoul, South Kore

### Sham Shui Po District, Hong Kong, China / Korean restaurants
  seed concern finds 188; 8 utterances kept of 8 asked for
  invented_name       0  香港のシャムシュイポ区の韓国料理店                      -> 
  invented_name       0  シャムシュイポ区の韓国レストラン教えて                    -> 
  accepted        188  Sham Shui Po Districtの韓食店一覧            -> Sham Shui Po District, Korea
  invented_name       0  香港シャムシュイポ区内の韓国料理を希望                    -> 
  accepted        188  Show me Korean restaurants in Sham S   -> Sham Shui Po District, Hong 
  accepted        188  Korean restaurants in Sham Shui Po D   -> Sham Shui Po District, Hong 
  accepted        188  I need a list of Korean restaurants    -> Sham Shui Po District, Hong 
  accepted        188  Where can I find Korean restaurants    -> Sham Shui Po District, Hong 

### Tsuzuki Ward, Yokohama, Kanagawa Prefecture, Japan / Korean restaurants
  seed concern finds 6; 8 utterances kept of 8 asked for
  accepted          6  Tsuzuki Ward, Yokohama, Kanagawa Pre   -> Tsuzuki, Yokohama, Kanagawa 
  accepted          6  Tsuzuki Ward, Yokohama, Kanagawa Pre   -> Tsuzuki, Yokohama, Kanagawa 
  accepted          6  Tsuzuki Ward, Yokohama, Kanagawa Pre   -> Tsuzuki, Yokohama, Kanagawa 
  accepted          6  Tsuzuki Ward, Yokohama, Kanagawa Pre   -> Tsuzuki, Yokohama, Kanagawa 
  accepted          6  Where are Korean restaurants in Tsuz   -> Tsuzuki Ward, Yokohama, Kana
  accepted          6  Show me Korean restaurants in Tsuzuk   -> Tsuzuki Ward, Yokohama, Kana
  accepted          6  Find Korean restaurants in Tsuzuki W   -> Tsuzuki Ward, Yokohama, Kana
  accepted          6  I'm looking for Korean restaurants i   -> Tsuzuki Ward, Yokohama, Kana

### Yau Tsim Mong District, Hong Kong, China / Korean restaurants
  seed concern finds 680; 8 utterances kept of 8 asked for
  accepted        680  Yau Tsim Mong District, Hong Kong, C   -> Yau Tsim Mong District, Hong
  deep_gap          0  Yau Tsim Mong District, Hong Kong, C   -> Yau Tsim Mong, Hong Kong, Ko
  accepted        680  Yau Tsim Mong District, Hong Kong, C   -> Yau Tsim Mong District, Hong
  accepted        680  Yau Tsim Mong District, Hong Kong, C   -> Yau Tsim Mong District, Hong
  accepted        680  Show me Korean restaurants in Yau Ts   -> Yau Tsim Mong District, Hong
  accepted        680  I want to find places to eat Korean    -> Yau Tsim Mong District, Hong
  accepted        680  Korean restaurants in Yau Tsim Mong    -> Yau Tsim Mong District, Hong
  accepted        680  Can you list Korean restaurants loca   -> Yau Tsim Mong District, Hong

### Bao'an District, Shenzhen, Guangdong Province, China / Libraries
  seed concern finds 58; 7 utterances kept of 8 asked for
  deep_gap          0  深圳市宝安区宝安区の図書館                          -> Bao'an District, Shenzhen, L
  accepted    !     5  宝安区にある図書館を教えてください                      -> Bao'an, Shenzhen, Libraries
  deep_gap          0  深セン・宝安区の図書館一覧                          -> Bao'an District, Shenzhen, L
  accepted         58  広東省深セン市宝安区の図書館を検索                      -> Bao'an District, Shenzhen, G
  accepted         58  Where are the libraries in Bao'an Di   -> Bao'an District, Shenzhen, G
  accepted         58  Show me libraries located in Bao'an    -> Bao'an District, Shenzhen, G
  accepted         58  I need to find libraries in Bao'an D   -> Bao'an District, Shenzhen, G

### Eunpyeong-gu, Seoul, South Korea / Libraries
  seed concern finds 19; 8 utterances kept of 8 asked for
  accepted         19  Eunpyeong-gu, Seoul, South Koreaの図書館   -> Eunpyeong-gu, Seoul, South K
  accepted         19  Eunpyeong-gu, Seoul, South Koreaにある図   -> Eunpyeong-gu, Seoul, South K
  accepted         19  Eunpyeong-gu, Seoul, South Koreaの図書館   -> Eunpyeong-gu, Seoul, South K
  accepted         19  Eunpyeong-gu, Seoul, South Koreaの図書館   -> Eunpyeong-gu, Seoul, South K
  accepted         19  Show me libraries in Eunpyeong-gu, S   -> Eunpyeong-gu, Seoul, South K
  accepted         19  Where are the libraries located in E   -> Eunpyeong-gu, Seoul, South K
  accepted         19  I need to find libraries in Eunpyeon   -> Eunpyeong-gu, Seoul, South K
  accepted         19  List libraries in Eunpyeong-gu, Seou   -> Eunpyeong-gu, Seoul, South K

### Gangseo-gu, Seoul, South Korea / Libraries
  seed concern finds 33; 8 utterances kept of 8 asked for
  accepted         33  ソウル市江西区の図書館を教えてください                    -> Gangseo-gu, Seoul, Libraries
  wrong_area        0  韓国ソウル江西区にある図書館のリストが必要                  -> Gansseo-gu, Seoul, Libraries
  wrong_area        0  ソウルの江西区に図書館はどこにありますか                   -> Gwangmyeong-gu, Seoul, Libra
  wrong_area        0  ソウル江西区の図書館一覧を出して                       -> Gwangmyeong-gu, Seoul, Libra
  accepted         33  Show me all the libraries in Gangseo   -> Gangseo-gu, Seoul, South Kor
  accepted         33  Where can I find libraries in Gangse   -> Gangseo-gu, Seoul, South Kor
  accepted         33  List libraries in Gangseo-gu, Seoul,   -> Gangseo-gu, Seoul, South Kor
  accepted         33  I am looking for libraries in Gangse   -> Gangseo-gu, Seoul, South Kor

### Gwangjin-gu, Seoul, South Korea / Libraries
  seed concern finds 21; 8 utterances kept of 8 asked for
  accepted         21  Gwangjin-gu, Seoul, South Korea の図書館   -> Gwangjin-gu, Seoul, South Ko
  accepted         21  Gwangjin-gu, Seoul, South Korea で本が借   -> Gwangjin-gu, Seoul, South Ko
  accepted         21  Gwangjin-gu, Seoul, South Korea にある図   -> Gwangjin-gu, Seoul, South Ko
  accepted         21  Gwangjin-gu, Seoul, South Korea の図書館   -> Gwangjin-gu, Seoul, South Ko
  accepted         21  Find libraries in Gwangjin-gu, Seoul   -> Gwangjin-gu, Seoul, South Ko
  deep_gap          0  Where are the libraries located in G   -> Gwangjin-gu, Seoul, Librarie
  accepted         21  Show me library locations in Gwangji   -> Gwangjin-gu, Seoul, South Ko
  accepted         21  I need to find a library in Gwangjin   -> Gwangjin-gu, Seoul, South Ko

### Mapo-gu, Seoul, South Korea / Libraries
  seed concern finds 26; 8 utterances kept of 8 asked for
  accepted         26  ソウル市麻浦区の図書館                            -> Mapo, Seoul, Libraries
  deep_gap          0  麻浦区内の図書館はどこ？                           -> Mapo-gu, Seoul, Libraries
  wrong_area        0  Mapo-guの図書館を探している                      -> Mapo-gu, Libraries
  accepted         26  ソウルの麻浦区にある図書館一覧                        -> Mapo, Seoul, Libraries
  accepted         26  List all libraries in Mapo-gu, Seoul   -> Mapo-gu, Seoul, South Korea,
  accepted         26  I need to find libraries located in    -> Mapo-gu, Seoul, South Korea,
  accepted         26  Show me the map of libraries in Mapo   -> Mapo-gu, Seoul, South Korea,
  accepted         26  Where are the libraries in Mapo-gu,    -> Mapo-gu, Seoul, South Korea,

### Seocho-gu, Seoul, South Korea / Libraries
  seed concern finds 16; 8 utterances kept of 8 asked for
  accepted          6  Seoulの瑞草区の図書館を教えて                      -> Seocho, Seoul, Libraries
  accepted          6  瑞草区にある図書館一覧                            -> Seocho, Seoul, Libraries
  deep_gap          0  Seocho-guの図書館はどこ？                      -> Seocho-gu, Seoul, Libraries
  accepted          6  ソウル瑞草区の図書館を探して                         -> Seocho, Seoul, Libraries
  accepted         16  Show me libraries in Seocho-gu, Seou   -> Seocho-gu, Seoul, South Kore
  accepted         16  Where can I find libraries in Seocho   -> Seocho-gu, Seoul, South Kore
  accepted         16  Search for libraries in Seocho-gu, S   -> Seocho-gu, Seoul, South Kore
  accepted         16  I need to locate libraries in Seocho   -> Seocho-gu, Seoul, South Kore

### Songpa-gu, Seoul, South Korea / Libraries
  seed concern finds 15; 8 utterances kept of 8 asked for
  deep_gap          0  서울시 송파구의 도서관을 알려줘                      -> Songpa-gu, Seoul, Libraries
  deep_gap          0  송파구 도서관                                -> Songpa-gu, Seoul, Libraries
  deep_gap          0  I want to find libraries in Songpa-g   -> Songpa-gu, Libraries
  deep_gap          0  Can you list libraries in Songpa-gu,   -> Songpa-gu, Seoul, Libraries
  accepted         15  Find libraries in Songpa-gu, Seoul,    -> Songpa-gu, Seoul, South Kore
  accepted         15  Where are the libraries located in S   -> Songpa-gu, Seoul, South Kore
  accepted         15  List all libraries in Songpa-gu, Seo   -> Songpa-gu, Seoul, South Kore
  accepted         15  I need to find libraries in Songpa-g   -> Songpa-gu, Seoul, South Kore

### Aoba Ward, Yokohama, Kanagawa Prefecture, Japan / Medical Facilities
  seed concern finds 22; 8 utterances kept of 8 asked for
  wrong_area        0  青葉区の医療施設を教えて                           -> Aoba, Sendai, Hospitals
  accepted         11  横浜市青葉区にある病院はどこですか？                     -> Aoba, Yokohama, Hospitals
  wrong_area        0  青葉区 医療施設                               -> Aoba-ku, Sendai, Medical fac
  wrong_area        0  神奈川県横浜市青葉区に住んでいるけど、近くのクリニックとかある？       -> Aoba-ku, Yokohama, Kanagawa,
  accepted         22  Where are the medical facilities in    -> Aoba Ward, Yokohama, Kanagaw
  accepted         11  Show me hospitals and clinics in Aob   -> Aoba Ward, Yokohama, Kanagaw
  accepted         22  I need to find medical facilities lo   -> Aoba Ward, Yokohama, Kanagaw
  accepted         22  Please list all medical facilities i   -> Aoba Ward, Yokohama, Kanagaw

### Dobong-gu, Seoul, South Korea / Medical Facilities
  seed concern finds 6; 8 utterances kept of 8 asked for
  invented_name       0  ソウル特別市道봉구의医療施設を教えて                     -> 
  invented_name       0  道봉区内の病院一覧                              -> 
  invented_name       0  ソウルの道봉区にあるクリニックはどこですか                  -> 
  invented_name       0  道봉区の医療機関を探している                         -> 
  accepted          5  Where are medical facilities in Dobo   -> Dobong-gu, Seoul, South Kore
  accepted          5  Find medical facilities in Dobong-gu   -> Dobong-gu, Seoul, South Kore
  accepted          5  Show me medical facilities in Dobong   -> 도봉구, 서울, 대한민국, 의료 시설
  accepted          5  Can you show me medical facilities i   -> 도봉구, 서울, 대한민국, 의료 시설

### Eunpyeong-gu, Seoul, South Korea / Medical Facilities
  seed concern finds 16; 8 utterances kept of 8 asked for
  accepted         11  ソウル特別市恩平区の医療機関を教えて                     -> Eunpyeong-gu, Seoul, Medical
  wrong_area        0  恩平区にある病院とクリニックの場所を示して                  -> Enping District, Hospitals
  wrong_area        0  恩平区の医療施設を地図に表示して                       -> Enping District, Medical fac
  wrong_area        0  恩平区のクリニックや病院はどこですか？                    -> Enping District, Clinics
  accepted         11  Find medical facilities in Eunpyeong   -> Eunpyeong-gu, Seoul, South K
  accepted         11  I need hospitals in Eunpyeong-gu, Se   -> Eunpyeong-gu, Seoul, South K
  accepted         11  Where are the medical facilities in    -> Eunpyeong-gu, Seoul, South K
  accepted          5  Show me clinics in Eunpyeong-gu, Seo   -> Eunpyeong-gu, Seoul, South K

### Gangdong-gu, Seoul, South Korea / Medical Facilities
  seed concern finds 14; 8 utterances kept of 8 asked for
  invented_name       0  ソウルの江南区にある医療施設を教えて。                    -> 
  accepted         13  Gangdong-gu, Seoul, South Koreaの医院と病   -> Gangdong-gu, Seoul, Hospital
  invented_name       0  江南区内のクリニックを探して。                        -> 
  accepted         13  Gangdong-gu, Seoul, South Koreaにおける医   -> Gangdong-gu, Seoul, Hospital
  accepted         13  Where are medical facilities in Gang   -> Gangdong-gu, Seoul, South Ko
  deep_gap          0  Show me doctors in Gangdong-gu, Seou   -> Gangdong-gu, Seoul, South Ko
  accepted         13  I need to find medical facilities in   -> Gangdong-gu, Seoul, South Ko
  accepted         13  Can you help me locate medical facil   -> Gangdong-gu, Seoul, South Ko

### Guangming District, Shenzhen, Guangdong Province, China / Medical Facilities
  seed concern finds 6; 7 utterances kept of 8 asked for
  invented_name       0  広明区の医療施設を教えて                           -> 
  invented_name       0  広明区内の病院とクリニックはどこですか？                   -> 
  invented_name       0  広明区の医療施設を検索してください                      -> 
  accepted          6  Show medical facilities in Guangming   -> Guangming District, Shenzhen
  accepted          6  I need to find hospitals in Guangmin   -> Guangming District, Shenzhen
  accepted          6  Where are the medical facilities in    -> Guangming District, Shenzhen
  accepted          6  List all medical facilities located    -> Guangming District, Shenzhen

### Higashi Ward, Fukuoka, Fukuoka Prefecture, Japan / Medical Facilities
  seed concern finds 29; 8 utterances kept of 8 asked for
  accepted         29  福岡県福岡市東区の医療機関を教えて。                     -> Higashi, Fukuoka, Fukuoka, M
  wrong_area        0  東区の病院の場所を知りたい。                         -> Higashi, Tokyo, Hospitals
  accepted          5  Higashi Ward, Fukuoka, Fukuoka Prefe   -> Higashi Ward, Fukuoka, Fukuo
  wrong_area        0  東区 医療施設                                -> Higashi, Osaka, Hospitals
  accepted         29  Where are the medical facilities in    -> Higashi Ward, Fukuoka, Fukuo
  accepted         29  Show me medical facilities near Higa   -> Higashi Ward, Fukuoka, Fukuo
  accepted         29  List all medical facilities in Higas   -> Higashi Ward, Fukuoka, Fukuo
  accepted         29  Find medical facilities in Higashi W   -> Higashi Ward, Fukuoka, Fukuo

### Jung-gu, Seoul, South Korea / Medical Facilities
  seed concern finds 12; 8 utterances kept of 8 asked for
  accepted         11  Jung-gu, Seoul, South Koreaの医療施設を教えて   -> Jung-gu, Seoul, South Korea,
  invented_name       0  南大門区 セウル ソウル 医療施設                      -> 
  invented_name       0  ソウルの南大門区にある病院を探して                      -> 
  accepted    !     1  Jung-gu, Seoul, South Korea のクリニック一覧   -> Jung-gu, Seoul, South Korea,
  accepted         12  Show Medical Facilities in Jung-gu,    -> Jung-gu, Seoul, South Korea,
  accepted         12  Medical Facilities Jung-gu Seoul Sou   -> Jung-gu, Seoul, South Korea,
  accepted         12  Where are the Medical Facilities in    -> Jung-gu, Seoul, South Korea,
  accepted         12  Map of Medical Facilities in Jung-gu   -> Jung-gu, Seoul, South Korea,

### Kowloon City District, Hong Kong, China / Medical Facilities
  seed concern finds 22; 8 utterances kept of 8 asked for
  invented_name       0  九龍城区の医療施設を教えて                          -> 
  invented_name       0  香港九龍城地区にある病院やクリニックはどこですか？              -> 
  invented_name       0  九龍城区の医療機関一覧を表示して                       -> 
  invented_name       0  香港の九龍城区で医療施設を検索して                      -> 
  accepted         22  Where are medical facilities in Kowl   -> Kowloon City District, Hong 
  accepted          6  Find medical clinics in Kowloon City   -> Kowloon City District, Hong 
  accepted          6  Can you show me hospitals in Kowloon   -> Kowloon City District, Hong 
  accepted         22  I need to find medical facilities in   -> Kowloon City District, Hong 

### Longhua District, Shenzhen, Guangdong Province, China / Medical Facilities
  seed concern finds 20; 8 utterances kept of 8 asked for
  accepted         14  深圳竜華区の医療機関はどこですか？                      -> Longhua, Shenzhen, Medical i
  wrong_area        0  Longhua Districtの病院を調べてください            -> Longhua District, Hospitals
  accepted          6  深圳市竜華区にあるクリニックの位置を教えて                  -> Longhua, Shenzhen, Clinics
  accepted         20  深圳竜華区の医療施設を探して                         -> Longhua, Shenzhen, Medical f
  accepted         14  Show me medical facilities in Longhu   -> Longhua District, Shenzhen, 
  accepted         14  Where are the hospitals in Longhua D   -> Longhua District, Shenzhen, 
  accepted          6  List clinics in Longhua District, Sh   -> Longhua District, Shenzhen, 
  accepted         14  I need to find medical facilities lo   -> Longhua District, Shenzhen, 

### Naka Ward, Yokohama, Kanagawa Prefecture, Japan / Medical Facilities
  seed concern finds 2; 8 utterances kept of 8 asked for
  wrong_area        0  横浜市中区にある医療施設を教えて                       -> Naka, Yokohama, Hospitals
  wrong_area        0  神奈川県横浜市南区ではなく中区の病院を探している               -> Naka, Yokohama, Kanagawa, Ho
  accepted         14  横浜市中区のクリニック一覧を出して                      -> Naka-ku, Yokohama, Clinics
  wrong_area        0  神奈川県横浜市中区で医療施設を探して                     -> Naka, Yokohama, Kanagawa, Ho
  accepted          2  Show me medical facilities in Naka W   -> Naka Ward, Yokohama, Kanagaw
  deep_gap          0  I need to find a doctor in Naka Ward   -> Naka Ward, Yokohama, Kanagaw
  accepted          2  Where are the clinics in Naka Ward,    -> Naka Ward, Yokohama, Kanagaw
  deep_gap          0  List hospitals located in Naka Ward,   -> Naka Ward, Yokohama, Kanagaw

### Sakura Ward, Saitama, Saitama Prefecture, Japan / Medical Facilities
  seed concern finds 5; 8 utterances kept of 8 asked for
  accepted          3  埼玉県の桜区にある医療機関を探して                      -> Sakura, Saitama, Medical ins
  accepted          3  さいたま市桜区の病院とクリニック一覧                     -> Sakura-ku, Saitama, Hospital
  accepted          3  Sakura Ward, Saitamaの医療施設              -> Sakura, Saitama, Hospitals
  wrong_area        0  桜区の医療機関を地図に表示して                        -> Sakura, Chiba, Hospitals
  accepted          5  Where are the medical facilities in    -> Sakura Ward, Saitama, Saitam
  accepted          5  Can you show me all medical faciliti   -> Sakura Ward, Saitama, Saitam
  accepted          5  I need a list of medical facilities    -> Sakura Ward, Saitama, Saitam
  accepted          5  Find medical facilities in Sakura Wa   -> Sakura Ward, Saitama, Saitam

### Seongdong-gu, Seoul, South Korea / Medical Facilities
  seed concern finds 10; 8 utterances kept of 8 asked for
  accepted          6  ソウル市城東区の医療施設を教えて                       -> Seongdong-gu, Seoul, Hospita
  invented_name       0  センドンクで病院を探しているのだけど、どこにある？              -> 
  accepted        533  Seongdong-guのクリニック一覧表示して               -> Seongdong-gu, Seoul, Clinics
  wrong_area        0  城東区にある医療機関はどこですか？                      -> Joto, Osaka, Hospitals
  accepted          6  I need to find medical facilities in   -> Seongdong-gu, Seoul, South K
  accepted          6  Show me hospitals in Seongdong-gu, S   -> Seongdong-gu, Seoul, South K
  accepted          4  Where are the clinics located in Seo   -> Seongdong-gu, Seoul, South K
  accepted          6  List all medical facilities in Seong   -> Seongdong-gu, Seoul, South K

### Tai Po District, Hong Kong, China / Medical Facilities
  seed concern finds 17; 8 utterances kept of 8 asked for
  invented_name       0  大埔区の医療施設を教えて                           -> 
  invented_name       0  香港大埔区にある病院とクリニックの一覧を出して                -> 
  invented_name       0  大埔区の医療機関を調べて                           -> 
  invented_name       0  大埔区 医療施設                               -> 
  accepted         17  List medical facilities in Tai Po Di   -> Tai Po District, Hong Kong, 
  accepted          4  Where are the hospitals and clinics    -> Tai Po District, Hong Kong, 
  accepted         17  Show me all medical facilities in Ta   -> Tai Po District, Hong Kong, 
  accepted         17  Find medical facilities in Tai Po Di   -> Tai Po District, Hong Kong, 

### Wan Chai District, Hong Kong, China / Medical Facilities
  seed concern finds 21; 8 utterances kept of 8 asked for
  invented_name       0  香港の湾仔区の医療機関を教えてください                    -> 
  invented_name       0  湾仔区内の病院やクリニックを探しています                   -> 
  invented_name       0  香港湾仔区の医療施設リストを送って                      -> 
  invented_name       0  湾仔区の医療機関はどこにありますか？                     -> 
  accepted         21  Where are the medical facilities in    -> Wan Chai District, Hong Kong
  accepted         21  I need to find medical facilities lo   -> Wan Chai District, Hong Kong
  accepted         21  Can you show me medical facilities i   -> Wan Chai District, Hong Kong
  accepted         21  Medical facilities in Wan Chai Distr   -> Wan Chai District, Hong Kong

### Yeongdeungpo-gu, Seoul, South Korea / Medical Facilities
  seed concern finds 22; 8 utterances kept of 8 asked for
  accepted         20  ソウル特別市永登浦区の医療機関について教えて                 -> Yeongdeungpo-gu, Seoul, Hosp
  accepted         20  永登浦区に病院はある？                            -> Yeongdeungpo, Seoul, Hospita
  accepted         20  ソウル永登浦区の医療施設一覧                         -> Yeongdeungpo, Seoul, Hospita
  accepted        584  永登浦区のクリニックを探してる                        -> Yeongdeungpo, Seoul, Clinics
  accepted         22  Where are the medical facilities loc   -> Yeongdeungpo-gu, Seoul, Sout
  accepted         20  Show me hospitals in Yeongdeungpo-gu   -> Yeongdeungpo-gu, Seoul, Sout
  accepted         22  I need to find medical facilities in   -> Yeongdeungpo-gu, Seoul, Sout
  accepted         22  Please list all medical facilities w   -> Yeongdeungpo-gu, Seoul, Sout

### Bao'an District, Shenzhen, Guangdong Province, China / Memorials
  seed concern finds 32; 8 utterances kept of 8 asked for
  accepted    !     1  深圳市宝安区の記念碑を教えてください                     -> Bao'an, Shenzhen, Monuments
  deep_gap          0  Bao'an Districtのモニュメントの場所              -> Bao'an District, Shenzhen, M
  accepted    !     2  Bao'an Districtにある追悼碑はどこですか            -> Bao'an District, Shenzhen, M
  deep_gap          0  Shenzhen Bao'an Districtの記念碑を探しています    -> Bao'an District, Shenzhen, M
  accepted         32  Find memorials in Bao'an District, S   -> Bao'an District, Shenzhen, G
  accepted         32  Where are the memorials located in B   -> Bao'an District, Shenzhen, G
  accepted         32  Show me memorials in Bao'an District   -> Bao'an District, Shenzhen, G
  accepted         32  List of memorials in Bao'an District   -> Bao'an District, Shenzhen, G

### Fukushima Ward, Osaka, Osaka Prefecture, Japan / Memorials
  seed concern finds 730; 8 utterances kept of 8 asked for
  wrong_area        0  福島区の記念碑を教えて                            -> Fukushima, Tokyo, Monuments
  deep_gap          0  大阪府福島区のメモリアル施設を探して                     -> Fukushima, Osaka, Memorial f
  deep_gap          0  福島区にある記念碑はどこですか？                       -> Fukushima, Osaka, Monuments
  accepted    !    26  大阪 福島区 メモリアル 検索                        -> Fukushima, Osaka, Memorial
  accepted        730  Find memorials in Fukushima Ward, Os   -> Fukushima Ward, Osaka, Osaka
  accepted        730  Where are the memorials in Fukushima   -> Fukushima Ward, Osaka, Osaka
  accepted        730  memorials Fukushima Ward, Osaka, Osa   -> Fukushima Ward, Osaka, Osaka
  accepted    !    53  Please show me the location of memor   -> Fukushima Ward, Osaka, Memor

### Guangming District, Shenzhen, Guangdong Province, China / Memorials
  seed concern finds 2; 8 utterances kept of 8 asked for
  invented_name       0  広明区にある記念碑を教えて                          -> 
  invented_name       0  深セン広明区の戦没者慰霊碑の場所を知りたいです                -> 
  invented_name       0  広明区の慰霊碑マップを表示して                        -> 
  invented_name       0  広明区にあるモニュメントと慰霊碑の位置を確認したい              -> 
  accepted          2  Find memorials in Guangming District   -> Guangming District, Shenzhen
  accepted          2  Where are the memorials in Guangming   -> Guangming District, Shenzhen
  accepted          2  Show me memorials located in Guangmi   -> Guangming District, Shenzhen
  accepted          2  I am looking for memorials in Guangm   -> Guangming District, Shenzhen

### Iwatsuki Ward, Saitama, Saitama Prefecture, Japan / Memorials
  seed concern finds 5; 8 utterances kept of 8 asked for
  deep_gap          0  岩槻区の記念碑を教えて                            -> Iwatsuki, Saitama, Monuments
  deep_gap          0  埼玉県さいたま市岩槻区のモニュメントを探しています              -> Iwatsuki, Saitama, Monuments
  accepted          6  岩槻区内にある慰霊碑の位置を確認したいです                  -> Iwatsuki, Saitama, Memorial 
  deep_gap          0  岩槻区の記念碑がある場所をマップで表示して                  -> Iwatsuki, Saitama, Monuments
  accepted          5  Show me memorials in Iwatsuki Ward,    -> Iwatsuki Ward, Saitama, Sait
  accepted          5  Where are the memorials located in I   -> Iwatsuki Ward, Saitama, Sait
  accepted          5  I need to find memorials in Iwatsuki   -> Iwatsuki Ward, Saitama, Sait
  accepted          5  Please list all memorials in Iwatsuk   -> Iwatsuki Ward, Saitama, Sait

### Kanagawa Ward, Yokohama, Kanagawa Prefecture, Japan / Memorials
  seed concern finds 5; 8 utterances kept of 8 asked for
  wrong_area        0  神奈川県横浜市神奈川区内の記念碑を教えて                   -> Kanagawa-ku, Yokohama, Kanag
  deep_gap          0  神奈川区内にあるモニュムを調べて                       -> Kanagawa-ku, Yokohama, Monum
  accepted         38  横浜市神奈川区内の追悼碑の場所を                       -> Kanagawa-ku, Yokohama, Memor
  deep_gap          0  神奈川区内にある記念碑を探して                        -> Kanagawa-ku, Yokohama, Monum
  accepted          5  Find memorials in Kanagawa Ward, Yok   -> Kanagawa Ward, Yokohama, Kan
  wrong_area        0  Where are the memorials in Kanagawa    -> Kanagawa Ward, Yokohama, Kan
  wrong_area        0  Show me memorials in Kanagawa Ward,    -> Kanagawa Ward, Yokohama, Kan
  accepted          5  Memorials in Kanagawa Ward, Yokohama   -> Kanagawa Ward, Yokohama, Kan

### Mapo-gu, Seoul, South Korea / Memorials
  seed concern finds 3; 8 utterances kept of 8 asked for
  accepted          2  Mapo-gu, Seoul, South Koreaの記念碑を教えて    -> Mapo-gu, Seoul, South Korea,
  accepted          3  Mapo-gu, Seoul, South Koreaにあるメモリアル一   -> Mapo-gu, Seoul, South Korea,
  accepted          3  ソウル北漢区のMapo-gu, Seoul, South Koreaにお   -> Mapo-gu, Seoul, South Korea,
  accepted          3  Mapo-gu, Seoul, South Koreaのメモリアルについ   -> Mapo-gu, Seoul, South Korea,
  no_area_line       0  Mapo-gu, Seoul, South Korea            -> 
  accepted          3  Find memorials in Mapo-gu, Seoul, So   -> Mapo-gu, Seoul, South Korea,
  accepted          3  Show me memorials located in Mapo-gu   -> Mapo-gu, Seoul, South Korea,
  accepted          3  Where are the memorials in Mapo-gu,    -> Mapo-gu, Seoul, South Korea,

### Pristina, Municipality of Pristina, District of Pristina, Kosovo / Memorials
  seed concern finds 34; 8 utterances kept of 8 asked for
  accepted         29  プリシュティナにある記念碑を教えて                      -> Pristina, Monuments
  accepted         29  プリシュティナ 記念碑                            -> Pristina, Monuments
  accepted         29  プリシュティナの記念碑を探してるの                      -> Pristina, Monuments
  accepted         29  プリシュティナに記念碑ある？                         -> Pristina, Monuments
  accepted         34  Where can I find memorials in Pristi   -> Pristina, Municipality of Pr
  accepted         34  Show me all the memorials located in   -> Pristina, Municipality of Pr
  wrong_area        0  I am looking for memorials in Pristi   -> Municipality of Pristina, Di
  wrong_area        0  Can you list the memorials in Pristi   -> Municipality of Pristina, Di

### Seongdong-gu, Seoul, South Korea / Memorials
  seed concern finds 1; 8 utterances kept of 8 asked for
  accepted          1  Seongdong-gu, Seoul, South Korea のメモ   -> Seongdong-gu, Seoul, South K
  no_area_line       0  ソウル城東区の慰霊碑リスト                          -> 
  accepted          1  Seongdong-gu, Seoul, South Korea 内の慰   -> Seongdong-gu, Seoul, South K
  invented_name       0  城南区の記念碑一覧                              -> 
  accepted          1  Show me memorials in Seongdong-gu, S   -> Seongdong-gu, Seoul, South K
  accepted          1  I am looking for memorials located i   -> Seongdong-gu, Seoul, South K
  accepted          1  List all memorials in Seongdong-gu,    -> Seongdong-gu, Seoul, South K
  accepted          1  Please find memorials in Seongdong-g   -> Seongdong-gu, Seoul, South K

### Tsuzuki Ward, Yokohama, Kanagawa Prefecture, Japan / Memorials
  seed concern finds 1; 8 utterances kept of 8 asked for
  deep_gap          0  Tsuzuki Ward, Yokohama, Kanagawa Pre   -> Tsuzuki, Yokohama, Kanagawa 
  invented_name       0  横浜市ツヅキ区のメモリアル施設一覧                      -> 
  invented_name       0  茨木区の戦没者慰霊碑はどこにありますか                    -> 
  deep_gap          0  Tsuzuki Ward, Yokohama, Kanagawa Pre   -> Tsuzuki, Yokohama, Kanagawa 
  accepted          1  Show me all memorials in Tsuzuki War   -> Tsuzuki Ward, Yokohama, Kana
  accepted          1  Where are the memorials located with   -> Tsuzuki, Yokohama, Kanagawa 
  accepted          1  I need to find memorials in Tsuzuki    -> Tsuzuki Ward, Yokohama, Kana
  accepted          1  List any memorials in Tsuzuki Ward,    -> Tsuzuki Ward, Yokohama, Kana

### Aoba Ward, Yokohama, Kanagawa Prefecture, Japan / Mexican restaurants
  seed concern finds 0; 8 utterances kept of 8 asked for
  wrong_area        0  青葉区のメキシカンレストランを教えて                     -> Aoba, Sendai, Mexican restau
  wrong_area        0  神奈川県横浜市青葉区でメキシカン料理が食べられる店を探している        -> Aoba, Yokohama, Kanagawa, Me
  zero_results       0  Aoba Ward, Yokohama, Kanagawa Prefec   -> Aoba Ward, Yokohama, Kanagaw
  wrong_area        0  青葉区にあるメキシカンレストランはどこですか？                -> Aoba, Sendai, Mexican restau
  wrong_area        0  Where can I find Mexican restaurants   -> Aoba Ward, Yokohama, Kanagaw
  wrong_area        0  I'm looking for Mexican restaurants    -> Aoba Ward, Yokohama, Kanagaw
  wrong_area        0  Show me a list of Mexican restaurant   -> Aoba Ward, Yokohama, Kanagaw
  wrong_area        0  Can you help me locate Mexican resta   -> Aoba Ward, Yokohama, Kanagaw

### Fushimi Ward, Kyoto, Kyoto Prefecture, Japan / Mexican restaurants
  seed concern finds 6; 8 utterances kept of 8 asked for
  deep_gap          0  京都市伏見区のメキシカンレストランを探して                  -> Fushimi, Kyoto, Mexican rest
  deep_gap          0  伏見区にあるメキシカン料理のお店はどこ？                   -> Fushimi, Kyoto, Mexican rest
  deep_gap          0  伏見区で美味しいメキシカンランチが食べられる場所を教えて           -> Fushimi, Kyoto, Mexican rest
  deep_gap          0  京都市伏見区内のメキシカンレストラン一覧を表示して              -> Fushimi, Kyoto, Mexican rest
  accepted          6  Find Mexican restaurants in Fushimi    -> Fushimi Ward, Kyoto, Kyoto P
  accepted          6  Where are Mexican restaurants locate   -> Fushimi Ward, Kyoto, Kyoto P
  accepted          6  Show Mexican restaurants in Fushimi    -> Fushimi Ward, Kyoto, Kyoto P
  accepted          6  I want to see Mexican restaurants in   -> Fushimi Ward, Kyoto, Kyoto P

### Gangseo-gu, Seoul, South Korea / Mexican restaurants
  seed concern finds 11; 8 utterances kept of 8 asked for
  wrong_area        0  ソウルの江西区のメキシカンレストランを教えて                 -> Gwangmyeong, Seoul, Mexican 
  wrong_area        0  韓国・ソウル江西区のメキシコ料理店を探して                  -> Gwanghwamun, Seoul, Mexican 
  accepted         11  Gangseo-gu, Seoul, South Koreaのメキシカン   -> Gangseo-gu, Seoul, South Kor
  wrong_area        0  ソウル江西区で美味しいメキシカンレストランはどこ？              -> Gwangmyeong, Seoul, Mexican 
  accepted         11  Show me Mexican restaurants in Gangs   -> Gangseo-gu, Seoul, South Kor
  accepted         11  Where can I eat Mexican food in Gang   -> Gangseo-gu, Seoul, South Kor
  accepted         11  Find Mexican restaurants in Gangseo-   -> Gangseo-gu, Seoul, South Kor
  accepted         11  I'm looking for Mexican restaurants    -> Gangseo-gu, Seoul, South Kor

### Jongno-gu, Seoul, South Korea / Mexican restaurants
  seed concern finds 2; 8 utterances kept of 8 asked for
  accepted          2  ソウルの鍾路区にあるメキシコ料理店を教えて                  -> Jongno, Seoul, Mexican resta
  accepted          2  Jongno-gu, Seoul, South Koreaのメキシコ料理   -> Jongno-gu, Seoul, South Kore
  accepted          2  鍾路区にメキシコ料理屋さんある？                       -> Jongno, Seoul, Mexican resta
  accepted          2  Jongno-gu, Seoul, South Korea でメキシコ料   -> Jongno-gu, Seoul, Mexican re
  accepted          2  Find Mexican restaurants in Jongno-g   -> Jongno-gu, Seoul, South Kore
  accepted          2  Where are Mexican restaurants locate   -> Jongno-gu, Seoul, South Kore
  accepted          2  Show me Mexican restaurants in Jongn   -> Jongno-gu, Seoul, South Kore
  accepted          2  List all Mexican restaurants in Jong   -> Jongno-gu, Seoul, South Kore

### Mapo-gu, Seoul, South Korea / Mexican restaurants
  seed concern finds 9; 8 utterances kept of 8 asked for
  accepted          8  首尔麻浦区有哪些墨西哥餐厅？                         -> Mapo, Seoul, Mexican restaur
  accepted          9  麻浦区墨西哥料理推荐                             -> Mapo-gu, Seoul, Mexican rest
  accepted          8  找一下麻浦区的墨西哥餐馆                           -> Mapo, Seoul, Mexican restaur
  accepted          9  首尔麻浦区墨西哥餐厅列表                           -> Mapo-gu, Seoul, Mexican rest
  accepted          9  Show Mexican restaurants in Mapo-gu,   -> Mapo-gu, Seoul, South Korea,
  accepted          9  I'm looking for Mexican food places    -> Mapo-gu, Seoul, South Korea,
  accepted          9  Find Mexican restaurants near Mapo-g   -> Mapo-gu, Seoul, South Korea,
  accepted          9  Where can I eat Mexican in Mapo-gu,    -> Mapo-gu, Seoul, South Korea,

### Nowon-gu, Seoul, South Korea / Mexican restaurants
  seed concern finds 3; 8 utterances kept of 8 asked for
  invented_name       0  セウルの北大門区にあるメキシコ料理店を教えて                 -> 
  accepted          3  Seoul Nowon-gu Mexican restaurants     -> Nowon-gu, Seoul, Mexican res
  invented_name       0  ソウル特別市北大門区のメキシカンレストランはどこですか？           -> 
  invented_name       0  北大門区  멕시칸 레스토랑                         -> 
  accepted          3  Where can I find Mexican restaurants   -> Nowon-gu, Seoul, South Korea
  accepted          3  Show me Mexican restaurants in Nowon   -> Nowon-gu, Seoul, South Korea
  accepted          3  List of Mexican restaurants in Nowon   -> Nowon-gu, Seoul, South Korea
  accepted          3  I need a list of Mexican restaurants   -> Nowon-gu, Seoul, South Korea

### Seongbuk-gu, Seoul, South Korea / Mexican restaurants
  seed concern finds 4; 8 utterances kept of 8 asked for
  accepted          4  Seongbuk-guのメキシカンレストランを教えて             -> Seongbuk-gu, Seoul, Mexican 
  accepted          4  Seongbuk-gu, Seoul, South KoreaにあるMe   -> Seongbuk-gu, Seoul, South Ko
  accepted          4  Seongbuk-guのメキシコ料理店を地図で探したい            -> Seongbuk-gu, Seoul, Mexican 
  accepted          4  Seongbuk-guにMexican restaurantsありますか   -> Seongbuk-gu, Seoul, Mexican 
  accepted          4  Show me Mexican restaurants in Seong   -> Seongbuk-gu, Seoul, South Ko
  accepted          4  I need to find Mexican restaurants i   -> Seongbuk-gu, Seoul, South Ko
  accepted          4  List Mexican restaurants Seongbuk-gu   -> Seongbuk-gu, Seoul, South Ko
  accepted          4  Where are the Mexican restaurants lo   -> Seongbuk-gu, Seoul, South Ko

### Yeongdeungpo-gu, Seoul, South Korea / Mexican restaurants
  seed concern finds 6; 8 utterances kept of 8 asked for
  accepted          6  永登浦区のメキシカンレストランを教えて                    -> Yeongdeungpo, Seoul, Mexican
  accepted          6  ソウル永登浦区にあるメキシコ料理店をマップに表示して             -> Yeongdeungpo, Seoul, Mexican
  accepted          6  永登浦区で美味しいメキシカンレストランを探している              -> Yeongdeungpo, Seoul, Mexican
  accepted          6  ソウルの永登浦区エリアのメキシコ料理店一覧を出して              -> Yeongdeungpo, Seoul, Mexican
  accepted          6  Show me Mexican restaurants in Yeong   -> Yeongdeungpo-gu, Seoul, Sout
  accepted          6  I need a list of places to eat Mexic   -> Yeongdeungpo-gu, Seoul, Sout
  accepted          6  Where can I find Mexican restaurants   -> Yeongdeungpo-gu, Seoul, Sout
  accepted          6  Please map out Mexican restaurants l   -> Yeongdeungpo-gu, Seoul, Sout

### Dongjak-gu, Seoul, South Korea / Monuments
  seed concern finds 2; 8 utterances kept of 8 asked for
  accepted          2  서울 동작구에ある記念碑を教えて                       -> Dongjak-gu, Seoul, Monuments
  accepted          2  동작구의モニュメント一覧を表示して                      -> Dongjak, Seoul, Monuments
  deep_gap          0  Seoul, South KoreaのDongjak-guにある碑を探し   -> Dongjak-gu, Seoul, South Kor
  accepted          2  동작구 記念碑                                -> Dongjak-gu, Seoul, Monuments
  accepted          2  Show me all monuments in Dongjak-gu,   -> Dongjak-gu, Seoul, South Kor
  accepted          2  I need a list of monuments located i   -> Dongjak-gu, Seoul, South Kor
  accepted          2  Where are the monuments in Dongjak-g   -> Dongjak-gu, Seoul, South Kor
  accepted          2  Please find monuments in Dongjak-gu,   -> Dongjak-gu, Seoul, South Kor

### Gangbuk-gu, Seoul, South Korea / Monuments
  seed concern finds 2; 8 utterances kept of 8 asked for
  accepted          2  Gangbuk-gu, Seoul, South Korea の記念碑を   -> Gangbuk-gu, Seoul, South Kor
  accepted          2  Gangbuk-gu, Seoul, South Korea 内のモニュ   -> Gangbuk-gu, Seoul, South Kor
  accepted          2  Gangbuk-gu, Seoul, South Korea の記念碑一   -> Gangbuk-gu, Seoul, South Kor
  accepted          2  Gangbuk-gu, Seoul, South Korea にあるモニ   -> Gangbuk-gu, Seoul, South Kor
  accepted          2  I want to see all the monuments in G   -> Gangbuk-gu, Seoul, South Kor
  no_area_line       0  Show me Gangbuk-gu, Seoul, South Kor   -> 
  accepted          2  Where are the monuments in Gangbuk-g   -> Gangbuk-gu, Seoul, South Kor
  no_area_line       0  Please map out Gangbuk-gu, Seoul, So   -> 

### Gwanak-gu, Seoul, South Korea / Monuments
  seed concern finds 2; 8 utterances kept of 8 asked for
  accepted          2  서울 관악구에 있는 기념비를 찾아줘                    -> Gwanak-gu, Seoul, Monuments
  deep_gap          0  관악구 기념물 위치 알려줘                         -> Gwanak District, Seoul, Monu
  accepted          2  Gwanak-gu, Seoul, South Koreaのmonume   -> Gwanak-gu, Seoul, South Kore
  accepted          2  Show me the monuments in Gwanak-gu,    -> Gwanak-gu, Seoul, South Kore
  accepted          2  Where are the monuments in Gwanak-gu   -> Gwanak-gu, Seoul, South Kore
  accepted          2  Show me monuments in Gwanak-gu, Seou   -> Gwanak-gu, Seoul, South Kore
  accepted          2  Can you find monuments in Gwanak-gu,   -> Gwanak-gu, Seoul, South Kore
  accepted          2  I'd like to see the monuments in Gwa   -> Gwanak-gu, Seoul, South Kore

### Jung-gu, Seoul, South Korea / Monuments
  seed concern finds 20; 8 utterances kept of 8 asked for
  accepted         20  ソウルのJung-guにある記念碑を教えて                  -> Jung-gu, Seoul, Monuments
  accepted         20  Jung-gu, Seoul, South Koreaのモニュメント一覧   -> Jung-gu, Seoul, South Korea,
  accepted         20  Jung-gu, Seoul, South Koreaにあるモニュメント   -> Jung-gu, Seoul, Monuments
  accepted         20  Jung-gu, Seoul, South Koreaの記念碑        -> Jung-gu, Seoul, South Korea,
  wrong_area        0  Monuments in Jung-gu                   -> Jung-gu, Monuments
  accepted         20  Show me the monuments located in Jun   -> Jung-gu, Seoul, South Korea,
  deep_gap          0  I am looking for historical monument   -> Jung-gu, Seoul, Historical m
  wrong_area        0  List all monuments in Jung-gu          -> Jung-gu, monuments

### Mapo-gu, Seoul, South Korea / Monuments
  seed concern finds 2; 8 utterances kept of 8 asked for
  accepted          2  Mapo-gu, Seoul, South Koreaの記念碑を教えて    -> Mapo-gu, Seoul, South Korea,
  accepted          2  南朝鮮ソウル市麻浦区のモニュメント一覧                    -> Mapo, Seoul, Monuments
  accepted          2  Mapo-gu, Seoul, South Koreaにある Monum   -> Mapo-gu, Seoul, South Korea,
  accepted          2  麻浦区の記念碑スポット探して                         -> Mapo-gu, Seoul, Monuments
  accepted          2  Monuments in Mapo-gu, Seoul, South K   -> Mapo-gu, Seoul, South Korea,
  accepted          2  Show me the monuments located in Map   -> Mapo-gu, Seoul, South Korea,
  accepted          2  Where are the monuments in Mapo-gu,    -> Mapo-gu, Seoul, South Korea,
  accepted          2  I want to see monuments in Mapo-gu,    -> Mapo-gu, Seoul, South Korea,

### Seodaemun-gu, Seoul, South Korea / Monuments
  seed concern finds 4; 8 utterances kept of 8 asked for
  accepted          4  Seodaemun-gu, Seoul, South Korea の記念   -> Seodaemun-gu, Seoul, South K
  no_area_line       0  ソウル特別市西大門区のモニュメント一覧を出して                -> 
  accepted          4  西大門区にあるモニュメントはどこですか                    -> Seodaemun, Seoul, Monuments
  accepted          4  Seodaemun-gu, Seoul, South Koreaの記念碑   -> Seodaemun-gu, Seoul, South K
  accepted          4  Find all the monuments in Seodaemun-   -> Seodaemun-gu, Seoul, South K
  accepted          4  Show me Seodaemun-gu, Seoul, South K   -> Seodaemun-gu, Seoul, South K
  accepted          4  Where are the monuments located in S   -> Seodaemun-gu, Seoul, South K
  accepted          4  Can you list the monuments in Seodae   -> Seodaemun-gu, Seoul, South K

### Tai Po District, Hong Kong, China / Monuments
  seed concern finds 14; 8 utterances kept of 8 asked for
  accepted         14  Tai Po District, Hong Kong, Chinaの記念   -> Tai Po District, Hong Kong, 
  accepted         14  Tai Po District, Hong Kong, Chinaにある   -> Tai Po District, Hong Kong, 
  accepted         14  Tai Po District, Hong Kong, Chinaのモニ   -> Tai Po District, Hong Kong, 
  wrong_area        0  Tai Po District, Hong Kong, Chinaに立つ   -> Tai Po, Hong Kong, Monuments
  accepted         14  Where are the monuments in Tai Po Di   -> Tai Po District, Hong Kong, 
  accepted         14  Show me all the monuments located in   -> Tai Po District, Hong Kong, 
  accepted         14  I'm looking for monuments in Tai Po    -> Tai Po District, Hong Kong, 
  accepted         14  Find monuments in Tai Po District, H   -> Tai Po District, Hong Kong, 

### Yongsan-gu, Seoul, South Korea / Monuments
  seed concern finds 5; 7 utterances kept of 8 asked for
  accepted          5  Yongsan-gu, Seoul, South Koreaにある記念碑   -> Yongsan-gu, Seoul, South Kor
  no_area_line       0  ソウル龍山区の観光名所として知られるモニュメントを検索して          -> 
  accepted          5  Yongsan-gu, Seoul, South Koreaのモニュメン   -> Yongsan-gu, Seoul, South Kor
  accepted          5  Show me all the monuments in Yongsan   -> Yongsan-gu, Seoul, South Kor
  accepted          5  Where are the monuments located in Y   -> Yongsan-gu, Seoul, South Kor
  accepted          5  List the monuments in Yongsan-gu, Se   -> Yongsan-gu, Seoul, South Kor
  accepted          5  Find monuments in Yongsan-gu, Seoul,   -> Yongsan-gu, Seoul, South Kor

### Shibuya, Tokyo, Japan / Mosques
  seed concern finds 1; 8 utterances kept of 8 asked for
  accepted         33  渋谷のモスクを教えて                             -> Shibuya, Tokyo, Mosques
  accepted         33  東京都渋谷区のモスクの場所を教えてください                  -> Shibuya, Tokyo, Mosques
  accepted         33  渋谷にあるモスクはどこ？                           -> Shibuya, Tokyo, Mosques
  accepted         33  渋谷区 モスク 検索                             -> Shibuya, Tokyo, Mosques
  accepted          1  Show me all mosques in Shibuya, Toky   -> Shibuya, Tokyo, Japan, Mosqu
  accepted         33  Where are the mosques in Shibuya Tok   -> Shibuya, Tokyo, Mosques
  accepted         33  I need a list of mosques located in    -> Shibuya, Tokyo, Mosques
  accepted         33  Find mosques in Shibuya Tokyo Japan    -> Shibuya, Tokyo, Mosques

### Chikusa Ward, Nagoya, Aichi Prefecture, Japan / Motels
  seed concern finds 1; 8 utterances kept of 8 asked for
  invented_name       0  名古屋市のちくさ区でモーテルを探しています。                 -> 
  invented_name       0  愛知県名古屋市ちくさ区のモーテルについて教えて。               -> 
  invented_name       0  ちくさ区 名古屋 愛知県 モーテル                      -> 
  invented_name       0  名古屋市ちくさ区にモーテルはありませんか？                  -> 
  accepted          1  Show me motels in Chikusa Ward, Nago   -> Chikusa Ward, Nagoya, Aichi 
  accepted          1  Where are the motels located in Chik   -> Chikusa Ward, Nagoya, Aichi 
  accepted          1  I am looking for motels in Chikusa W   -> Chikusa Ward, Nagoya, Aichi 
  accepted          1  List motels in Chikusa Ward, Nagoya,   -> Chikusa Ward, Nagoya, Aichi 

### Eunpyeong-gu, Seoul, South Korea / Motels
  seed concern finds 20; 8 utterances kept of 8 asked for
  accepted         20  Eunpyeong-gu, Seoul, South Koreaにあるモ   -> Eunpyeong-gu, Seoul, South K
  accepted         20  Seoul Eunpyeong-guのモーテルを検索して           -> Eunpyeong-gu, Seoul, Motels
  accepted         20  Eunpyeong-gu, Seoul, South Koreaにモーテ   -> Eunpyeong-gu, Seoul, South K
  accepted         20  Eunpyeong-gu, Seoul, South Koreaのモーテ   -> Eunpyeong-gu, Seoul, South K
  accepted         20  Show me motels in Eunpyeong-gu, Seou   -> Eunpyeong-gu, Seoul, South K
  accepted         20  Where are the motels located in Eunp   -> Eunpyeong-gu, Seoul, South K
  accepted         20  Find motels in Eunpyeong-gu, Seoul,    -> Eunpyeong-gu, Seoul, South K
  accepted         20  I need to find motels in Eunpyeong-g   -> Eunpyeong-gu, Seoul, South K

### Gangseo-gu, Seoul, South Korea / Motels
  seed concern finds 50; 8 utterances kept of 8 asked for
  invented_name       0  ソウル広津区のモーテルを教えて                        -> 
  accepted         50  gangseo-guのモーテルを調べて                    -> Gangseo-gu, Motels
  accepted         50  gangseo-gu ソウル モーテル 検索                 -> Gangseo-gu, Seoul, Motels
  accepted         50  gangseo-gu地区のモーテルについて知りたい              -> Gangseo-gu, Motels
  accepted         50  Where are the motels in Gangseo-gu,    -> Gangseo-gu, Seoul, South Kor
  accepted         50  Show me motels near Gangseo-gu, Seou   -> Gangseo-gu, Seoul, South Kor
  accepted         50  I need to find motels in Gangseo-gu,   -> Gangseo-gu, Seoul, South Kor
  accepted         50  Gangseo-gu, Seoul, South Korea motel   -> Gangseo-gu, Seoul, South Kor

### Gwangjin-gu, Seoul, South Korea / Motels
  seed concern finds 20; 8 utterances kept of 8 asked for
  accepted         20  Gwangjin-gu, Seoul, South Korea のモーテ   -> Gwangjin-gu, Seoul, South Ko
  accepted         20  ソウル広津区のモーテル一覧                          -> Gwangjin, Seoul, Motels
  wrong_area        0  広津区 モーテル 検索                            -> Jongno, Seoul, Motels
  accepted         20  ソウルのGwangjin-guにあるモーテルはどこですか？          -> Gwangjin-gu, Seoul, Motels
  accepted         20  Find motels in Gwangjin-gu, Seoul, S   -> Gwangjin-gu, Seoul, South Ko
  accepted         20  Where are the motels located in Gwan   -> Gwangjin-gu, Seoul, South Ko
  accepted         20  I need to know about motels in Gwang   -> Gwangjin-gu, Seoul, South Ko
  accepted         20  Search for motels in Gwangjin-gu, Se   -> Gwangjin-gu, Seoul, South Ko

### Mapo-gu, Seoul, South Korea / Motels
  seed concern finds 11; 8 utterances kept of 8 asked for
  accepted         11  ソウルの麻浦区にあるモーテルを教えて                     -> Mapo, Seoul, Motels
  accepted         11  麻浦区, Seoul, South Korea のモーテルを検索       -> Mapo, Seoul, South Korea, Mo
  accepted         11  麻浦区, Seoul, South Korea でモーテルを探して      -> Mapo, Seoul, Motels
  accepted         11  麻浦区, Seoul, South Korea 内のモーテル一覧       -> Mapo, Seoul, South Korea, Mo
  accepted         11  Find motels in Mapo-gu, Seoul, South   -> Mapo-gu, Seoul, South Korea,
  accepted         11  I am looking for motels in Mapo-gu,    -> Mapo-gu, Seoul, South Korea,
  accepted         11  Show me motels located in Mapo-gu, S   -> Mapo-gu, Seoul, South Korea,
  accepted         11  Where are the motels in Mapo-gu, Seo   -> Mapo-gu, Seoul, South Korea,

### Seodaemun-gu, Seoul, South Korea / Motels
  seed concern finds 20; 8 utterances kept of 8 asked for
  accepted         20  Seodaemun-gu, Seoul, South Koreaにあるモ   -> Seodaemun-gu, Seoul, South K
  accepted         20  ソウルの西大門区 (Seodaemun-gu) でモーテルを探してる     -> Seodaemun-gu, Seoul, Motels
  accepted         20  Seodaemun-guのモーテル一覧を出して                -> Seodaemun-gu, Seoul, Motels
  accepted         20  西大門区Seodaemun-guにモーテルありますか             -> Seodaemun-gu, Seoul, Motels
  accepted         20  Show me motels in Seodaemun-gu, Seou   -> Seodaemun-gu, Seoul, South K
  accepted         20  I need to find motels in Seodaemun-g   -> Seodaemun-gu, Seoul, South K
  accepted         20  Can you list the motels in Seodaemun   -> Seodaemun-gu, Seoul, South K
  accepted         20  Where are the motels in Seodaemun-gu   -> Seodaemun-gu, Seoul, South K

### Yangcheon-gu, Seoul, South Korea / Motels
  seed concern finds 2; 8 utterances kept of 8 asked for
  invented_name       0  Seoulの杨cheon区にモーテルを教えてください。            -> 
  invented_name       0  ソウル杨cheon区のモーテル一覧を出して。                 -> 
  invented_name       0  杨cheon区にあるモーテルってどこ？                    -> 
  invented_name       0  杨cheon区 モーテル                           -> 
  accepted          2  I am looking for motels in Yangcheon   -> Yangcheon-gu, Seoul, South K
  accepted          2  Where can I find motels in Yangcheon   -> Yangcheon-gu, Seoul, South K
  accepted          2  Please show me motels in Yangcheon-g   -> Yangcheon-gu, Seoul, South K
  accepted          2  Find motels in Yangcheon-gu, Seoul,    -> Yangcheon-gu, Seoul, South K

### Adachi, Tokyo, Japan / Museums
  seed concern finds 4; 8 utterances kept of 8 asked for
  accepted          4  足立区にある博物館を教えて                          -> Adachi, Tokyo, Museums
  accepted          4  TokyoのAdachiのミュージアムを検索して               -> Adachi, Tokyo, Museums
  accepted          4  Adachi, Tokyo, Japanの博物館一覧             -> Adachi, Tokyo, Museums
  accepted          4  Adachi, Tokyo, JapanにあるMuseumsを探して     -> Adachi, Tokyo, Museums
  accepted          4  Museums in Adachi, Tokyo, Japan        -> Adachi, Tokyo, Museums
  accepted          4  Where can I find museums in Adachi?    -> Adachi, museums
  accepted          4  Show me the museums in Adachi, Tokyo   -> Adachi, Tokyo, Japan, Museum
  accepted          4  List of museums located in Adachi, T   -> Adachi, Tokyo, Museums

### Amsterdam, North Holland, Netherlands / Museums
  seed concern finds 82; 8 utterances kept of 8 asked for
  accepted         82  アムステルダム、ノールホラント州、オランダのミュージアムを教えて       -> Amsterdam, North Holland, Ne
  accepted        168  アムステルダム 博物館                            -> Amsterdam, Museums
  deep_gap          0  アムステルダムの美術館はどこですか？                     -> Amsterdam, Art museums
  no_area_line       0  アムステルダム、ノールホラント州、オランダにある博物館一覧          -> 
  accepted         82  Find all the museums in Amsterdam, N   -> Amsterdam, North Holland, Ne
  accepted         82  Where can I see museums in Amsterdam   -> Amsterdam, North Holland, Ne
  accepted         82  Show me museums located in Amsterdam   -> Amsterdam, North Holland, Ne
  accepted         82  I am looking for museums in Amsterda   -> Amsterdam, North Holland, Ne

### Auckland, New Zealand / Museums
  seed concern finds 28; 8 utterances kept of 8 asked for
  accepted         28  ニュージーランドのオークランドにある博物館を教えてください          -> Auckland, New Zealand, Museu
  accepted         28  Auckland, New Zealandの博物館を探しています       -> Auckland, New Zealand, Museu
  accepted         28  オークランド、ニュージーランドにある Museums はどこですか      -> Auckland, New Zealand, Museu
  accepted         28  Auckland, New ZealandのMuseumsについて教えて   -> Auckland, New Zealand, Museu
  accepted         28  Where are the museums in Auckland, N   -> Auckland, New Zealand, museu
  accepted         28  I am looking for museums located in    -> Auckland, New Zealand, museu
  accepted         28  Can you show me museums in Auckland,   -> Auckland, New Zealand, museu
  accepted         28  Find museums in Auckland, New Zealan   -> Auckland, New Zealand, museu

### Budapest, Hungary / Museums
  seed concern finds 156; 8 utterances kept of 8 asked for
  accepted        156  HungaryのBudapestにある博物館を教えて             -> Budapest, Hungary, Museums
  accepted        156  Budapest (Hungary) の museums 検索        -> Budapest, Hungary, museums
  accepted        156  Budapest, Hungaryの博物館一覧                -> Budapest, Hungary, Museums
  accepted        156  ハンガリー・ブダペストの博物館を探して                    -> Budapest, Hungary, Museums
  accepted        156  Where are the museums in Budapest, H   -> Budapest, Hungary, museums
  accepted        156  Show me all the museums located in B   -> Budapest, Hungary, museums
  accepted        156  I want to find museums in Budapest,    -> Budapest, Hungary, museums
  accepted        156  List the museums in Budapest, Hungar   -> Budapest, Hungary, museums

### Cairo, Egypt / Museums
  seed concern finds 45; 8 utterances kept of 8 asked for
  deep_gap          0  エジプトのカイロの美術館はどこですか？                    -> Cairo, Egypt, Art museums
  accepted         45  Cairo, Egyptにある博物館を探しています              -> Cairo, Egypt, Museums
  accepted         45  エジプト・カイロのミュージアム教えて                     -> Cairo, Egypt, Museums
  deep_gap          0  Cairo, Egyptの美術館一覧                     -> Cairo, Egypt, Art museums
  accepted         45  Museums in Cairo, Egypt                -> Cairo, Egypt, Museums
  accepted         45  I need to find museums in Cairo, Egy   -> Cairo, Egypt, museums
  accepted         45  Please show me the museums located i   -> Cairo, Egypt, museums
  accepted         45  Where are the museums in Cairo, Egyp   -> Cairo, Egypt, museums

### Chofu, Tokyo, Japan / Museums
  seed concern finds 5; 8 utterances kept of 8 asked for
  accepted          5  Chofu, Tokyo, Japanの博物館を探しています         -> Chofu, Tokyo, Museums
  deep_gap          0  Chofu, Tokyo, Japanにある美術館はどこ？          -> Chofu, Tokyo, Art museums
  accepted          5  Chofu, Tokyo, Japanの博物館一覧              -> Chofu, Tokyo, Museums
  accepted          5  Chofu, Tokyo, Japanの博物館について教えて         -> Chofu, Tokyo, Museums
  accepted          5  Show me museums in Chofu               -> Chofu, museums
  accepted          5  I need a list of museums located in    -> Chofu, Tokyo, Museums
  accepted          5  Where can I find museums in Chofu?     -> Chofu, Museums
  accepted          5  Please locate all museums in Chofu,    -> Chofu, Tokyo, Museums

### Chuo, Tokyo, Japan / Museums
  seed concern finds 31; 8 utterances kept of 8 asked for
  accepted         31  東京都中央区にある博物館を教えてください。                  -> Chūō, Tokyo, Museums
  accepted         31  中央区のミュージアム検索                           -> Chuo, Tokyo, Museums
  accepted         31  東京・中央区 博物館 一覧                          -> Chūō, Tokyo, Museums
  accepted         31  東京都中央区 Museums について                    -> Chūō, Tokyo, Museums
  invented_name       0  Show museums in Chuo, Tokyo, Japan     -> 
  invented_name       0  I need a list of museums located in    -> 
  invented_name       0  Could you please find museums in the   -> 
  invented_name       0  Where can I find museums in Chuo, To   -> 

### Daejeon, South Korea / Museums
  seed concern finds 28; 8 utterances kept of 8 asked for
  accepted         28  大田広域市の博物館を教えてください                      -> Daejeon Metropolitan City, M
  invented_name       0  大田 韓国 博物館 一覧                           -> 
  deep_gap          0  Daejeon, South Koreaの美術館               -> Daejeon, South Korea, Art mu
  invented_name       0  大田市内の博物館を探して                           -> 
  accepted         28  Show me museums in Daejeon, South Ko   -> Daejeon, South Korea, Museum
  accepted         28  I'm looking for museums in Daejeon,    -> Daejeon, South Korea, Museum
  accepted         28  Museums in Daejeon, South Korea?       -> Daejeon, South Korea, Museum
  accepted         28  Find all the museums located in Daej   -> Daejeon, South Korea, Museum

### Dongjak-gu, Seoul, South Korea / Museums
  seed concern finds 7; 5 utterances kept of 8 asked for
  invented_name       0  東大門歴史文化公園の近くで                          -> 
  accepted          7  Show me museums in Dongjak-gu, Seoul   -> Dongjak-gu, Seoul, South Kor
  accepted          7  I need a list of museums located in    -> Dongjak-gu, Seoul, South Kor
  accepted          7  Where are the museums in Dongjak-gu,   -> Dongjak-gu, Seoul, South Kor
  accepted          7  Find museums in Dongjak-gu, Seoul, S   -> Dongjak-gu, Seoul, South Kor

### Eunpyeong-gu, Seoul, South Korea / Museums
  seed concern finds 3; 8 utterances kept of 8 asked for
  accepted          3  서울특별시 은평구의 박물관을 찾아줘.                   -> Eunpyeong-gu, Seoul, Museums
  accepted          3  은평구 박물관の場所を教えて。                        -> Eunpyeong-gu, Seoul, Museums
  accepted          3  Seoul Eunpyeong-gu のミュージアムをマップに出して。    -> Eunpyeong-gu, Seoul, Museums
  accepted          3  서울 은평구 박물관 검색願います。                     -> Eunpyeong-gu, Seoul, Museums
  accepted          3  Museums in Eunpyeong-gu, Seoul, Sout   -> Eunpyeong-gu, Seoul, South K
  accepted          3  Search for museums in Eunpyeong-gu,    -> Eunpyeong-gu, Seoul, South K
  accepted          3  List all museums in Eunpyeong-gu, Se   -> Eunpyeong-gu, Seoul, South K
  accepted          3  Where are the museums in Eunpyeong-g   -> Eunpyeong-gu, Seoul, South K

### Fukuoka, Fukuoka Prefecture, Japan / Museums
  seed concern finds 23; 8 utterances kept of 8 asked for
  accepted         23  福岡県福岡市の博物館を教えてください                     -> Fukuoka, Fukuoka Prefecture,
  wrong_area        0  福岡にあるミュージアムを教えて                        -> Fukuoka, Museums
  wrong_area        0  福岡市 博物館 検索                             -> Fukuoka City, Museums
  wrong_area        0  福岡県内の美術館と博物館を探しています                    -> Fukuoka Prefecture, Art muse
  accepted         23  Museums in Fukuoka, Fukuoka Prefectu   -> Fukuoka, Fukuoka Prefecture,
  accepted         23  I want to find museums in Fukuoka, F   -> Fukuoka, Fukuoka Prefecture,
  accepted         23  Show me museums located in Fukuoka,    -> Fukuoka, Fukuoka Prefecture,
  accepted         23  Please list museums in Fukuoka, Fuku   -> Fukuoka, Fukuoka Prefecture,

### Gangbuk-gu, Seoul, South Korea / Museums
  seed concern finds 1; 8 utterances kept of 8 asked for
  deep_gap          0  ソウル江北区の博物館を教えてください                     -> Gangbuk District, Seoul, Mus
  accepted          1  ソウル特別市江北区にあるミュージアム一覧                   -> Gangbuk-gu, Seoul, Museums
  deep_gap          0  Gangbuk-gu, Seoul, South Korea の美術館は   -> Gangbuk-gu, Seoul, South Kor
  deep_gap          0  ソウル江北区博物館                              -> Gangbuk District, Seoul, Mus
  accepted          1  Find all museums in Gangbuk-gu, Seou   -> Gangbuk-gu, Seoul, South Kor
  accepted          1  List of museums in Gangbuk-gu, Seoul   -> Gangbuk-gu, Seoul, South Kor
  accepted          1  I need directions to museums in Gang   -> Gangbuk-gu, Seoul, South Kor
  accepted          1  Show me where the museums in Gangbuk   -> Gangbuk-gu, Seoul, South Kor

### Gdańsk, Pomeranian Voivodeship, Poland / Museums
  seed concern finds 40; 8 utterances kept of 8 asked for
  accepted         40  グダニスクの博物館を教えて                          -> Gdansk, Museums
  accepted         40  PolandのPomeranian VoivodeshipにあるGdań   -> Gdańsk, Pomeranian Voivodesh
  accepted         40  グダニスク 博物館                              -> Gdansk, Museums
  accepted         40  Gdańsk, Pomeranian Voivodeship, Pola   -> Gdańsk, Pomeranian Voivodesh
  accepted         40  Show me museums in Gdańsk, Pomerania   -> Gdańsk, Pomeranian Voivodesh
  accepted         40  I want to find museums in Gdańsk, Po   -> Gdańsk, Pomeranian Voivodesh
  accepted         40  List of museums in Gdańsk, Pomerania   -> Gdańsk, Pomeranian Voivodesh
  accepted         40  Please search for museums in Gdańsk,   -> Gdańsk, Pomeranian Voivodesh

### Gwangju, South Korea / Museums
  seed concern finds 47; 8 utterances kept of 8 asked for
  accepted         47  Gwangju, South Korea のミュージアムを教えて       -> Gwangju, South Korea, Museum
  invented_name       0  韓国・光州の博物館一覧                            -> 
  invented_name       0  グヮンジュにある美術館はどこですか？                     -> 
  accepted         47  Gwangju, South Korea の博物館を探して          -> Gwangju, South Korea, Museum
  accepted         47  Where are the museums in Gwangju, So   -> Gwangju, South Korea, museum
  accepted         47  Gwangju, South Korea museums           -> Gwangju, South Korea, museum
  accepted         47  I need to find museums in Gwangju, S   -> Gwangju, South Korea, museum
  accepted         47  Show museums in Gwangju, South Korea   -> Gwangju, South Korea, museum

### Hamburg, Hamburg, Germany / Museums
  seed concern finds 58; 8 utterances kept of 8 asked for
  invented_name       0  Hamburg, Hamburg, Germanyにある博物館を教えて    -> 
  invented_name       0  Hamburg, Hamburg, Germanyのミュージアム一覧     -> 
  invented_name       0  Hamburg, Hamburg, Germanyで博物館を探して      -> 
  invented_name       0  Hamburg, Hamburg, Germanyにある美術館はどこ？    -> 
  invented_name       0  List all museums in Hamburg, Hamburg   -> 
  invented_name       0  I am looking for museums located in    -> 
  invented_name       0  Where can I find museums in Hamburg,   -> 
  invented_name       0  Show me the museums in Hamburg, Hamb   -> 

### Higashi Ward, Nagoya, Aichi Prefecture, Japan / Museums
  seed concern finds 12; 8 utterances kept of 8 asked for
  deep_gap          0  愛知県名古屋市の東区の博物館を教えてください。                -> Higashi, Nagoya, Aichi, Muse
  wrong_area        0  東区の博物館リスト                              -> Higashi, Tokyo, Museums
  wrong_area        0  名古屋市東区内の美術館や博物館を探しています。                -> Nagoya, Aichi, Art museums
  wrong_area        0  愛知県名古屋市 東区 博物館                         -> Higashi-ku, Nagoya, Aichi, M
  accepted         12  Show me all museums in Higashi Ward,   -> Higashi Ward, Nagoya, Aichi 
  accepted         12  List museums in Higashi Ward, Nagoya   -> Higashi Ward, Nagoya, Aichi 
  wrong_area        0  I am looking for museums in Higashi    -> Higashi Ward, Nagoya, Aichi 
  accepted         12  Where are the museums in Higashi War   -> Higashi Ward, Nagoya, Aichi 

### Higashiyama Ward, Kyoto, Kyoto Prefecture, Japan / Museums
  seed concern finds 19; 8 utterances kept of 8 asked for
  deep_gap          0  東山区の美術館を教えて                            -> Higashiyama, Kyoto, Art muse
  accepted         19  京都府京都市東山区にある博物館はどこですか？                 -> Higashiyama, Kyoto, Museums
  deep_gap          0  東山区の美術館一覧                              -> Higashiyama, Kyoto, Art muse
  accepted         19  東山区にある博物館の場所                           -> Higashiyama, Kyoto, Museums
  accepted         19  Show me museums in Higashiyama Ward,   -> Higashiyama Ward, Kyoto, Kyo
  accepted         19  I want to see a list of museums loca   -> Higashiyama Ward, Kyoto, Mus
  accepted         19  Where can I find museums in Higashiy   -> Higashiyama Ward, Kyoto, Kyo
  accepted         19  Please map out all the museums in Hi   -> Higashiyama Ward, Kyoto, Kyo

### Hinode, Tokyo, Japan / Museums
  seed concern finds 1; 8 utterances kept of 8 asked for
  wrong_area        0  東京の日の出にある博物館を教えて                       -> Hino, Tokyo, Museums
  accepted          1  日の出 博物館                                -> Hinode, Tokyo, Museums
  deep_gap          0  東京 日の出地区の美術館を探しています                    -> Hinode, Tokyo, Art museums
  accepted          1  日の出にある博物館はどこですか                        -> Hinode, Tokyo, Museums
  accepted          1  Where are the museums in Hinode, Tok   -> Hinode, Tokyo, Japan, Museum
  accepted          1  I need directions to Hinode, Tokyo,    -> Hinode, Tokyo, Museums
  no_area_line       0  Show me Hinode, Tokyo, Japan on the    -> 
  accepted          1  Find museums in Hinode, Tokyo, Japan   -> Hinode, Tokyo, Japan, Museum

### Ho Chi Minh City, Ho Chi Minh City, Vietnam / Museums
  seed concern finds 61; 8 utterances kept of 8 asked for
  accepted         61  ホーチミン市の博物館はどこですか？                      -> Ho Chi Minh City, Museums
  accepted         61  Ho Chi Minh City のミュージアムを教えて           -> Ho Chi Minh City, Museums
  accepted         61  ホーチミンシティの博物館一覧を出して                     -> Ho Chi Minh City, Museums
  accepted         61  museums in Ho Chi Minh City            -> Ho Chi Minh City, museums
  accepted         61  Show me museums in Ho Chi Minh City,   -> Ho Chi Minh City, Vietnam, m
  accepted         61  I want to find museums located in Ho   -> Ho Chi Minh City, Vietnam, m
  accepted         61  Can you list the museums in Ho Chi M   -> Ho Chi Minh City, Vietnam, m
  accepted         61  Where are the museums in Ho Chi Minh   -> Ho Chi Minh City, Vietnam, m

### Isogo Ward, Yokohama, Kanagawa Prefecture, Japan / Museums
  seed concern finds 3; 8 utterances kept of 8 asked for
  accepted          3  横浜市磯子区の博物館を教えて                         -> Isogo, Yokohama, Museums
  deep_gap          0  神奈川県横浜市磯子区にある博物館はどこですか？                -> Isogo-ku, Yokohama, Kanagawa
  accepted          3  Isogo Wardの博物館一覧                       -> Isogo Ward, Yokohama, Museum
  accepted          3  Isogo Ward の 博物館 検索                    -> Isogo Ward, Yokohama, Museum
  accepted          3  Show me museums in Isogo Ward, Yokoh   -> Isogo Ward, Yokohama, Kanaga
  accepted          3  Where are the museums located in Iso   -> Isogo Ward, Yokohama, Kanaga
  accepted          3  I need a map of museums in Isogo War   -> Isogo Ward, Yokohama, Kanaga
  accepted          3  Find museums in Isogo Ward, Yokohama   -> Isogo Ward, Yokohama, Kanaga

### Izumi Ward, Yokohama, Kanagawa Prefecture, Japan / Museums
  seed concern finds 1; 8 utterances kept of 8 asked for
  accepted          1  横浜市泉区の博物館を探して                          -> Izumi-ku, Yokohama, Museums
  wrong_area        0  神奈川泉区の美術館情報                            -> Izumi, Kanagawa, Art museums
  invented_name       0  横浜市内で博物館がある場所                          -> 
  wrong_area        0  泉区の文化施設一覧                              -> Izumi, Osaka, Cultural facil
  accepted          1  Show me all the museums in Izumi War   -> Izumi Ward, Yokohama, Kanaga
  no_area_line       0  Izumi Ward, Yokohama, Kanagawa Prefe   -> 
  wrong_area        0  Can you find museums located in Izum   -> Izumi Ward, Yokohama, Kanaga
  accepted          1  List museums in Izumi Ward, Yokohama   -> Izumi Ward, Yokohama, Kanaga

### Jungnang-gu, Seoul, South Korea / Museums
  seed concern finds 1; 8 utterances kept of 8 asked for
  deep_gap          0  Jungnang-gu, Seoul, South Koreaにある美術   -> Jungnang-gu, Seoul, South Ko
  accepted          1  South KoreaのSeoulにあるJungnang-guの博物館一   -> Jungnang-gu, Seoul, Museums
  accepted          1  Jungnang-gu, Seoul, South KoreaのMuse   -> Jungnang-gu, Seoul, South Ko
  accepted          1  SeoulのJungnang-guにあるMuseumsの場所を探して     -> Jungnang-gu, Seoul, Museums
  accepted          1  Show me museums in Jungnang-gu, Seou   -> Jungnang-gu, Seoul, South Ko
  accepted          1  Jungnang-gu, Seoul, South Korea muse   -> Jungnang-gu, Seoul, South Ko
  accepted          1  Where are the museums located in Jun   -> Jungnang-gu, Seoul, South Ko
  accepted          1  I want to find museums in Jungnang-g   -> Jungnang-gu, Seoul, South Ko

### Kaohsiung, Taiwan / Museums
  seed concern finds 51; 8 utterances kept of 8 asked for
  accepted         51  高雄市にある博物館を教えて                          -> Kaohsiung City, Museums
  deep_gap          0  Kaohsiung, Taiwanの美術館                  -> Kaohsiung, Taiwan, Art museu
  accepted         51  台湾高雄の博物館一覧                             -> Kaohsiung, Taiwan, Museums
  accepted         51  高雄市の博物館を検索して                           -> Kaohsiung, Museums
  accepted         51  Where can I find museums in Kaohsiun   -> Kaohsiung, Taiwan, museums
  accepted         51  Show me museums in Kaohsiung, Taiwan   -> Kaohsiung, Taiwan, museums
  accepted         51  I need directions to museums in Kaoh   -> Kaohsiung, Taiwan, museums
  accepted         51  Search for museums in Kaohsiung, Tai   -> Kaohsiung, Taiwan, museums

### Kita Ward, Kyoto, Kyoto Prefecture, Japan / Museums
  seed concern finds 5; 8 utterances kept of 8 asked for
  accepted          5  京都市北区の博物館を教えて                          -> Kita, Kyoto, Museums
  wrong_area        0  Kyoto City Kita Ward no hakubutsukan   -> Kita Ward, Kyoto City, Museu
  accepted          5  京都市北区で博物館を探してる                         -> Kita, Kyoto, Museums
  wrong_area        0  Kyoto City Kita Ward de hakubutsukan   -> Kita Ward, Kyoto City, Museu
  accepted          5  Museums in Kita Ward, Kyoto, Kyoto P   -> Kita Ward, Kyoto, Kyoto Pref
  accepted          5  Where are the Museums in Kita Ward,    -> Kita Ward, Kyoto, Kyoto Pref
  accepted          5  Show me Museums in Kita Ward, Kyoto,   -> Kita Ward, Kyoto, Kyoto Pref
  accepted          5  I am looking for Museums in Kita War   -> Kita Ward, Kyoto, Kyoto Pref

### Kita Ward, Saitama, Saitama Prefecture, Japan / Museums
  seed concern finds 4; 8 utterances kept of 8 asked for
  accepted          4  埼玉県の北区内の博物館を探したい                       -> Kita, Saitama, Museums
  invented_name       0  北區 博物館 一覧                              -> 
  deep_gap          0  さいたま市北区内の美術館と博物館を教えて                   -> Kita, Saitama, Art museums
  wrong_area        0  北区内の文化施設、特に博物館を掲載して                    -> Kita, Tokyo, Cultural facili
  accepted          4  Find all museums in Kita Ward, Saita   -> Kita Ward, Saitama, Saitama 
  accepted          4  Where are the museums located in Kit   -> Kita Ward, Saitama, Saitama 
  accepted          4  Kita Ward, Saitama, Saitama Prefectu   -> Kita Ward, Saitama, Saitama 
  accepted          4  Show me museums in Kita Ward, Saitam   -> Kita Ward, Saitama, Saitama 

### Kodaira, Tokyo, Japan / Museums
  seed concern finds 6; 8 utterances kept of 8 asked for
  accepted          6  小平の博物館を教えて                             -> Kodaira, Tokyo, Museums
  deep_gap          0  東京都小平市にある美術館を探して                       -> Kodaira, Tokyo, Art museums
  accepted          6  小平市 博物館                                -> Kodaira, Tokyo, Museums
  accepted          6  小平のミュージアム一覧を表示して                       -> Kodaira, Tokyo, Museums
  accepted          6  Where are the museums in Kodaira, To   -> Kodaira, Tokyo, Japan, Museu
  accepted          6  Find museums located in Kodaira, Tok   -> Kodaira, Tokyo, Japan, Museu
  accepted          6  Show me all museums in Kodaira, Toky   -> Kodaira, Tokyo, Japan, Museu
  accepted          6  I need to find museums in Kodaira, T   -> Kodaira, Tokyo, Museums

### Kolkata, India / Museums
  seed concern finds 23; 8 utterances kept of 8 asked for
  accepted         23  インドのコルカタにある博物館を教えて                     -> Kolkata, India, Museums
  accepted         23  コルカタ 博物館                               -> Kolkata, West Bengal, Museum
  accepted         23  インド、コルカタのミュージアム一覧                      -> Kolkata, India, Museums
  deep_gap          0  コルカタの美術館はどこ？                           -> Kolkata, West Bengal, Art mu
  accepted         23  Museums in Kolkata, India              -> Kolkata, India, Museums
  accepted         23  Where are the museums in Kolkata?      -> Kolkata, museums
  accepted         23  I want to find museums in Kolkata, I   -> Kolkata, India, museums
  accepted         23  List of museums located in Kolkata,    -> Kolkata, India, Museums

### Koto, Tokyo, Japan / Museums
  seed concern finds 22; 8 utterances kept of 8 asked for
  accepted         22  東京都江東区の博物館を教えてください                     -> Koto, Tokyo, Museums
  accepted         22  江東区内のミュージアム一覧                          -> Koto, Tokyo, Museums
  accepted         22  江東区の博物館を教えて                            -> Koto, Tokyo, Museums
  accepted         22  東京都江東区にある博物館を教えて                       -> Koto, Tokyo, Museums
  no_area_line       0  Koto, Tokyo, Japan                     -> 
  no_area_line       0  Can you find Koto, Tokyo, Japan?       -> 
  no_area_line       0  I need to go to Koto, Tokyo, Japan     -> 
  no_area_line       0  Show me Koto, Tokyo, Japan on the ma   -> 

### Kyoto, Kyoto Prefecture, Japan / Museums
  seed concern finds 125; 8 utterances kept of 8 asked for
  accepted        125  京都の博物館を教えて                             -> Kyoto, Museums
  accepted        125  京都府京都にある博物館を探して                        -> Kyoto, Kyoto Prefecture, Mus
  accepted        125  京都市内のミュージアム一覧                          -> Kyoto, Kyoto, Museums
  accepted        125  京都の博物館はどこですか                           -> Kyoto, Museums
  accepted        125  Museums in Kyoto                       -> Kyoto, Museums
  accepted        125  List all museums located in Kyoto, K   -> Kyoto, Kyoto Prefecture, Jap
  accepted        125  Show me the museums in Kyoto           -> Kyoto, museums
  accepted        125  Find museums in Kyoto, Kyoto Prefect   -> Kyoto, Kyoto Prefecture, Jap

### Longhua District, Shenzhen, Guangdong Province, China / Museums
  seed concern finds 7; 8 utterances kept of 8 asked for
  invented_name       0  龍華区の博物館を教えて                            -> 
  deep_gap          0  ShenzhenのLonghua Districtにある美術館はどこです   -> Longhua, Shenzhen, Art museu
  accepted          7  Longhua District, Shenzhen, Guangdon   -> Longhua District, Shenzhen, 
  invented_name       0  龍華区のミュージアムを検索                          -> 
  wrong_area        0  Show me museums in Longhua District    -> Longhua District, Museums
  accepted          7  Where are the museums located in Lon   -> Longhua District, Shenzhen, 
  accepted          7  List all museums in Longhua District   -> Longhua District, Shenzhen, 
  wrong_area        0  I need directions to museums in Long   -> Longhua District, Museums

### Malaga, Andalusia, Spain / Museums
  seed concern finds 42; 8 utterances kept of 8 asked for
  deep_gap          0  マラガの美術館を教えて                            -> Malaga, Art museums
  invented_name       0  AndalusiaのMalagaにあるミュージアムは?            -> 
  deep_gap          0  マラガ美術館一覧                               -> Malaga, Art museums
  invented_name       0  Malaga, Andalusia, SpainのMuseumsはどこ?   -> 
  invented_name       0  Show me museums in Malaga, Andalusia   -> 
  invented_name       0  Find museums in Malaga, Andalusia, S   -> 
  invented_name       0  List of museums in Malaga, Andalusia   -> 
  invented_name       0  Where are the museums located in Mal   -> 

### Midori Ward, Saitama, Saitama Prefecture, Japan / Museums
  seed concern finds 3; 8 utterances kept of 8 asked for
  wrong_area        0  緑区の博物館を教えて                             -> Midori-ku, Museums
  accepted          3  埼玉県さいたま市緑区にあるミュージアムはどこ？                -> Midori, Saitama, Museums
  wrong_area        0  緑区の美術館・博物館一覧                           -> Midori-ku, Art museums
  wrong_area        0  埼玉県さいたま市緑区の博物館探してる                     -> Midori-ku, Saitama, Saitama,
  accepted          3  Show me museums in Midori Ward, Sait   -> Midori Ward, Saitama, Saitam
  accepted          3  Find museums in Midori Ward, Saitama   -> Midori Ward, Saitama, Saitam
  accepted          3  List museums located in Midori Ward,   -> Midori Ward, Saitama, Saitam
  accepted          3  I want to find museums in Midori War   -> Midori Ward, Saitama, Saitam

### Minami Ward, Niigata, Niigata Prefecture, Japan / Museums
  seed concern finds 0; 8 utterances kept of 8 asked for
  wrong_area        0  新潟県新潟市南区の博物館を教えて。                      -> Minami-ku, Niigata, Niigata,
  zero_results       0  新潟市南区にある美術館はどこですか？                     -> Minami-ku, Niigata, Art muse
  wrong_area        0  南区の博物館一覧を表示して                          -> Minami, Nagoya, Museums
  zero_results       0  Minami Ward, Niigataの美術館               -> Minami Ward, Niigata, Art mu
  zero_results       0  Can you find museums in Minami Ward,   -> Minami Ward, Niigata, Niigat
  zero_results       0  I am looking for a list of museums l   -> Minami Ward, Niigata, Niigat
  zero_results       0  Where can I see museums in Minami Wa   -> Minami Ward, Niigata, Niigat
  zero_results       0  Show me all museums in Minami Ward,    -> Minami Ward, Niigata, Niigat

### Minato, Tokyo, Japan / Museums
  seed concern finds 45; 8 utterances kept of 8 asked for
  accepted         45  東京都港区の博物館はどこですか？                       -> Minato, Tokyo, Museums
  deep_gap          0  minatoの美術館探してる                         -> Minato, Tokyo, Art museums
  accepted         45  港区のミュージアム教えて                           -> Minato, Tokyo, Museums
  accepted         45  Minato Tokyo Japanの博物館リスト              -> Minato, Tokyo, Museums
  accepted         45  Show museums in Minato, Tokyo, Japan   -> Minato, Tokyo, Japan, Museum
  accepted         45  I need to find all the museums locat   -> Minato, Tokyo, Japan, Museum
  accepted         45  Where are the museums in Minato, Tok   -> Minato, Tokyo, Japan, Museum
  accepted         45  List every museum in Minato, Tokyo,    -> Minato, Tokyo, Japan, Museum

### Miyakojima Ward, Osaka, Osaka Prefecture, Japan / Museums
  seed concern finds 1; 8 utterances kept of 8 asked for
  wrong_area        0  大阪府大阪市都島区の博物館を教えてください                  -> Mikunigaoka, Kita-ku, Osaka,
  wrong_area        0  都島区の博物館はどこにありますか？                      -> Miyoshima, Osaka, Museums
  wrong_area        0  都島区の美術館と博物館を探しています                     -> Mikunimachi, Osaka, Art muse
  wrong_area        0  大阪市都島区にある博物館の一覧                        -> Mikunimachi, Ikeda, Osaka, M
  accepted          1  Tell me where the museums in Miyakoj   -> Miyakojima Ward, Osaka, Muse
  accepted          1  I need a list of museums in Miyakoji   -> Miyakojima Ward, Osaka, Muse
  accepted          1  Show me the location of museums in M   -> Miyakojima Ward, Osaka, Osak
  accepted          1  Find museums in Miyakojima Ward, Osa   -> Miyakojima Ward, Osaka, Osak

### Mumbai, India / Museums
  seed concern finds 14; 8 utterances kept of 8 asked for
  accepted         14  Mumbai, Indiaの博物館を探しています               -> Mumbai, India, Museums
  accepted         14  ムンバイのミュージアム一覧                          -> Mumbai, Museums
  accepted         14  インド・ムンバイにある博物館はどこ？                     -> Mumbai, India, Museums
  accepted         14  Mumbai, IndiaのMuseums教えて               -> Mumbai, India, Museums
  no_area_line       0  Mumbai, India                          -> 
  no_area_line       0  Show me places in Mumbai, India        -> 
  no_area_line       0  I'm looking for Mumbai, India          -> 
  no_area_line       0  Where is Mumbai, India located         -> 

### Nagoya, Aichi Prefecture, Japan / Museums
  seed concern finds 99; 8 utterances kept of 8 asked for
  deep_gap          0  名古屋の美術館                                -> Nagoya, Aichi, Art museums
  invented_name       0  愛知県の美術館はどこですか？                         -> 
  accepted         99  名古屋市内の博物館・美術館一覧                        -> Nagoya, Aichi, Museums
  no_area_line       0  愛知県名古屋でおすすめの美術館を教えて                    -> 
  accepted         99  Show me all museums in Nagoya, Aichi   -> Nagoya, Aichi Prefecture, Ja
  accepted         99  I want to find museums located in Na   -> Nagoya, Aichi Prefecture, Ja
  accepted         99  Can you list the museums in Nagoya,    -> Nagoya, Aichi Prefecture, Ja
  accepted         99  Search for museums in Nagoya, Aichi    -> Nagoya, Aichi Prefecture, Ja

### Nakamura Ward, Nagoya, Aichi Prefecture, Japan / Museums
  seed concern finds 99; 8 utterances kept of 8 asked for
  accepted    !     3  中村区の博物館を教えて                            -> Nakamura, Nagoya, Museums
  deep_gap          0  愛知県名古屋市中村区の美術館を調べて                     -> Nakamura, Nagoya, Aichi, Art
  accepted    !     3  Nakamura Ward, Nagoyaのミュージアム一覧         -> Nakamura Ward, Nagoya, Museu
  accepted    !     3  名古屋市中村区の博物館を探して                        -> Nakamura, Nagoya, Museums
  accepted         99  Show museums in Nakamura Ward, Nagoy   -> Nakamura Ward, Nagoya, Aichi
  wrong_area        0  I am looking for museums in Nakamura   -> Nakamura Ward, Nagoya, Aichi
  accepted         99  Find museums in Nakamura Ward, Nagoy   -> Nakamura Ward, Nagoya, Aichi
  accepted         99  List all the museums located in Naka   -> Nakamura Ward, Nagoya, Aichi

### Naples, Campania, Italy / Museums
  seed concern finds 83; 8 utterances kept of 8 asked for
  accepted         83  ナポリにある博物館を教えて                          -> Naples, Italy, Museums
  accepted         83  Campania州Naplesの博物館一覧                  -> Naples, Campania, Museums
  accepted         83  Naples, Campania, Italyの美術館            -> Naples, Campania, Italy, Mus
  accepted         83  Naples, Campania, Italyで博物館を探す         -> Naples, Campania, Italy, Mus
  accepted         83  Museums in Naples                      -> Naples, Museums
  accepted         83  I am looking for museums in Naples,    -> Naples, Italy, museums
  invented_name       0  Can you find museums in Campania?      -> 
  accepted         83  Show me all the museums in Naples      -> Naples, museums

### Nishi Ward, Fukuoka, Fukuoka Prefecture, Japan / Museums
  seed concern finds 0; 8 utterances kept of 8 asked for
  wrong_area        0  福岡県福岡市西区の博物館                           -> Nishi-ku, Fukuoka City, Fuku
  wrong_area        0  西区の美術館を調べて                             -> Nishi, Osaka, Art museums
  wrong_area        0  福岡市西区にあるミュージアム一覧                       -> Nishi, Fukuoka, Museums
  wrong_area        0  福岡 西区 博物館 施設                           -> Nishi, Fukuoka, Museums
  zero_results       0  Show museums in Nishi Ward, Fukuoka,   -> Nishi Ward, Fukuoka, Fukuoka
  zero_results       0  Where can I find museums in Nishi Wa   -> Nishi Ward, Fukuoka, Fukuoka
  zero_results       0  List all museums located in Nishi Wa   -> Nishi Ward, Fukuoka, Fukuoka
  zero_results       0  Find museums near Nishi Ward, Fukuok   -> Nishi Ward, Fukuoka, Fukuoka

### Nishi Ward, Yokohama, Kanagawa Prefecture, Japan / Museums
  seed concern finds 11; 8 utterances kept of 8 asked for
  wrong_area        0  西区の博物館を教えて                             -> Nishi, Osaka, Museums
  accepted         11  横浜西区にあるミュージアムはどこ？                      -> Nishi, Yokohama, Museums
  accepted         11  神奈川県横浜西区の博物館一覧                         -> Nishi-ku, Yokohama, Kanagawa
  accepted         11  I need museums in Nishi Ward, Yokoha   -> Nishi Ward, Yokohama, Museum
  accepted         11  I want to find museums in Nishi Ward   -> Nishi Ward, Yokohama, Kanaga
  accepted         11  Show me museums in Nishi Ward, Yokoh   -> Nishi Ward, Yokohama, Kanaga
  accepted         11  Find museums in Nishi Ward, Yokohama   -> Nishi Ward, Yokohama, Kanaga
  accepted         11  Can you list museums in Nishi Ward,    -> Nishi Ward, Yokohama, Kanaga

### Nishiyodogawa Ward, Osaka, Osaka Prefecture, Japan / Museums
  seed concern finds 1; 8 utterances kept of 8 asked for
  accepted          1  西淀川区の博物館を教えてください。                      -> Nishiyodogawa, Osaka, Museum
  accepted          1  大阪・西淀川区にある博物館を探しているのですが。               -> Nishiyodogawa, Osaka, Museum
  accepted          1  西淀川区 博物館                               -> Nishiyodogawa, Osaka, Museum
  deep_gap          0  西淀川区の美術館や博物館について知りたいです。                -> Nishiyodogawa, Osaka, Art mu
  accepted          1  I would like to find all museums in    -> Nishiyodogawa Ward, Osaka, O
  accepted          1  Show me museums in Nishiyodogawa War   -> Nishiyodogawa Ward, Osaka, O
  accepted          1  List the museums located in Nishiyod   -> Nishiyodogawa Ward, Osaka, O
  accepted          1  Please search for museums in Nishiyo   -> Nishiyodogawa Ward, Osaka, O

### Ome, Tokyo, Japan / Museums
  seed concern finds 13; 8 utterances kept of 8 asked for
  accepted         13  東京都青梅市の博物館を探しています                      -> Ome, Tokyo, Museums
  invented_name       0  Ome, Tokyo, Japanの美術館について教えて           -> 
  accepted         13  青梅市の博物館一覧が欲しい                          -> Ome, Tokyo, Museums
  invented_name       0  Ome, Tokyo, Japanにある博物館はどこですか          -> 
  invented_name       0  Where are the museums in Ome?          -> 
  invented_name       0  I am looking for museums in Ome, Tok   -> 
  invented_name       0  Show me all museums located in Ome,    -> 
  invented_name       0  Can you find museums in Ome for me?    -> 

### Oslo, Norway / Museums
  seed concern finds 67; 8 utterances kept of 8 asked for
  no_area_line       0  Oslo, Norway                           -> 
  deep_gap          0  Oslo, Norwayの美術館を教えてください               -> Oslo, Norway, Art museums
  accepted         67  ノルウェーのオスロにある博物館を検索して                   -> Oslo, Norway, Museums
  accepted         67  Oslo, NorwayにあるMuseums                 -> Oslo, Norway, Museums
  accepted         67  Where can I find museums in Oslo, No   -> Oslo, Norway, museums
  accepted         67  I need directions to museums located   -> Oslo, Norway, museums
  accepted         67  Show me the museums in Oslo, Norway    -> Oslo, Norway, museums
  accepted         67  Museums in Oslo, Norway, please        -> Oslo, Norway, Museums

### Pristina, Municipality of Pristina, District of Pristina, Kosovo / Museums
  seed concern finds 8; 8 utterances kept of 8 asked for
  accepted          8  プリシュティナの博物館を教えて                        -> Pristina, Museums
  invented_name       0  コソボのプリシュティンにある博物館はどこですか？               -> 
  invented_name       0  プリシュティン市区の美術館一覧を                       -> 
  invented_name       0  プリシュティンの博物館を検索して                       -> 
  accepted          8  Find museums in Pristina               -> Pristina, museums
  accepted          8  Where can I visit museums in Pristin   -> Pristina, museums
  accepted          8  Show me the museums located in Prist   -> Pristina, museums
  accepted          8  I am looking for museums in Pristina   -> Pristina, museums

### Sakyo Ward, Kyoto, Kyoto Prefecture, Japan / Museums
  seed concern finds 125; 8 utterances kept of 8 asked for
  accepted         30  京都市左京区の博物館を教えて                         -> Sakyo, Kyoto, Museums
  deep_gap          0  左京区の美術館はどこですか                          -> Sakyo, Kyoto, Art museums
  accepted         30  京都・左京区にある博物館一覧                         -> Sakyo, Kyoto, Museums
  accepted         30  左京区 博物館                                -> Sakyo, Kyoto, Museums
  accepted        125  Show museums in Sakyo Ward, Kyoto, K   -> Sakyo Ward, Kyoto, Kyoto Pre
  accepted        125  I need to find museums in Sakyo Ward   -> Sakyo Ward, Kyoto, Kyoto Pre
  accepted        125  Can you list museums in Sakyo Ward,    -> Sakyo Ward, Kyoto, Kyoto Pre
  accepted        125  Find me museums in Sakyo Ward, Kyoto   -> Sakyo Ward, Kyoto, Kyoto Pre

### Seocho-gu, Seoul, South Korea / Museums
  seed concern finds 6; 8 utterances kept of 8 asked for
  accepted          6  Seocho-gu, Seoul, South Koreaの博物館を教え   -> Seocho-gu, Seoul, South Kore
  accepted          6  ソウル瑞草区の博物館一覧                           -> Seocho, Seoul, Museums
  accepted          6  Seocho-gu, Seoul, South Korea 博物館      -> Seocho-gu, Seoul, South Kore
  deep_gap          0  瑞草区の美術館を探している                          -> Seocho, Seoul, Art museums
  accepted          6  Show me museums in Seocho-gu, Seoul,   -> Seocho-gu, Seoul, South Kore
  accepted          6  I am looking for museums in Seocho-g   -> Seocho-gu, Seoul, South Kore
  accepted          6  List all museums located in Seocho-g   -> Seocho-gu, Seoul, South Kore
  accepted          6  Can you find any museums in Seocho-g   -> Seocho-gu, Seoul, South Kore

### Setagaya, Tokyo, Japan / Museums
  seed concern finds 27; 8 utterances kept of 8 asked for
  accepted         27  世田谷区の博物館を教えてください                       -> Setagaya, Tokyo, Museums
  accepted         27  東京都世田谷にある博物館一覧                         -> Setagaya, Tokyo, Museums
  deep_gap          0  世田谷の美術館を教えて                            -> Setagaya, Tokyo, Art museums
  accepted         27  東京・世田谷区の博物館検索                          -> Setagaya, Tokyo, Museums
  accepted         27  Show museums in Setagaya, Tokyo, Jap   -> Setagaya, Tokyo, Japan, Muse
  accepted         27  Where can I find museums in Setagaya   -> Setagaya, Tokyo, Japan, Muse
  accepted         27  List museums located in Setagaya, To   -> Setagaya, Tokyo, Museums
  accepted         27  I am looking for museums in Setagaya   -> Setagaya, Tokyo, Museums

### Shinagawa, Tokyo, Japan / Museums
  seed concern finds 11; 8 utterances kept of 8 asked for
  accepted         11  品川の博物館を教えてください                         -> Shinagawa, Tokyo, Museums
  accepted         11  東京都品川区にある博物館を探しています                    -> Shinagawa, Tokyo, Museums
  accepted         11  品川 博物館                                 -> Shinagawa, Tokyo, Museums
  accepted         11  品川のエリアで博物館を探してください                     -> Shinagawa, Tokyo, Museums
  accepted         11  Show me all the museums in Shinagawa   -> Shinagawa, Tokyo, Japan, Mus
  accepted         11  Where are the museums located in Shi   -> Shinagawa, Tokyo, Museums
  accepted         11  Find museums in Shinagawa, Tokyo, Ja   -> Shinagawa, Tokyo, Japan, Mus
  accepted         11  List of museums in Shinagawa, Tokyo,   -> Shinagawa, Tokyo, Museums

### Songpa-gu, Seoul, South Korea / Museums
  seed concern finds 6; 8 utterances kept of 8 asked for
  accepted          6  ソウル松坡区の博物館を教えて                         -> Songpa, Seoul, Museums
  accepted          6  ソウル特別市松坡区にある博物館はどこですか？                 -> Songpa, Seoul, Museums
  accepted          6  松坡区のミュージアム一覧を出して                       -> Songpa, Seoul, Museums
  accepted          6  ソウルの松坡区で博物館を検索したい                      -> Songpa, Seoul, Museums
  accepted          6  Where are the museums in Songpa-gu,    -> Songpa-gu, Seoul, South Kore
  accepted          6  Show me Songpa-gu, Seoul, South Kore   -> Songpa-gu, Seoul, South Kore
  accepted          6  I need to find museums located in So   -> Songpa-gu, Seoul, South Kore
  accepted          6  Can you list museums in Songpa-gu, S   -> Songpa-gu, Seoul, South Kore

### Sydney, Australia / Museums
  seed concern finds 97; 8 utterances kept of 8 asked for
  accepted         97  Sydneyのミュージアムを教えて                      -> Sydney, Museums
  accepted         97  オーストラリアのシドニーにある博物館の場所                  -> Sydney, Australia, Museums
  deep_gap          0  Sydney, Australiaの美術館一覧                -> Sydney, Australia, Art museu
  accepted         97  シドニーの博物館はどこですか                         -> Sydney, Museums
  accepted         97  Find museums in Sydney, Australia      -> Sydney, Australia, museums
  accepted         97  Where are the museums located in Syd   -> Sydney, Australia, museums
  accepted         97  Show me museums in Sydney, Australia   -> Sydney, Australia, museums
  accepted         97  I am looking for museums in Sydney,    -> Sydney, Australia, museums

### Tama, Tokyo, Japan / Museums
  seed concern finds 4; 8 utterances kept of 8 asked for
  deep_gap          0  多摩にある美術館はどこですか？                        -> Tama, Tokyo, Art museums
  accepted          4  東京の多摩地区の博物館を探しています                     -> Tama, Tokyo, Museums
  deep_gap          0  Tama, Tokyo, Japanの美術館を教えてください         -> Tama, Tokyo, Art museums
  deep_gap          0  多摩の美術館一覧が見たいです                         -> Tama, Tokyo, Art museums
  accepted          4  Show me museums in Tama, Tokyo, Japa   -> Tama, Tokyo, Museums
  accepted          4  Where can I find museums in Tama, To   -> Tama, Tokyo, Museums
  accepted          4  I need a list of museums located in    -> Tama, Tokyo, Japan, Museums
  accepted          4  Find museums in Tama, Tokyo, Japan f   -> Tama, Tokyo, Japan, Museums

### Toronto, Canada / Museums
  seed concern finds 49; 8 utterances kept of 8 asked for
  accepted         49  トロントの博物館はどこですか？                        -> Toronto, Museums
  deep_gap          0  CanadaのTorontoにある美術館を教えて               -> Toronto, Canada, Art museums
  accepted         49  トロント 博物館 検索                            -> Toronto, Museums
  accepted         49  Show me museums in Toronto, Canada     -> Toronto, Canada, museums
  accepted         49  Can you show me the museums in Toron   -> Toronto, Canada, museums
  accepted         49  Where are the museums in Toronto, Ca   -> Toronto, Canada, museums
  accepted         49  I would like to find museums in Toro   -> Toronto, Canada, museums
  accepted         49  List all museums in Toronto, Canada.   -> Toronto, Canada, museums

### Tsurumi Ward, Yokohama, Kanagawa Prefecture, Japan / Museums
  seed concern finds 4; 7 utterances kept of 8 asked for
  accepted          4  鶴見区の博物館を教えてください                        -> Tsurumi, Yokohama, Museums
  deep_gap          0  横浜市鶴見区内の美術館スポットを教えて                    -> Tsurumi, Yokohama, Art museu
  accepted          4  鶴見区の博物館マップを表示して                        -> Tsurumi, Yokohama, Museums
  accepted          4  鶴見区にある博物館一覧を出して                        -> Tsurumi, Yokohama, Museums
  accepted          4  Where can I find museums in Tsurumi    -> Tsurumi Ward, Yokohama, Kana
  accepted          4  Show me all the museums located in T   -> Tsurumi Ward, Yokohama, Kana
  accepted          4  I am looking for museums in Tsurumi    -> Tsurumi Ward, Yokohama, Kana

### Ulsan, South Korea / Museums
  seed concern finds 20; 8 utterances kept of 8 asked for
  invented_name       0  韓国蔚山にある博物館を教えてください                     -> 
  invented_name       0  蔚山 博物館                                 -> 
  invented_name       0  ソウルの南東にある蔚山市内で、博物館を探しています              -> 
  invented_name       0  蔚山の美術館・博物館の一覧                          -> 
  accepted         20  Show me museums in Ulsan, South Kore   -> Ulsan, South Korea, Museums
  accepted         20  Where are the museums located in Uls   -> Ulsan, South Korea, Museums
  accepted         20  Find museums in Ulsan, South Korea     -> Ulsan, South Korea, Museums
  accepted         20  List museums in Ulsan, South Korea     -> Ulsan, South Korea, Museums

### Vancouver, Canada / Museums
  seed concern finds 19; 8 utterances kept of 8 asked for
  deep_gap          0  カナダ、バンクーバーの美術館を教えて。                    -> Vancouver, Canada, Art museu
  accepted         19  バンクーバーにある博物館は？                         -> Vancouver, Museums
  accepted         19  Vancouver, Canada のMuseums。            -> Vancouver, Canada, Museums
  deep_gap          0  Canadá, Vancouverの美術館リスト               -> Vancouver, Canada, Art museu
  accepted         19  Find museums in Vancouver, Canada      -> Vancouver, Canada, museums
  accepted         19  Show me all the museums in Vancouver   -> Vancouver, Canada, museums
  accepted         19  List museums in Vancouver, Canada      -> Vancouver, Canada, museums
  accepted         19  Where are the museums in Vancouver,    -> Vancouver, Canada, museums

### Yamashina Ward, Kyoto, Kyoto Prefecture, Japan / Museums
  seed concern finds 2; 8 utterances kept of 8 asked for
  accepted          2  京都市山科区の博物館を教えて                         -> Yamashina, Kyoto, Museums
  wrong_area        0  山科区の美術館はどこですか                          -> Shiga, Kyoto, Shiga, Art mus
  accepted          2  山科区にある博物館探してる                          -> Yamashina, Kyoto, Museums
  accepted          2  京都市山科区の博物館一覧を出して                       -> Yamashina, Kyoto, Museums
  accepted          2  Museums in Yamashina Ward, Kyoto, Ky   -> Yamashina Ward, Kyoto, Kyoto
  accepted          2  Can you show me museums in Yamashina   -> Yamashina Ward, Kyoto, Kyoto
  accepted          2  I'm looking for museums located in Y   -> Yamashina Ward, Kyoto, Kyoto
  accepted          2  Please find museums in Yamashina War   -> Yamashina Ward, Kyoto, Kyoto

### Yongsan-gu, Seoul, South Korea / Museums
  seed concern finds 14; 8 utterances kept of 8 asked for
  accepted         14  龍山区の博物館を教えてください                        -> Yongsan, Seoul, Museums
  deep_gap          0  Seoul Yongsan-guの美術館リスト                -> Yongsan-gu, Seoul, Art museu
  accepted         14  龍山区にある博物館を教えて                          -> Yongsan, Seoul, Museums
  accepted         14  Yongsan-gu Seoul South Koreaの博物館       -> Yongsan-gu, Seoul, South Kor
  accepted         14  Where are the museums in Yongsan-gu,   -> Yongsan-gu, Seoul, South Kor
  accepted         14  Find museums located in Yongsan-gu,    -> Yongsan-gu, Seoul, South Kor
  accepted         14  I need directions to museums in Yong   -> Yongsan-gu, Seoul, South Kor
  accepted         14  Show me all museums in Yongsan-gu, S   -> Yongsan-gu, Seoul, South Kor

### Futian District, Shenzhen, Guangdong Province, China / Nature Reserves
  seed concern finds 2; 8 utterances kept of 8 asked for
  accepted          2  福田区の自然保護区を教えて                          -> Futian, Shenzhen, Nature res
  deep_gap          0  深圳市福田区にある自然保護施設の場所を知りたいです              -> Futian District, Shenzhen, N
  accepted        130  深圳市福田区の自然保護区域をマップで表示して                 -> Futian District, Shenzhen, N
  accepted        130  深圳市福田区の自然保護区はどこにありますか？                 -> Futian District, Shenzhen, N
  accepted          2  Where are the nature reserves in Fut   -> Futian District, Shenzhen, G
  accepted          2  Find nature reserves in Futian Distr   -> Futian District, Shenzhen, G
  accepted          2  Show me nature reserves located in F   -> Futian District, Shenzhen, G
  accepted          2  I want to see nature reserves in Fut   -> Futian District, Shenzhen, G

### Tai Po District, Hong Kong, China / Nature Reserves
  seed concern finds 13; 8 utterances kept of 8 asked for
  accepted        202  Tai Po District, Hong Kong, China の自   -> Tai Po District, Hong Kong, 
  invented_name       0  香港大埔区にある自然保護施設はどこですか？                  -> 
  wrong_area        0  Tai Po District, Hong Kong, China にあ   -> Tai Po, Hong Kong, Nature re
  invented_name       0  大埔区の自然保護区一覧をお願いします                     -> 
  deep_gap          0  Can you show me the nature reserves    -> 大埔区, 香港, 中国, 自然保护区
  accepted         13  I need information about nature rese   -> Tai Po District, Hong Kong, 
  accepted         13  Where are the nature reserves in Tai   -> Tai Po District, Hong Kong, 
  accepted         13  Show me nature reserves in Tai Po Di   -> Tai Po District, Hong Kong, 

### Pristina, Municipality of Pristina, District of Pristina, Kosovo / Opticians
  seed concern finds 6; 8 utterances kept of 8 asked for
  deep_gap          0  プリシュティナの眼鏡店を教えて                        -> Pristina, Optical shops
  deep_gap          0  プリシュティナで眼鏡屋さん                          -> Pristina, Optical shops
  deep_gap          0  プリシュティナ 眼鏡店 一覧                         -> Pristina, Optical shops
  accepted          6  プリシュティナのオプティシャン                        -> Pristina, Opticians
  accepted          6  Where are the opticians in Pristina,   -> Pristina, Municipality of Pr
  accepted          6  Find opticians in Pristina, Municipa   -> Pristina, Municipality of Pr
  wrong_area        0  I need to locate opticians in Pristi   -> Municipality of Pristina, Di
  accepted          6  Show me opticians in Pristina, Munic   -> Pristina, Municipality of Pr

### Akiruno, Tokyo, Japan / Parks
  seed concern finds 45; 8 utterances kept of 8 asked for
  invented_name       0  秋留野市の公園を教えて                            -> 
  invented_name       0  秋留野市にある公園はどこですか？                       -> 
  invented_name       0  秋留野市の公園を検索して                           -> 
  invented_name       0  秋留野市 公園                                -> 
  accepted         45  Find parks in Akiruno, Tokyo, Japan    -> Akiruno, Tokyo, Japan, Parks
  accepted         45  Where are the parks located in Akiru   -> Akiruno, Tokyo, Japan, Parks
  accepted         45  Show me parks in Akiruno, Tokyo, Jap   -> Akiruno, Tokyo, Japan, Parks
  accepted         45  I need a map of parks in Akiruno, To   -> Akiruno, Tokyo, Japan, Parks

### Arakawa, Tokyo, Japan / Parks
  seed concern finds 158; 8 utterances kept of 8 asked for
  accepted        158  TokyoのArakawaにある公園を教えて                 -> Arakawa, Tokyo, Parks
  accepted        158  Arakawa, Tokyo, Japanの公園一覧             -> Arakawa, Tokyo, Japan, Parks
  accepted        158  Arakawa, Tokyo, Japan 公園 検索            -> Arakawa, Tokyo, Parks
  accepted        158  TokyoのArakawa地区の公園はどこですか？              -> Arakawa, Tokyo, Parks
  accepted        158  Show me parks in Arakawa, Tokyo, Jap   -> Arakawa, Tokyo, Japan, Parks
  accepted        158  Where are the parks located in Araka   -> Arakawa, Tokyo, Japan, Parks
  accepted        158  List all parks in Arakawa, Tokyo, Ja   -> Arakawa, Tokyo, Japan, Parks
  accepted        158  I am looking for parks in Arakawa, T   -> Arakawa, Tokyo, Japan, Parks

### Bunkyo, Tokyo, Japan / Parks
  seed concern finds 90; 8 utterances kept of 8 asked for
  accepted         90  文京区の公園を調べて                             -> Bunkyō, Tokyo, Parks
  accepted         90  東京・文京区の公園はどこですか？                       -> Bunkyō, Tokyo, Parks
  accepted         90  文京区にある公園リスト                            -> Bunkyō, Tokyo, Parks
  accepted         90  文京区の公園教えて                              -> Bunkyō, Tokyo, Parks
  invented_name       0  Parks in Bunkyo, Tokyo, Japan          -> 
  invented_name       0  Show me the parks in Bunkyo, Tokyo,    -> 
  invented_name       0  I am looking for parks in Bunkyo, To   -> 
  invented_name       0  Where can I find parks in Bunkyo, To   -> 

### Chofu, Tokyo, Japan / Parks
  seed concern finds 103; 8 utterances kept of 8 asked for
  accepted        103  Chofu, Tokyo, Japanの公園を探索して            -> Chofu, Tokyo, Parks
  accepted        103  Chofu, Tokyo, Japanにある公園を教えて           -> Chofu, Tokyo, Parks
  accepted        103  Chofu, Tokyo, Japan 公園 検索              -> Chofu, Tokyo, Parks
  accepted        103  Chofu, Tokyo, Japanの公園一覧表示             -> Chofu, Tokyo, Japan, Parks
  no_area_line       0  Chofu Tokyo Japan                      -> 
  accepted        103  Where are parks in Chofu, Tokyo, Jap   -> Chofu, Tokyo, Japan, Parks
  accepted        103  Show me parks in Chofu, Tokyo, Japan   -> Chofu, Tokyo, Japan, Parks
  accepted        103  I am looking for parks in Chofu, Tok   -> Chofu, Tokyo, Japan, Parks

### Chuo, Osaka, Osaka Prefecture, Japan / Parks
  seed concern finds 31; 8 utterances kept of 8 asked for
  invented_name       0  大阪府大阪市中区の公園                            -> 
  accepted         32  大阪市中央区にある公園を探しています                     -> Chuo, Osaka, Parks
  wrong_area        0  中央区 公園                                 -> Chūō, Tokyo, Parks
  invented_name       0  大阪府大阪市中区の公園一覧                          -> 
  accepted         31  Show me parks in Chuo, Osaka, Osaka    -> Chuo, Osaka, Osaka Prefectur
  accepted         31  Where can I find parks in Chuo, Osak   -> Chuo, Osaka, Osaka Prefectur
  accepted         31  I need a map of parks in Chuo, Osaka   -> Chuo, Osaka, Osaka Prefectur
  accepted         31  List all parks located in Chuo, Osak   -> Chuo, Osaka, Osaka Prefectur

### Dongdaemun-gu, Seoul, South Korea / Parks
  seed concern finds 59; 8 utterances kept of 8 asked for
  accepted         59  Dongdaemun-gu, Seoul, South Korea 内の   -> Dongdaemun-gu, Seoul, South 
  deep_gap          0  ソウルの東大門区にある公園はどこですか                    -> Dongdaemun District, Seoul, 
  accepted         59  Dongdaemun-gu, Seoul, South Korea のパ   -> Dongdaemun-gu, Seoul, South 
  deep_gap          0  東大門区の公園探してる                            -> Dongdaemun District, Parks
  accepted         59  Show me parks in Dongdaemun-gu, Seou   -> Dongdaemun-gu, Seoul, South 
  deep_gap          0  Where are the green spaces in Dongda   -> Dongdaemun-gu, Seoul, South 
  accepted         59  Find all parks located in Dongdaemun   -> Dongdaemun-gu, Seoul, South 
  accepted         59  I need a list of parks in Dongdaemun   -> Dongdaemun-gu, Seoul, South 

### Fuchu, Tokyo, Japan / Parks
  seed concern finds 175; 8 utterances kept of 8 asked for
  accepted        175  Fuchu, Tokyo, Japanの公園を教えてください。        -> Fuchu, Tokyo, Parks
  accepted        175  東京府中市の公園を探しています。                       -> Fuchū, Tokyo, Parks
  accepted        175  Fuchu, Tokyo, Japanにある公園はどこですか？        -> Fuchu, Tokyo, Parks
  accepted        175  府中市 公園                                 -> Fuchu City, Parks
  accepted        175  Where are the parks in Fuchu?          -> Fuchu, Parks
  accepted        175  I am looking for parks located in Fu   -> Fuchu, Tokyo, Japan, Parks
  accepted        175  Show me all the parks in Fuchu, Toky   -> Fuchu, Tokyo, Japan, Parks
  accepted        175  Can you find parks in Fuchu, Tokyo,    -> Fuchu, Tokyo, Japan, Parks

### Gangbuk-gu, Seoul, South Korea / Parks
  seed concern finds 16; 8 utterances kept of 8 asked for
  accepted         16  ソウル特別市江北区の公園                           -> Gangbuk-gu, Seoul, Parks
  deep_gap          0  ソウル 江北區 公園                             -> Gangbuk District, Seoul, Par
  wrong_area        0  江南区ではない、江北区の公園を探しています。                 -> Jiangbei District, Parks
  deep_gap          0  ソウル・ソウル特別市・江北区・公園                      -> Gangbuk District, Seoul, Par
  accepted         16  Parks in Gangbuk-gu, Seoul, South Ko   -> Gangbuk-gu, Seoul, South Kor
  accepted         16  Show me all parks located in Gangbuk   -> Gangbuk-gu, Seoul, South Kor
  accepted         16  Where are the parks in Gangbuk-gu, S   -> Gangbuk-gu, Seoul, South Kor
  accepted         16  List parks in Gangbuk-gu, Seoul, Sou   -> Gangbuk-gu, Seoul, South Kor

### Geumcheon-gu, Seoul, South Korea / Parks
  seed concern finds 88; 8 utterances kept of 8 asked for
  accepted         88  Seoul Geumcheon-gu no koen wo shite    -> Geumcheon-gu, Seoul, Parks
  accepted         88  Geumcheon-gu Seoul South Korea ni ar   -> Geumcheon-gu, Seoul, South K
  accepted         88  Geumcheon-gu Seoul South Korea park    -> Geumcheon-gu, Seoul, South K
  accepted         88  Geumcheon-gu, Seoul, South Korea par   -> Geumcheon-gu, Seoul, South K
  accepted         88  Where can I find parks in Geumcheon-   -> Geumcheon-gu, Seoul, South K
  accepted         88  Show me parks in Geumcheon-gu, Seoul   -> Geumcheon-gu, Seoul, South K
  accepted         88  I need to see parks located in Geumc   -> Geumcheon-gu, Seoul, South K
  accepted         88  Find parks in Geumcheon-gu, Seoul, S   -> Geumcheon-gu, Seoul, South K

### Hachijō, Tokyo, Japan / Parks
  seed concern finds 8; 8 utterances kept of 8 asked for
  accepted          8  Hachijō, Tokyo, Japanにある公園を教えて         -> Hachijo, Tokyo, Parks
  wrong_area        0  Hachijō, Tokyo, Japanの公園リスト            -> Hachioji, Tokyo, Parks
  accepted          8  Hachijō, Tokyo, Japan 公園               -> Hachijo, Tokyo, Parks
  deep_gap          0  Hachijō, Tokyo, Japanの緑地スポット           -> Hachijo, Tokyo, Green spaces
  accepted          8  Show me parks in Hachijō, Tokyo, Jap   -> Hachijō, Tokyo, Japan, Parks
  accepted          8  Where are the parks in Hachijō, Toky   -> Hachijō, Tokyo, Japan, Parks
  accepted          8  I'm looking for parks in Hachijō, To   -> Hachijō, Tokyo, Japan, Parks
  accepted          8  Find all parks in Hachijō, Tokyo, Ja   -> Hachijō, Tokyo, Japan, Parks

### Higashi Ward, Fukuoka, Fukuoka Prefecture, Japan / Parks
  seed concern finds 298; 8 utterances kept of 8 asked for
  wrong_area        0  東区の公園を教えてください                          -> Higashi, Tokyo, Parks
  accepted        300  福岡県福岡市東区内の公園マップ                        -> Higashi, Fukuoka, Fukuoka Pr
  wrong_area        0  東区の公園はどこですか                            -> Higashi, Tokyo, Parks
  wrong_area        0  東区の公園一覧                                -> Higashi, Tokyo, Parks
  accepted        298  Show parks in Higashi Ward, Fukuoka,   -> Higashi Ward, Fukuoka, Fukuo
  accepted        298  Where are the parks located in Higas   -> Higashi Ward, Fukuoka, Fukuo
  accepted        298  Find parks in Higashi Ward, Fukuoka,   -> Higashi Ward, Fukuoka, Fukuo
  accepted        298  List parks in Higashi Ward, Fukuoka,   -> Higashi Ward, Fukuoka, Fukuo

### Higashimurayama, Tokyo, Japan / Parks
  seed concern finds 48; 8 utterances kept of 8 asked for
  accepted         48  東村山市の公園を探して                            -> Higashimurayama, Tokyo, Park
  accepted         48  Tokyo Higashimurayama park map         -> Higashimurayama, Tokyo, Park
  accepted         48  東京東村山市にある公園はどこですか？                     -> Higashimurayama, Tokyo, Park
  accepted         48  Higashimurayama, Tokyo, Japan parks    -> Higashimurayama, Tokyo, Japa
  no_area_line       0  Higashimurayama, Tokyo, Japan          -> 
  accepted         48  Show me parks in Higashimurayama, To   -> Higashimurayama, Tokyo, Japa
  accepted         48  Can you list the parks located in Hi   -> Higashimurayama, Tokyo, Japa
  accepted         48  I am looking for parks in Higashimur   -> Higashimurayama, Tokyo, Japa

### Higashiyodogawa Ward, Osaka, Osaka Prefecture, Japan / Parks
  seed concern finds 105; 8 utterances kept of 8 asked for
  no_area_line       0  Higashiyodogawa Ward, Osaka, Osaka P   -> 
  accepted        105  Higashiyodogawa Ward, Osaka, Osaka P   -> Higashiyodogawa, Osaka, Park
  accepted        105  Higashiyodogawa Ward, Osaka, Osaka P   -> Higashiyodogawa, Osaka, Park
  accepted        105  Osaka Prefecture, Osaka, Higashiyodo   -> Higashiyodogawa, Osaka, Japa
  no_area_line       0  Higashiyodogawa Ward, Osaka, Osaka P   -> 
  accepted        105  Find parks in Higashiyodogawa Ward,    -> Higashiyodogawa Ward, Osaka,
  accepted        105  Where are the parks located in Higas   -> Higashiyodogawa Ward, Osaka,
  invented_name       0  Can you show me parks in Higashiyoda   -> 

### Hodogaya Ward, Yokohama, Kanagawa Prefecture, Japan / Parks
  seed concern finds 175; 8 utterances kept of 8 asked for
  invented_name       0  保土ケ谷区の公園を調べて                           -> 
  invented_name       0  横浜市の保土ケ谷区にある公園について知りたい                 -> 
  invented_name       0  神奈川県横浜市の保土ケ谷区の公園マップを表示して               -> 
  invented_name       0  保土ケ谷区の公園一覧                             -> 
  accepted        175  Show me the parks in Hodogaya Ward,    -> Hodogaya Ward, Yokohama, Kan
  accepted        175  List parks near Hodogaya Ward, Yokoh   -> Hodogaya Ward, Yokohama, Kan
  accepted        175  Where are the parks in Hodogaya Ward   -> Hodogaya Ward, Yokohama, Kan
  accepted        175  I need to find parks in Hodogaya War   -> Hodogaya Ward, Yokohama, Kan

### Itabashi, Tokyo, Japan / Parks
  seed concern finds 319; 8 utterances kept of 8 asked for
  accepted        319  東京の板橋区の公園を教えて                          -> Itabashi, Tokyo, Parks
  accepted        319  板橋区内にある公園リストを出力して                      -> Itabashi, Tokyo, Parks
  accepted        319  板橋区の公園はどこですか？                          -> Itabashi, Tokyo, Parks
  accepted        319  板橋区の公園について知りたいです                       -> Itabashi, Tokyo, Parks
  accepted        319  Show me the parks in Itabashi, Tokyo   -> Itabashi, Tokyo, Japan, Park
  accepted        319  I want to find parks in Itabashi, To   -> Itabashi, Tokyo, Japan, Park
  accepted        319  Please list the parks in Itabashi, T   -> Itabashi, Tokyo, Japan, Park
  accepted        319  Where are the parks in Itabashi, Tok   -> Itabashi, Tokyo, Japan, Park

### Jongno-gu, Seoul, South Korea / Parks
  seed concern finds 64; 8 utterances kept of 8 asked for
  accepted         64  종로구 공원을 찾아줘                            -> Jongno-gu, Seoul, Parks
  accepted         64  서울 종로구 공원 위치                           -> Jongno-gu, Seoul, Parks
  accepted         64  Jongno-gu, Seoul, South Korea의 공원      -> Jongno-gu, Seoul, South Kore
  accepted         64  종로구 공원 어디에 있나요?                        -> Jongno-gu, Seoul, Parks
  no_area_line       0  Where is Jongno-gu, Seoul, South Kor   -> 
  no_area_line       0  Find Jongno-gu, Seoul, South Korea     -> 
  no_area_line       0  I want to go to Jongno-gu, Seoul, So   -> 
  no_area_line       0  Search for Jongno-gu, Seoul, South K   -> 

### Kamigyō Ward, Kyoto, Kyoto Prefecture, Japan / Parks
  seed concern finds 30; 8 utterances kept of 8 asked for
  accepted         30  京都府京都市上京区の公園を教えて                       -> Kamigyō, Kyoto, Parks
  accepted         30  上京区内の公園はどこにありますか？                      -> Kamigyo, Kyoto, Parks
  accepted         30  上京区の公園一覧                               -> Kamigyo, Kyoto, Parks
  accepted         30  上京区にある公園を知りたい                          -> Kamigyō, Kyoto, Parks
  accepted         30  Where are the parks in Kamigyō Ward,   -> Kamigyō Ward, Kyoto, Kyoto P
  accepted         30  I need a list of parks located in Ka   -> Kamigyō Ward, Kyoto, Kyoto P
  accepted         30  Find all parks in Kamigyō Ward, Kyot   -> Kamigyō Ward, Kyoto, Kyoto P
  accepted         30  Can you show me the parks in Kamigyō   -> Kamigyō Ward, Kyoto, Kyoto P

### Kita Ward, Kyoto, Kyoto Prefecture, Japan / Parks
  seed concern finds 71; 8 utterances kept of 8 asked for
  accepted         71  京都市北区の公園を探している                         -> Kita, Kyoto, Parks
  wrong_area        0  北区にある公園を教えてください                        -> Kita, Tokyo, Parks
  accepted         71  京都・北区の公園一覧                             -> Kita, Kyoto, Parks
  accepted         71  京都市北区 公園                               -> Kita, Kyoto, Parks
  accepted         71  Where are the parks in Kita Ward, Ky   -> Kita Ward, Kyoto, Parks
  accepted         71  I need to find parks in Kita Ward, K   -> Kita Ward, Kyoto, Kyoto Pref
  accepted         71  Can you list the parks in Kita Ward,   -> Kita Ward, Kyoto, Kyoto Pref
  accepted         71  Find parks in Kita Ward, Kyoto, Kyot   -> Kita Ward, Kyoto, Kyoto Pref

### Kita Ward, Saitama, Saitama Prefecture, Japan / Parks
  seed concern finds 123; 8 utterances kept of 8 asked for
  accepted        123  さいたま市北区の公園を探しています                      -> Kita, Saitama, Parks
  wrong_area        0  北区にある公園を教えてください                        -> Kita, Tokyo, Parks
  accepted        123  さいたま市北区の公園一覧を表示して                      -> Kita, Saitama, Parks
  wrong_area        0  北区の公園はどこにありますか                         -> Kita, Tokyo, Parks
  no_area_line       0  Where is Kita Ward, Saitama, Saitama   -> 
  accepted        123  Show me parks in Kita Ward, Saitama,   -> Kita Ward, Saitama, Saitama 
  accepted        123  I want to find parks in Kita Ward, S   -> Kita Ward, Saitama, Saitama 
  accepted        123  List all parks located in Kita Ward,   -> Kita Ward, Saitama, Saitama 

### Kohoku Ward, Yokohama, Kanagawa Prefecture, Japan / Parks
  seed concern finds 180; 8 utterances kept of 8 asked for
  accepted        178  横浜市港北区にある公園を教えて                        -> Kohoku, Yokohama, Parks
  accepted        180  神奈川県横浜市港北区の公園一覧                        -> Kohoku, Yokohama, Kanagawa, 
  accepted        178  港北区にどんな公園がある？                          -> Kohoku, Yokohama, Parks
  accepted        180  神奈川県横浜市港北区の公園を探して                      -> Kohoku, Yokohama, Kanagawa, 
  accepted        180  Where can I find parks in Kohoku War   -> Kohoku Ward, Yokohama, Kanag
  accepted        180  I am looking for parks in Kohoku War   -> Kohoku Ward, Yokohama, Kanag
  accepted        180  List all parks located in Kohoku War   -> Kohoku Ward, Yokohama, Kanag
  accepted        180  Show me parks in Kohoku Ward, Yokoha   -> Kohoku Ward, Yokohama, Kanag

### Konan Ward, Yokohama, Kanagawa Prefecture, Japan / Parks
  seed concern finds 9; 4 utterances kept of 8 asked for
  wrong_area        0  Where can I find parks in Konan Ward   -> Konan Ward, Parks
  wrong_area        0  Show me parks in Konan Ward on the m   -> Konan Ward, Parks
  wrong_area        0  I am looking for parks located in Ko   -> Konan Ward, Parks
  wrong_area        0  Could you list the parks in Konan Wa   -> Konan Ward, Kobe, Parks

### Kunitachi, Tokyo, Japan / Parks
  seed concern finds 45; 8 utterances kept of 8 asked for
  accepted         45  Kunitachi, Tokyo, Japanの公園を探しています      -> Kunitachi, Tokyo, Parks
  wrong_area        0  国立市の公園はどこですか                           -> Tachikawa, Tokyo, Parks
  wrong_area        0  東京の国立にある公園を教えてください                     -> Kokubunji, Tokyo, Parks
  accepted         45  Kunitachi, Tokyo, Japanで公園を探して         -> Kunitachi, Tokyo, Parks
  accepted         45  Show me parks in Kunitachi, Tokyo, J   -> Kunitachi, Tokyo, Japan, Par
  no_area_line       0  Kunitachi, Tokyo, Japan                -> 
  accepted         45  List all parks in Kunitachi, Tokyo,    -> Kunitachi, Tokyo, Japan, Par
  accepted         45  Where are the parks in Kunitachi, To   -> Kunitachi, Tokyo, Japan, Par

### Mapo-gu, Seoul, South Korea / Parks
  seed concern finds 98; 8 utterances kept of 8 asked for
  accepted         98  ソウルの麻浦区の公園はどこですか？                      -> Mapo, Seoul, Parks
  accepted         98  Mapo-gu, Seoul, South Korea 内の公園を教えて   -> Mapo-gu, Seoul, South Korea,
  accepted         98  麻浦区 パーク 検索                             -> Mapo, Seoul, Parks
  wrong_area        0  Please show me parks in Mapo-gu        -> Mapo-gu, Parks
  accepted         98  Show me parks in Mapo-gu, Seoul, Sou   -> Mapo-gu, Seoul, South Korea,
  accepted         98  Where are the parks located in Mapo-   -> Mapo-gu, Seoul, South Korea,
  accepted         98  I need to find parks in Mapo-gu, Seo   -> Mapo-gu, Seoul, South Korea,
  accepted         98  List all parks in Mapo-gu, Seoul, So   -> Mapo-gu, Seoul, South Korea,

### Midori Ward, Yokohama, Kanagawa Prefecture, Japan / Parks
  seed concern finds 181; 8 utterances kept of 8 asked for
  invented_name       0  横浜市中区の公園を教えて                           -> 
  accepted        181  Midori Wardの公園はどこですか                   -> Midori Ward, Yokohama, Parks
  accepted        181  神奈川県の緑区にある公園リスト                        -> Midori-ku, Kanagawa Prefectu
  accepted        181  横浜緑区の公園を調べて                            -> Midori-ku, Yokohama, Parks
  accepted        181  Show me parks in Midori Ward, Yokoha   -> Midori Ward, Yokohama, Kanag
  accepted        181  Where are the parks located in Midor   -> Midori Ward, Yokohama, Kanag
  accepted        181  List all parks in Midori Ward, Yokoh   -> Midori Ward, Yokohama, Kanag
  accepted        181  I am looking for parks in Midori War   -> Midori Ward, Yokohama, Kanag

### Minami Ward, Nagoya, Aichi Prefecture, Japan / Parks
  seed concern finds 116; 8 utterances kept of 8 asked for
  invented_name       0  名古屋市中区の公園を教えて                          -> 
  invented_name       0  愛知県名古屋市中区の公園はどこですか？                    -> 
  invented_name       0  中区の公園一覧                                -> 
  invented_name       0  愛知県名古屋市中区の公園                           -> 
  accepted        116  Find parks in Minami Ward, Nagoya, A   -> Minami Ward, Nagoya, Aichi P
  accepted        116  Where are the parks located in Minam   -> Minami Ward, Nagoya, Aichi P
  accepted        116  Show me all parks in Minami Ward, Na   -> Minami Ward, Nagoya, Aichi P
  accepted        116  List parks in Minami Ward, Nagoya, A   -> Minami Ward, Nagoya, Aichi P

### Minato Ward, Osaka, Osaka Prefecture, Japan / Parks
  seed concern finds 43; 8 utterances kept of 8 asked for
  invented_name       0  大阪府大阪市港北区の公園を調べて                       -> 
  accepted         43  大阪 港区 公園 検索                            -> Minato-ku, Osaka, Parks
  accepted         43  大阪市港区にある公園はどこですか                       -> Minato, Osaka, Parks
  invented_name       0  大阪府大阪市港北区の公園一覧を表示して                    -> 
  accepted         43  Show me all the parks in Minato Ward   -> Minato Ward, Osaka, Osaka Pr
  deep_gap          0  I need a list of green spaces locate   -> Minato Ward, Osaka, Osaka Pr
  accepted         43  Where are the parks in Minato Ward,    -> Minato Ward, Osaka, Osaka Pr
  accepted         43  Find parks in Minato Ward, Osaka, Os   -> Minato Ward, Osaka, Osaka Pr

### Miyake, Tokyo, Japan / Parks
  seed concern finds 9; 8 utterances kept of 8 asked for
  wrong_area        0  三宅島の公園を教えて                             -> Miyakejima, Parks
  accepted          9  Miyake, Tokyo, Japanにある公園を探して          -> Miyake, Tokyo, Parks
  wrong_area        0  三宅島の公園一覧を表示して                          -> Miyakejima, Parks
  accepted          9  Miyake, Tokyo, Japanの公園について知りたい        -> Miyake, Tokyo, Parks
  accepted          9  Show me parks in Miyake, Tokyo, Japa   -> Miyake, Tokyo, Japan, Parks
  accepted          9  I need a list of parks located in Mi   -> Miyake, Tokyo, Parks
  accepted          9  Where are the parks in Miyake, Tokyo   -> Miyake, Tokyo, Japan, Parks
  accepted          9  Find all parks in Miyake, Tokyo, Jap   -> Miyake, Tokyo, Japan, Parks

### Musashimurayama, Tokyo, Japan / Parks
  seed concern finds 34; 8 utterances kept of 8 asked for
  accepted         34  武蔵村山市の公園を教えて                           -> Musashimurayama, Tokyo, Park
  accepted         34  Tokyo no Musashimurayama ni aru koue   -> Musashimurayama, Tokyo, Park
  accepted         34  武蔵村山市にある公園一覧                           -> Musashimurayama City, Parks
  accepted         34  Musashimurayama, Tokyo, Japan no kou   -> Musashimurayama, Tokyo, Park
  accepted         34  Parks in Musashimurayama, Tokyo, Jap   -> Musashimurayama, Tokyo, Japa
  accepted         34  Find parks in Musashimurayama, Tokyo   -> Musashimurayama, Tokyo, Japa
  accepted         34  Show me parks located in Musashimura   -> Musashimurayama, Tokyo, Japa
  accepted         34  Where are the parks in Musashimuraya   -> Musashimurayama, Tokyo, Japa

### Nakagawa Ward, Nagoya, Aichi Prefecture, Japan / Parks
  seed concern finds 1738; 8 utterances kept of 8 asked for
  invented_name       0  名古屋市北区の公園                              -> 
  invented_name       0  愛知県名古屋市北区にある公園を教えてください                 -> 
  invented_name       0  名古屋市の北区で公園を探している                       -> 
  invented_name       0  愛知県の名古屋市北区の公園一覧                        -> 
  accepted       1738  Show me parks in Nakagawa Ward, Nago   -> Nakagawa Ward, Nagoya, Aichi
  accepted       1738  I need a map of all parks in Nakagaw   -> Nakagawa Ward, Nagoya, Aichi
  accepted       1738  Where are the parks located in Nakag   -> Nakagawa Ward, Nagoya, Aichi
  accepted       1738  List parks in Nakagawa Ward, Nagoya,   -> Nakagawa Ward, Nagoya, Aichi

### Naniwa Ward, Osaka, Osaka Prefecture, Japan / Parks
  seed concern finds 1266; 8 utterances kept of 8 asked for
  wrong_area        0  浪速区の公園を教えて                             -> Naniwa, Osaka, Parks
  wrong_area        0  大阪府大阪市浪速区の公園一覧                         -> Naniwa, Osaka, Parks
  wrong_area        0  浪速区で公園を探す                              -> Naniwa, Osaka, Parks
  wrong_area        0  大阪 浪速区 公園                              -> Naniwa, Osaka, Parks
  wrong_area        0  Show me parks in Naniwa Ward           -> Naniwa Ward, Parks
  accepted        957  I am looking for parks located in Na   -> Naniwa Ward, Osaka, Parks
  accepted       1272  Find all the green spaces and parks    -> Naniwa Ward, Osaka, Japan, G
  wrong_area        0  Please list the parks in Naniwa Ward   -> Naniwa Ward, Parks

### Nishi Ward, Nagoya, Aichi Prefecture, Japan / Parks
  seed concern finds 108; 8 utterances kept of 8 asked for
  wrong_area        0  愛知県名古屋市西区の公園を教えてください                   -> Nishi-ku, Nagoya, Aichi, Par
  wrong_area        0  西区にある公園はどこ？                            -> Nishi, Osaka, Parks
  accepted        108  名古屋市西区の公園リスト                           -> Nishi, Nagoya, Parks
  wrong_area        0  西区の公園探して                               -> Nishi, Osaka, Parks
  accepted        108  Parks in Nishi Ward, Nagoya, Aichi P   -> Nishi Ward, Nagoya, Aichi Pr
  accepted        108  Where are the parks located in Nishi   -> Nishi Ward, Nagoya, Aichi Pr
  accepted        108  Show me parks in Nishi Ward, Nagoya,   -> Nishi Ward, Nagoya, Aichi Pr
  accepted        108  List all parks in Nishi Ward, Nagoya   -> Nishi Ward, Nagoya, Aichi Pr

### Nishi Ward, Yokohama, Kanagawa Prefecture, Japan / Parks
  seed concern finds 53; 8 utterances kept of 8 asked for
  accepted         53  横浜市の西区にある公園を教えて。                       -> Nishi, Yokohama, Parks
  accepted         53  神奈川県横浜西区の公園リスト                         -> Nishi-ku, Yokohama, Kanagawa
  accepted         53  Yokohama Nishi-ku parks                -> Nishi-ku, Yokohama, Parks
  wrong_area        0  西区の公園どこ？                               -> Nishi, Osaka, Parks
  accepted         53  Show me parks in Nishi Ward, Yokoham   -> Nishi Ward, Yokohama, Kanaga
  accepted         53  Where are the parks located in Nishi   -> Nishi Ward, Yokohama, Kanaga
  deep_gap          0  Find green spaces in Nishi Ward, Yok   -> Nishi Ward, Yokohama, Kanaga
  accepted         53  I need a list of all parks in Nishi    -> Nishi Ward, Yokohama, Kanaga

### Nishitokyo, Tokyo, Japan / Parks
  seed concern finds 185; 8 utterances kept of 8 asked for
  wrong_area        0  西東京市にある公園を教えてください                      -> Nishi-Tokyo, Tokyo, Parks
  wrong_area        0  東京の西東京市に公園はどこですか                       -> Nishi-Tokyo, Tokyo, Parks
  wrong_area        0  西東京市の公園マップを表示して                        -> Nishi-Tokyo, Tokyo, Parks
  wrong_area        0  西東京市にどんな公園がありますか                       -> Nishi-Tokyo, Tokyo, Parks
  accepted        185  Find parks in Nishitokyo, Tokyo, Jap   -> Nishitokyo, Tokyo, Japan, Pa
  accepted        185  Where are the parks located in Nishi   -> Nishitokyo, Tokyo, Japan, Pa
  accepted        185  Show me all parks in Nishitokyo, Tok   -> Nishitokyo, Tokyo, Japan, Pa
  accepted        185  I am looking for parks in Nishitokyo   -> Nishitokyo, Tokyo, Japan, Pa

### Okutama, Tokyo, Japan / Parks
  seed concern finds 1; 8 utterances kept of 8 asked for
  invented_name       0  東京奥多にある公園を教えてください                      -> 
  accepted          1  Okutama, Tokyo, Japanの公園一覧             -> Okutama, Tokyo, Parks
  accepted          1  東京の奥多摩エリアのパークを探してる                     -> Okutama, Tokyo, Parks
  accepted          1  奥多摩の公園について教えて                          -> Okutama, Tokyo, Parks
  accepted          1  Show me parks in Okutama, Tokyo, Jap   -> Okutama, Tokyo, Japan, Parks
  accepted          1  I am looking for parks located in Ok   -> Okutama, Tokyo, Japan, Parks
  accepted          1  List all parks in Okutama, Tokyo, Ja   -> Okutama, Tokyo, Japan, Parks
  accepted          1  Where are the parks in Okutama, Toky   -> Okutama, Tokyo, Japan, Parks

### Ota, Tokyo, Japan / Parks
  seed concern finds 229; 8 utterances kept of 8 asked for
  accepted        232  東京の大田区の公園を教えて                          -> Ota, Tokyo, Parks
  accepted        232  Ota, Tokyo, Japanの公園                   -> Ota, Tokyo, Parks
  accepted        232  大田区にある公園一覧                             -> Ota, Tokyo, Parks
  accepted        232  Ota, Tokyo, Japanのパーク情報                -> Ota, Tokyo, Parks
  accepted        229  Parks in Ota, Tokyo, Japan             -> Ota, Tokyo, Japan, Parks
  accepted        229  Show me parks located in Ota, Tokyo,   -> Ota, Tokyo, Japan, Parks
  accepted        229  I'm looking for parks in Ota, Tokyo,   -> Ota, Tokyo, Japan, Parks
  accepted        229  List parks in Ota, Tokyo, Japan plea   -> Ota, Tokyo, Japan, Parks

### Sawara Ward, Fukuoka, Fukuoka Prefecture, Japan / Parks
  seed concern finds 131; 5 utterances kept of 8 asked for
  no_area_line       0  Sawara Ward, Fukuoka, Fukuoka Prefec   -> 
  accepted        131  Show me parks in Sawara Ward, Fukuok   -> Sawara Ward, Fukuoka, Fukuok
  accepted        131  Where are the parks in Sawara Ward,    -> Sawara Ward, Fukuoka, Fukuok
  accepted        131  I need a list of parks located in Sa   -> Sawara Ward, Fukuoka, Fukuok
  accepted        131  Find parks in Sawara Ward, Fukuoka,    -> Sawara Ward, Fukuoka, Fukuok

### Seongdong-gu, Seoul, South Korea / Parks
  seed concern finds 68; 8 utterances kept of 8 asked for
  accepted         68  Seongdong-gu, Seoul, South Koreaの公園を   -> Seongdong-gu, Seoul, South K
  accepted         68  Seongdong-gu, Seoul, South Koreaにある公   -> Seongdong-gu, Seoul, Parks
  accepted         68  Seongdong-gu, Seoul, South Koreaの公園一   -> Seongdong-gu, Seoul, South K
  accepted         68  Seongdong-gu, Seoul, South Korea 公園    -> Seongdong-gu, Seoul, South K
  accepted         68  Parks in Seongdong-gu, Seoul, South    -> Seongdong-gu, Seoul, South K
  accepted         68  I need to find parks in Seongdong-gu   -> Seongdong-gu, Seoul, South K
  accepted         68  Show me all parks in Seongdong-gu, S   -> Seongdong-gu, Seoul, South K
  accepted         68  Where can I find parks in Seongdong-   -> Seongdong-gu, Seoul, South K

### Sham Shui Po District, Hong Kong, China / Parks
  seed concern finds 49; 8 utterances kept of 8 asked for
  invented_name       0  シャムシュイポー地区の公園                          -> 
  invented_name       0  シャムシュイポー地区のパークについて教えて                  -> 
  invented_name       0  香港シャムシュイポー地区にある公園一覧                    -> 
  invented_name       0  シャムシュイポー地区 公園                          -> 
  accepted         49  Show me parks in Sham Shui Po Distri   -> Sham Shui Po District, Hong 
  accepted         49  Parks Sham Shui Po District, Hong Ko   -> Sham Shui Po District, Hong 
  accepted         49  Where are the parks located in Sham    -> Sham Shui Po District, Hong 
  no_area_line       0  List of parks in Sham Shui Po Distri   -> 

### Shinjuku, Tokyo, Japan / Parks
  seed concern finds 140; 8 utterances kept of 8 asked for
  accepted        140  Shinjuku, Tokyo, Japanの公園              -> Shinjuku, Tokyo, Parks
  accepted        140  Shinjuku, Tokyo, Japanにある公園を教えて        -> Shinjuku, Tokyo, Parks
  accepted        140  Shinjuku, Tokyo, Japanの公園はどこですか？       -> Shinjuku, Tokyo, Parks
  accepted        140  Shinjuku, Tokyo, Japanの公園一覧            -> Shinjuku, Tokyo, Japan, Park
  no_area_line       0  Tell me about Shinjuku, Tokyo, Japan   -> 
  no_area_line       0  What can I find in Shinjuku, Tokyo,    -> 
  no_area_line       0  Show me Shinjuku, Tokyo, Japan         -> 
  no_area_line       0  I want to see Shinjuku, Tokyo, Japan   -> 

### Sumida, Tokyo, Japan / Parks
  seed concern finds 131; 8 utterances kept of 8 asked for
  accepted        131  墨田区の公園を教えて                             -> Sumida, Tokyo, Parks
  accepted        131  東京・墨田にある公園はどこですか？                      -> Sumida, Tokyo, Parks
  invented_name       0  すみだ、東京、日本の公園リスト                        -> 
  accepted        131  墨田区内の公園名                               -> Sumida, Tokyo, Parks
  accepted        131  Where are the parks in Sumida, Tokyo   -> Sumida, Tokyo, Japan, Parks
  accepted        131  Show me parks in Sumida, Tokyo, Japa   -> Sumida, Tokyo, Japan, Parks
  accepted        131  I need to find parks in Sumida, Toky   -> Sumida, Tokyo, Japan, Parks
  accepted        131  Please locate parks in Sumida, Tokyo   -> Sumida, Tokyo, Japan, Parks

### Tai Po District, Hong Kong, China / Parks
  seed concern finds 82; 8 utterances kept of 8 asked for
  no_area_line       0  Tai Po District, Hong Kong, China      -> 
  accepted         82  Tai Po District, Hong Kong, China の公   -> Tai Po District, Hong Kong, 
  accepted         82  Tai Po District, Hong Kong, China のパ   -> Tai Po District, Hong Kong, 
  accepted         82  Tai Po District, Hong Kong, China にあ   -> Tai Po District, Hong Kong, 
  accepted         82  Show me parks in Tai Po District, Ho   -> Tai Po District, Hong Kong, 
  accepted         82  Where can I find parks in Tai Po Dis   -> Tai Po District, Hong Kong, 
  accepted         82  List all the parks located in Tai Po   -> Tai Po District, Hong Kong, 
  accepted         82  I need to see parks in Tai Po Distri   -> Tai Po District, Hong Kong, 

### Tenpaku Ward, Nagoya, Aichi Prefecture, Japan / Parks
  seed concern finds 159; 8 utterances kept of 8 asked for
  no_area_line       0  tenpaku ward, nagoya, aichi prefectu   -> 
  accepted        159  愛知県名古屋市天白区の公園                          -> Tenpaku, Nagoya, Aichi, Park
  accepted        159  Tenpaku Ward, Nagoya, Aichi Prefectu   -> Tenpaku, Nagoya, Aichi Prefe
  accepted        159  愛知県名古屋市天白区の公園を教えて                      -> Tenpaku, Nagoya, Aichi, Park
  accepted        159  Where are the parks in Tenpaku Ward,   -> Tenpaku Ward, Nagoya, Aichi 
  accepted        159  Show me all parks in Tenpaku Ward, N   -> Tenpaku Ward, Nagoya, Aichi 
  accepted        159  I am looking for parks located in Te   -> Tenpaku Ward, Nagoya, Aichi 
  accepted        159  Please list the parks in Tenpaku War   -> Tenpaku Ward, Nagoya, Aichi 

### Tsurumi Ward, Osaka, Osaka Prefecture, Japan / Parks
  seed concern finds 67; 8 utterances kept of 8 asked for
  accepted         68  大阪市鶴見区のパークを教えて                         -> Tsurumi, Osaka, Parks
  wrong_area        0  鶴見区の公園リスト                              -> Tsurumi, Yokohama, Parks
  wrong_area        0  鶴見区内の緑地施設を調べたい                         -> Tsurum, Yokohama, Green spac
  accepted         19  Osaka Tsurumi Ward parks search        -> Tsurumi Ward, Osaka, Parks
  accepted         67  Show me all parks in Tsurumi Ward, O   -> Tsurumi Ward, Osaka, Osaka P
  accepted         67  List of parks in Tsurumi Ward, Osaka   -> Tsurumi Ward, Osaka, Osaka P
  accepted         67  Find parks near Tsurumi Ward, Osaka,   -> Tsurumi Ward, Osaka, Osaka P
  accepted         67  Where are the parks in Tsurumi Ward,   -> Tsurumi Ward, Osaka, Osaka P

### Urawa Ward, Saitama, Saitama Prefecture, Japan / Parks
  seed concern finds 54; 8 utterances kept of 8 asked for
  accepted         54  埼玉県さいたま市浦和区の公園を教えて                     -> Urawa, Saitama, Parks
  accepted         54  浦和区内にある公園の一覧を教えてください                   -> Urawa, Saitama, Parks
  accepted         54  さいたま市浦和区の公園はどこですか                      -> Urawa-ku, Saitama, Parks
  accepted         54  浦和区の公園探して                              -> Urawa, Saitama, Parks
  wrong_area        0  Where are the parks in Urawa Ward?     -> Urawa Ward, Parks
  accepted         54  Find parks near Urawa Ward, Saitama    -> Urawa Ward, Saitama, Parks
  accepted         54  I need locations of parks in Urawa W   -> Urawa Ward, Saitama, Parks
  accepted         54  Show me parks in Urawa Ward, Saitama   -> Urawa Ward, Saitama, Parks

### Yangcheon-gu, Seoul, South Korea / Parks
  seed concern finds 94; 8 utterances kept of 8 asked for
  invented_name       0  龍山郡の公園を教えて                             -> 
  accepted         61  서울 양천구 공원 위치                           -> Yangcheon-gu, Seoul, Parks
  accepted         94  Yangcheon-gu, Seoul, South Koreaの公園一   -> Yangcheon-gu, Seoul, South K
  accepted         61  양천구 공원 찾아줘                             -> Yangcheon-gu, Seoul, Parks
  accepted         94  Show me all parks in Yangcheon-gu, S   -> Yangcheon-gu, Seoul, South K
  accepted         94  Where are the parks located in Yangc   -> Yangcheon-gu, Seoul, South K
  accepted         94  List parks in Yangcheon-gu, Seoul, S   -> Yangcheon-gu, Seoul, South K
  accepted         94  Find parks in Yangcheon-gu, Seoul, S   -> Yangcheon-gu, Seoul, South K

### Yongsan-gu, Seoul, South Korea / Parks
  seed concern finds 49; 8 utterances kept of 8 asked for
  accepted         49  龍山区の公園リストを教えて。                         -> Yongsan, Seoul, Parks
  accepted         49  ソウル・龍山にある公園はどこですか？                     -> Yongsan, Seoul, Parks
  accepted         49  龍山区内の公園一覧をお願いします。                      -> Yongsan-gu, Seoul, Parks
  accepted         49  Yongsan-gu, Seoul, South Koreaの公園を探し   -> Yongsan-gu, Seoul, South Kor
  no_area_line       0  Where is Yongsan-gu, Seoul, South Ko   -> 
  no_area_line       0  Yongsan-gu, Seoul, South Korea on th   -> 
  no_area_line       0  Can you show me Yongsan-gu, Seoul, S   -> 
  no_area_line       0  Find Yongsan-gu, Seoul, South Korea    -> 

### Chuo Ward, Fukuoka, Fukuoka Prefecture, Japan / Pharmacies
  seed concern finds 45; 8 utterances kept of 8 asked for
  deep_gap          0  福岡県福岡市中央区の薬局を教えて                       -> Chuo, Fukuoka, Fukuoka Prefe
  wrong_area        0  中央区にある薬局を調べて                           -> Chuo, Tokyo, Pharmacies
  accepted         45  福岡市中央区 薬局 場所                           -> Chuo, Fukuoka, Pharmacies
  wrong_area        0  福岡県福岡市中央区内の薬局一覧                        -> Chuo-ku, Fukuoka, Fukuoka Pr
  invented_name       0  Where are the pharmacies in Chuo War   -> 
  invented_name       0  Find pharmacies in Chuo Ward, Fukuok   -> 
  invented_name       0  I need to find a pharmacy in Chuo Wa   -> 
  invented_name       0  Search for pharmacies in Chuo Ward     -> 

### Dongjak-gu, Seoul, South Korea / Pharmacies
  seed concern finds 20; 8 utterances kept of 8 asked for
  invented_name       0  東ジャク区の薬局を教えて                           -> 
  invented_name       0  ソウル・東ジャク区にあるドラッグストアを探している              -> 
  invented_name       0  東ジャク区で薬を買える場所を教えていただけますか？              -> 
  invented_name       0  東ジャク区の薬局の一覧が表示されますか？                   -> 
  accepted         20  Show pharmacies in Dongjak-gu, Seoul   -> Dongjak-gu, Seoul, South Kor
  accepted         20  Find pharmacies Dongjak-gu Seoul Sou   -> Dongjak-gu, Seoul, South Kor
  accepted         20  Where can I find pharmacies in Dongj   -> Dongjak-gu, Seoul, South Kor
  accepted         20  I need pharmacies in Dongjak-gu, Seo   -> Dongjak-gu, Seoul, South Kor

### Futian District, Shenzhen, Guangdong Province, China / Pharmacies
  seed concern finds 6; 8 utterances kept of 8 asked for
  accepted          6  深圳市福田区の薬局                              -> Futian District, Shenzhen, P
  accepted          6  広東省深圳市福田区にある薬屋を教えて                     -> Futian District, Shenzhen, G
  accepted          6  深圳市福田区 薬局 一覧                           -> Futian District, Shenzhen, P
  deep_gap          0  深圳市福田区の処方箋薬局を探して                       -> Futian, Shenzhen, Prescripti
  accepted          6  Where are the pharmacies in Futian D   -> Futian District, Shenzhen, G
  deep_gap          0  Find pharmacies within Futian Distri   -> 福田区, 深圳市, 广东省, 中国, 药店
  accepted          6  Show me all pharmacies in Futian Dis   -> Futian District, Shenzhen, G
  accepted          6  List pharmacies in Futian District,    -> Futian District, Shenzhen, G

### Gangseo-gu, Seoul, South Korea / Pharmacies
  seed concern finds 13; 8 utterances kept of 8 asked for
  accepted         13  Gangseo-gu, Seoul, South Koreaの薬局を教え   -> Gangseo-gu, Seoul, South Kor
  accepted         13  ソウルのGangseo-gu, Seoul, South Koreaにあ   -> Gangseo-gu, Seoul, South Kor
  accepted         13  Gangseo-gu, Seoul, South Korea 薬局      -> Gangseo-gu, Seoul, South Kor
  accepted         13  Gangseo-gu, Seoul, South Koreaで薬局を探し   -> Gangseo-gu, Seoul, Pharmacie
  accepted         13  Where are the pharmacies in Gangseo-   -> Gangseo-gu, Seoul, South Kor
  accepted         13  I need to find a pharmacy located in   -> Gangseo-gu, Seoul, South Kor
  accepted         13  Show me pharmacies near Gangseo-gu,    -> Gangseo-gu, Seoul, South Kor
  accepted         13  Gangseo-gu, Seoul, South Korea has w   -> Gangseo-gu, Seoul, South Kor

### Gwangjin-gu, Seoul, South Korea / Pharmacies
  seed concern finds 32; 8 utterances kept of 8 asked for
  accepted         32  Seoul Gwangjin-guの薬局を教えてください           -> Gwangjin-gu, Seoul, Pharmaci
  invented_name       0  光津区のドラッグストアはどこですか？                     -> 
  invented_name       0  ソウル光津区にある薬局一覧                          -> 
  accepted         32  Gwangjin-guの薬局を探している                   -> Gwangjin-gu, Seoul, Pharmaci
  accepted         32  Show me all the pharmacies in Gwangj   -> Gwangjin-gu, Seoul, South Ko
  accepted         32  Find pharmacy locations in Gwangjin-   -> Gwangjin-gu, Seoul, South Ko
  accepted         32  Where are the pharmacies in Gwangjin   -> Gwangjin-gu, Seoul, South Ko
  accepted         32  List pharmacies in Gwangjin-gu, Seou   -> Gwangjin-gu, Seoul, South Ko

### Jung-gu, Seoul, South Korea / Pharmacies
  seed concern finds 9; 8 utterances kept of 8 asked for
  invented_name       0  ソウル市忠武区の薬局一覧                           -> 
  invented_name       0  ソウル 忠武区 薬局 検索                          -> 
  invented_name       0  忠武区のドラッグストア教えて                         -> 
  accepted          9  ソウル市中区にある薬屋さんを探して                      -> Jung-gu, Seoul, Pharmacies
  accepted          9  Where are the pharmacies in Jung-gu,   -> Jung-gu, Seoul, South Korea,
  accepted          9  I need to find a pharmacy in Jung-gu   -> Jung-gu, Seoul, South Korea,
  accepted          9  Find pharmacies located in Jung-gu,    -> Jung-gu, Seoul, South Korea,
  accepted          9  Show me pharmacies in Jung-gu, Seoul   -> Jung-gu, Seoul, South Korea,

### Kowloon City District, Hong Kong, China / Pharmacies
  seed concern finds 17; 8 utterances kept of 8 asked for
  invented_name       0  九龍城區にある薬局を教えて                          -> 
  deep_gap          0  Kowloon City Districtのドラッグストア          -> Kowloon City District, Drugs
  invented_name       0  九龍城 薬局 一覧                              -> 
  accepted         17  Show me pharmacies in Kowloon City D   -> Kowloon City District, Pharm
  accepted         17  Find pharmacies in Kowloon City Dist   -> Kowloon City District, Hong 
  accepted         17  Where are the pharmacies in Kowloon    -> Kowloon City District, Hong 
  accepted         17  Show me pharmacies located in Kowloo   -> Kowloon City District, Hong 
  accepted         17  List of pharmacies in Kowloon City D   -> Kowloon City District, Hong 

### Mapo-gu, Seoul, South Korea / Pharmacies
  seed concern finds 28; 8 utterances kept of 8 asked for
  accepted         28  Mapo-gu, Seoul, South Koreaの薬局を教えて     -> Mapo-gu, Seoul, South Korea,
  accepted         28  ソウル麻浦区の薬局を探して                          -> Mapo, Seoul, Pharmacies
  accepted         28  Seoul South KoreaのMapo-guにある薬局はどこ？     -> Mapo-gu, Seoul, South Korea,
  accepted         28  麻浦区ソウル市に薬屋さんありますか？                     -> Mapo, Seoul, Pharmacies
  accepted         28  Show me all pharmacies in Mapo-gu, S   -> Mapo-gu, Seoul, South Korea,
  accepted         28  Where are the pharmacies located in    -> Mapo-gu, Seoul, South Korea,
  accepted         28  I need a list of pharmacies in Mapo-   -> Mapo-gu, Seoul, South Korea,
  accepted         28  Find pharmacies in Mapo-gu, Seoul, S   -> Mapo-gu, Seoul, South Korea,

### Pristina, Municipality of Pristina, District of Pristina, Kosovo / Pharmacies
  seed concern finds 93; 8 utterances kept of 8 asked for
  accepted         93  Pristina, Municipality of Pristina,    -> Pristina, Municipality of Pr
  accepted         93  Could you list the pharmacies in Pri   -> Pristina, Municipality of Pr
  accepted         93  Pristina, Municipality of Pristina,    -> Pristina, Municipality of Pr
  accepted         93  Where can I find pharmacies in Prist   -> Pristina, Municipality of Pr
  accepted         93  Show me pharmacies in Pristina, Muni   -> Pristina, Municipality of Pr
  wrong_area        0  Find pharmacies near Pristina, Munic   -> Municipality of Pristina, Di
  accepted         93  Where are the pharmacies in Pristina   -> Pristina, Municipality of Pr
  accepted         93  List pharmacies in Pristina, Municip   -> Pristina, Municipality of Pr

### Seodaemun-gu, Seoul, South Korea / Pharmacies
  seed concern finds 20; 8 utterances kept of 8 asked for
  accepted         20  Seodaemun-gu, Seoul, South Korea の薬局   -> Seodaemun-gu, Seoul, South K
  deep_gap          0  ソウル西大門区のドラッグストア                        -> Seodaemun, Seoul, Drugstores
  accepted         20  Seodaemun-gu, Seoul, South Korea 内で薬   -> Seodaemun-gu, Seoul, South K
  accepted         20  西大門区の薬屋さんどこ？                           -> Seodaemun-gu, Seoul, Pharmac
  accepted         20  Show me the pharmacies in Seodaemun-   -> Seodaemun-gu, Seoul, South K
  accepted         20  Where are the pharmacies in Seodaemu   -> Seodaemun-gu, Seoul, South K
  accepted         20  List pharmacies in Seodaemun-gu, Seo   -> Seodaemun-gu, Seoul, South K
  accepted         20  Find pharmacies in Seodaemun-gu, Seo   -> Seodaemun-gu, Seoul, South K

### Songpa-gu, Seoul, South Korea / Pharmacies
  seed concern finds 36; 8 utterances kept of 8 asked for
  accepted         36  서울 송파구 약국 알려줘                          -> Songpa-gu, Seoul, Pharmacies
  deep_gap          0  송파구에 있는 약국들 검색해 줘                      -> Songpa District, Seoul, Phar
  accepted         36  Songpa-gu, Seoul, South Korea の薬局を教え   -> Songpa-gu, Seoul, South Kore
  accepted         36  Need pharmacies in Songpa-gu, Seoul,   -> Songpa-gu, Seoul, South Kore
  accepted         36  Show me all the pharmacies in Songpa   -> Songpa-gu, Seoul, South Kore
  accepted         36  Where are the pharmacies near Songpa   -> Songpa-gu, Seoul, South Kore
  accepted         36  List pharmacies in Songpa-gu, Seoul,   -> Songpa-gu, Seoul, South Kore
  accepted         36  Find pharmacies in Songpa-gu, Seoul,   -> Songpa-gu, Seoul, South Kore

### Tsuzuki Ward, Yokohama, Kanagawa Prefecture, Japan / Pharmacies
  seed concern finds 36; 7 utterances kept of 8 asked for
  invented_name       0  横浜市の緑区にある薬局を教えて                        -> 
  invented_name       0  横浜市緑区のドラッグストア一覧                        -> 
  invented_name       0  神奈川県横浜市緑区の薬局はどこですか？                    -> 
  invented_name       0  横浜緑区の薬局検索                              -> 
  accepted         36  Where are the pharmacies in Tsuzuki    -> Tsuzuki Ward, Yokohama, Kana
  accepted         36  Show me all pharmacies in Tsuzuki Wa   -> Tsuzuki Ward, Yokohama, Kana
  accepted         36  I need to find a pharmacy in Tsuzuki   -> Tsuzuki Ward, Yokohama, Kana

### Yangcheon-gu, Seoul, South Korea / Pharmacies
  seed concern finds 7; 8 utterances kept of 8 asked for
  invented_name       0  楊川郡の薬局を教えて                             -> 
  accepted          7  SeoulのYangcheon-guにある薬局はどこですか          -> Yangcheon-gu, Seoul, Pharmac
  invented_name       0  ソウルの楊川郡にある薬屋さん一覧で                      -> 
  invented_name       0  楊川郡 薬局                                 -> 
  accepted          7  I need to find pharmacies in Yangche   -> Yangcheon-gu, Seoul, South K
  accepted          7  Show me pharmacies in Yangcheon-gu,    -> Yangcheon-gu, Seoul, South K
  accepted          7  Where are pharmacies in Yangcheon-gu   -> Yangcheon-gu, Seoul, South K
  accepted          7  Find pharmacies in Yangcheon-gu, Seo   -> Yangcheon-gu, Seoul, South K

### Yuen Long District, Hong Kong, China / Pharmacies
  seed concern finds 10; 8 utterances kept of 8 asked for
  accepted         10  香港元朗区の薬局を探している                         -> Yuen Long, Hong Kong, Pharma
  accepted         10  元朗区の薬局はどこにある？                          -> Yuen Long District, Hong Kon
  accepted         10  元朗区内で薬を買える場所を教えて                       -> Yuen Long, Hong Kong, Pharma
  deep_gap          0  香港の元朗区にあるドラッグストア一覧                     -> Yuen Long, Hong Kong, Drugst
  accepted         10  Where can I find pharmacies in Yuen    -> Yuen Long District, Hong Kon
  accepted         10  Show me pharmacies in Yuen Long Dist   -> Yuen Long District, Hong Kon
  accepted         10  Pharmacies in Yuen Long District, Ho   -> Yuen Long District, Hong Kon
  accepted         10  I need to locate pharmacies in Yuen    -> Yuen Long District, Hong Kon

### Gangnam-gu, Seoul, South Korea / Picnic Sites
  seed concern finds 1; 8 utterances kept of 8 asked for
  wrong_area        0  江南区のピクニックサイトを知りたい                      -> Jiangnan District, Picnic si
  deep_gap          0  ソウル江南区のピクニックに適した場所について                 -> Gangnam, Seoul, Picnic spots
  accepted          1  Seoul, South KoreaのGangnam-guにあるピクニッ   -> Gangnam-gu, Seoul, South Kor
  deep_gap          0  江南区 ソウル 韓国 ピクニックスポット                   -> Gangnam, Seoul, Picnic spots
  accepted          1  Where are the picnic sites in Gangna   -> Gangnam-gu, Seoul, South Kor
  accepted          1  I need directions to Gangnam-gu, Seo   -> Gangnam-gu, Seoul, South Kor
  accepted          1  Find me all picnic spots in Gangnam-   -> Gangnam-gu, Seoul, South Kor
  accepted       1772  Looking for places to eat outdoors i   -> Gangnam-gu, Seoul, South Kor

### Jung-gu, Seoul, South Korea / Picnic Sites
  seed concern finds 2; 8 utterances kept of 8 asked for
  accepted          2  ソウルの中区にあるピクニックサイトを探しています               -> Jung-gu, Seoul, Picnic sites
  deep_gap          0  Jung-gu, Seoul, South Koreaのピクニックスポッ   -> Jung-gu, Seoul, South Korea,
  deep_gap          0  Jung-gu, Seoul, South Koreaでピクニックできる   -> Jung-gu, Seoul, South Korea,
  accepted          2  ソウル中区のJung-gu, Seoul, South Koreaにある   -> Jung-gu, Seoul, South Korea,
  accepted          2  Show me picnic sites in Jung-gu, Seo   -> Jung-gu, Seoul, South Korea,
  deep_gap          0  Where can I have a picnic in Jung-gu   -> Jung-gu, Seoul, South Korea,
  deep_gap          0  List all picnic areas located in Jun   -> Jung-gu, Seoul, South Korea,
  deep_gap          0  Find picnic spots in Jung-gu, Seoul,   -> Jung-gu, Seoul, South Korea,

### Sakyo Ward, Kyoto, Kyoto Prefecture, Japan / Picnic Sites
  seed concern finds 9; 8 utterances kept of 8 asked for
  accepted          1  Kyoto Sakyo-ku no picnikisaito o sag   -> Sakyo-ku, Kyoto, Picnic site
  accepted          1  京都府京都市左京区のピクニックサイトはどこですか？              -> Sakyo, Kyoto, Picnic sites
  accepted          1  左京区 ピクニックサイト 検索                        -> Sakyo, Kyoto, Picnic sites
  accepted          1  京都左京区のピクニックサイト教えて                      -> Sakyo, Kyoto, Picnic sites
  accepted          9  Where can I find picnic sites in Sak   -> Sakyo Ward, Kyoto, Kyoto Pre
  accepted          9  Show me all the picnic areas located   -> Sakyo Ward, Kyoto, Kyoto Pre
  deep_gap          0  I'm looking for places to have a pic   -> Sakyo, Kyoto, Picnic spots
  accepted          9  List the picnic sites in Sakyo Ward,   -> Sakyo Ward, Kyoto, Kyoto Pre

### Akiruno, Tokyo, Japan / Pizza shops
  seed concern finds 1; 8 utterances kept of 8 asked for
  accepted          1  あきる野市のピザ屋さんを教えてください                    -> Akiruno, Tokyo, Pizza shops
  accepted          1  東京あきる野ピザ店                              -> Akiruno, Tokyo, Pizza shops
  wrong_area        0  あきる野ピザ                                 -> Akiguno, Tokyo, Pizza shops
  accepted          1  あきる野市にあるピザ専門店のリスト                      -> Akiruno, Tokyo, Pizza shops
  accepted          1  Pizza shops in Akiruno, Tokyo, Japan   -> Akiruno, Tokyo, Japan, Pizza
  deep_gap          0  Find pizza places in Akiruno, Tokyo,   -> Akiruno, Tokyo, Japan, Pizza
  accepted          1  Where are pizza shops in Akiruno, To   -> Akiruno, Tokyo, Japan, Pizza
  deep_gap          0  Show me pizza restaurants located in   -> Akiruno, Tokyo, Japan, Pizza

### Chiyoda, Tokyo, Japan / Pizza shops
  seed concern finds 3; 7 utterances kept of 8 asked for
  deep_gap          0  Chiyoda, Tokyo, Japanのピッツェリアを教えて       -> Chiyoda, Tokyo, Pizzerias
  accepted          3  Chiyoda, Tokyo, Japanにあるピザ屋さんの一覧       -> Chiyoda, Tokyo, Pizza shops
  accepted          3  Chiyoda, Tokyo, Japanのピザ専門店を検索         -> Chiyoda, Tokyo, Pizza shops
  accepted          3  pizza places in Chiyoda, Tokyo, Japa   -> Chiyoda, Tokyo, Japan, Pizza
  accepted          2  Can you find pizza restaurants in Ch   -> Chiyoda, Tokyo, Pizza restau
  accepted          2  Show me pizza spots near Chiyoda, To   -> Chiyoda, Tokyo, Pizza restau
  accepted          3  I'm looking for pizza shops in Chiyo   -> Chiyoda, Tokyo, Japan, Pizza

### Dongdaemun-gu, Seoul, South Korea / Pizza shops
  seed concern finds 6; 8 utterances kept of 8 asked for
  deep_gap          0  東大門区のピザ屋さんを教えて                         -> Dongdaemun District, Seoul, 
  accepted          5  ソウル東大門区内にあるピザ専門店を教えてください               -> Dongdaemun, Seoul, Pizza sho
  deep_gap          0  東大門区のピザ屋を探して                           -> Dongdaemun District, Seoul, 
  accepted          5  ソウルの東大門区でピザが食べられるお店はありますか              -> Dongdaemun, Seoul, Pizza sho
  accepted          5  Where are the pizza places in Dongda   -> Dongdaemun-gu, Seoul, South 
  accepted          6  Show me pizza shops in Dongdaemun-gu   -> Dongdaemun-gu, Seoul, South 
  accepted          5  Find pizza restaurants in Dongdaemun   -> Dongdaemun-gu, Seoul, South 
  accepted          5  List pizza spots in Dongdaemun-gu, S   -> Dongdaemun-gu, Seoul, South 

### Fuchu, Tokyo, Japan / Pizza shops
  seed concern finds 6; 8 utterances kept of 8 asked for
  no_area_line       0  Fuchu, Tokyo, Japan                    -> 
  accepted          6  Fuchu, Tokyo, Japan のピザ屋               -> Fuchu, Tokyo, Pizza shops
  accepted          6  東京都府中市のピザ店                             -> Fuchu, Tokyo, Pizza shops
  accepted          6  Fuchu, Tokyo, Japan でピザが食べられるところ       -> Fuchu, Tokyo, Pizza shops
  accepted          6  Show me pizza shops in Fuchu, Tokyo,   -> Fuchu, Tokyo, Japan, Pizza s
  accepted          6  Find pizza places in Fuchu, Tokyo, J   -> Fuchu, Tokyo, Japan, Pizza p
  accepted          6  I am looking for pizza restaurants l   -> Fuchu, Tokyo, Japan, Pizza r
  accepted          6  Where can I find pizza shops in Fuch   -> Fuchu, Tokyo, Japan, Pizza s

### Gangnam-gu, Seoul, South Korea / Pizza shops
  seed concern finds 5; 8 utterances kept of 8 asked for
  accepted         10  ソウルの江南区にあるピザ屋を教えて                      -> Gangnam, Seoul, Pizza shops
  accepted          5  Gangnam-gu Seoul South Korea のピザショップ   -> Gangnam-gu, Seoul, South Kor
  wrong_area        0  江南区のピザの名店                              -> Jiangnan District, Pizza res
  accepted         10  ソウル 江南区 ピザ                             -> Gangnam, Seoul, Pizza shops
  accepted         10  Find pizza places in Gangnam-gu, Seo   -> Gangnam-gu, Seoul, South Kor
  accepted         12  Where can I eat pizza in Gangnam-gu,   -> Gangnam-gu, Seoul, South Kor
  accepted         12  List all pizza restaurants in Gangna   -> Gangnam-gu, Seoul, South Kor
  accepted          5  Show me pizza shops located in Gangn   -> Gangnam-gu, Seoul, South Kor

### Gwangjin-gu, Seoul, South Korea / Pizza shops
  seed concern finds 4; 8 utterances kept of 8 asked for
  invented_name       0  ソウルの光津区のピザ屋を教えて                        -> 
  deep_gap          0  광진구 피자집 찾아줘                            -> Gwangjin-gu, Seoul, Pizza sh
  invented_name       0  ソウル特別市光津区にあるピザ専門店の一覧を表示して              -> 
  invented_name       0  光津区の美味しいピザ屋さんを探しているんだけど、どこか知ってる？       -> 
  accepted          4  Find pizza shops in Gwangjin-gu, Seo   -> Gwangjin-gu, Seoul, South Ko
  accepted          4  Where are pizza shops located in Gwa   -> Gwangjin-gu, Seoul, South Ko
  accepted          4  List of pizza shops in Gwangjin-gu,    -> Gwangjin-gu, Seoul, South Ko
  accepted          4  Show me all pizza places in Gwangjin   -> Gwangjin-gu, Seoul, South Ko

### Higashinari Ward, Osaka, Osaka Prefecture, Japan / Pizza shops
  seed concern finds 0; 8 utterances kept of 8 asked for
  zero_results       0  Higashinari Ward, Osaka, Osaka Prefe   -> Higashinari, Osaka, Pizza sh
  zero_results       0  大阪市東成区のピザショップ一覧を出して                    -> Higashinari, Osaka, Pizza sh
  zero_results       0  大阪府大阪市東成区内にあるピザ専門店を探して                 -> Higashinari, Osaka, Pizza sh
  zero_results       0  Higashinari Ward, Osaka, Osaka Prefe   -> Higashinari, Osaka, Pizza sh
  zero_results       0  Find pizza shops in Higashinari Ward   -> Higashinari Ward, Osaka, Osa
  zero_results       0  I am looking for pizza places in Hig   -> Higashinari Ward, Osaka, Osa
  zero_results       0  Where can I get pizza in Higashinari   -> Higashinari, Osaka, Pizza sh
  zero_results       0  Show me pizza restaurants in Higashi   -> Higashinari Ward, Osaka, Osa

### Iwatsuki Ward, Saitama, Saitama Prefecture, Japan / Pizza shops
  seed concern finds 3; 8 utterances kept of 8 asked for
  deep_gap          0  岩槻区のピザ屋さんを教えてください                      -> Iwatsuki, Saitama, Pizza sho
  wrong_area        0  岩槻区で美味しいピザ専門店を探しているんだけど、どこか紹介してもらえない   -> Saitama, Saitama, Saitama Ci
  deep_gap          0  岩槻区内のピザ店一覧を出して                         -> Iwatsuki, Saitama, Pizza sho
  deep_gap          0  岩槻区のピザショップ教えて                          -> Iwatsuki, Saitama, Pizza sho
  accepted          3  pizza shops in Iwatsuki Ward, Saitam   -> Iwatsuki Ward, Saitama, Sait
  deep_gap          0  Find pizza places in Iwatsuki Ward     -> Iwatsuki Ward, Pizza places
  deep_gap          0  Where can I get pizza in Iwatsuki Wa   -> Iwatsuki, Saitama Prefecture
  deep_gap          0  List of pizza restaurants in Iwatsuk   -> Iwatsuki Ward, Saitama, Sait

### Jungnang-gu, Seoul, South Korea / Pizza shops
  seed concern finds 6; 8 utterances kept of 8 asked for
  deep_gap          0  Seoul Jungnang-gu no pizza shop o sa   -> Jungnang-gu, Seoul, Pizza sh
  accepted          9  Jungnang-gu ni aru pizza ya            -> Jungnang-gu, Pizza
  invented_name       0  ソウル江南区 ピッツァ                            -> 
  accepted          6  Jungnang-gu Seoul South Korea pizza    -> Jungnang-gu, Seoul, South Ko
  accepted          9  Find pizza restaurants in Jungnang-g   -> Jungnang-gu, Seoul, South Ko
  accepted          9  Show me where to eat pizza in Jungna   -> Jungnang-gu, Seoul, South Ko
  accepted          6  List pizza places in Jungnang-gu, Se   -> Jungnang-gu, Seoul, South Ko
  accepted          6  Pizza shops in Jungnang-gu, Seoul, S   -> Jungnang-gu, Seoul, South Ko

### Kita Ward, Saitama, Saitama Prefecture, Japan / Pizza shops
  seed concern finds 2; 8 utterances kept of 8 asked for
  deep_gap          0  埼玉県さいたま市北区のピザ店を教えて                     -> Kita, Saitama, Saitama, Pizz
  deep_gap          0  さいたま市北区 北区 ピザ                          -> Kita, Saitama, Pizza shops
  accepted          2  埼玉県の北区にあるピザ屋さんの一覧                      -> Kita, Saitama Prefecture, Pi
  accepted          2  Kita Ward, Saitama, Saitama Prefectu   -> Kita, Saitama, Saitama Prefe
  accepted          2  Show me pizza shops in Kita Ward, Sa   -> Kita Ward, Saitama, Saitama 
  accepted          2  I need pizza places in Kita Ward, Sa   -> Kita Ward, Saitama, Saitama 
  accepted          2  Pizza shops in Kita Ward, Saitama, S   -> Kita Ward, Saitama, Saitama 
  deep_gap          0  Find pizza restaurants in Kita Ward,   -> Kita Ward, Saitama, Saitama 

### Koganei, Tokyo, Japan / Pizza shops
  seed concern finds 4; 8 utterances kept of 8 asked for
  accepted          4  小金井市内のピザ屋を教えて                          -> Koganei, Tokyo, Pizza shops
  accepted          4  TokyoのKoganeiで美味しいピザ屋さんを探してる           -> Koganei, Tokyo, Pizza shops
  accepted          4  小金井 東京 ピザショップ                          -> Koganei, Tokyo, Pizza shops
  accepted          4  Koganei, Tokyo, Japanのピザ専門店一覧          -> Koganei, Tokyo, Pizza shops
  deep_gap          0  Show me pizza restaurants in Koganei   -> Koganei, Tokyo, Japan, Pizza
  accepted          4  I want to find pizza places near Kog   -> Koganei, Tokyo, Japan, Pizza
  accepted          4  Where can I get pizza in Koganei, To   -> Koganei, Tokyo, Pizza shops
  accepted          4  List all the pizza shops located in    -> Koganei, Tokyo, Japan, Pizza

### Mapo-gu, Seoul, South Korea / Pizza shops
  seed concern finds 6; 8 utterances kept of 8 asked for
  accepted          8  ソウルの麻浦区にあるピザ屋を教えて                      -> Mapo, Seoul, Pizza shops
  accepted          8  麻浦区、ソウル、韓国でピザを食べられるお店を探して              -> Mapo, Seoul, Pizza shops
  accepted          8  ソウル・麻浦区のピザ専門店の一覧                       -> Mapo, Seoul, Pizza shops
  accepted          8  麻浦区、ソウル、韓国にあるピザショップを表示して               -> Mapo-gu, Seoul, Pizza shops
  accepted         10  Where are the pizza places in Mapo-g   -> Mapo-gu, Seoul, South Korea,
  accepted          6  Find pizza shops in Mapo-gu, Seoul,    -> Mapo-gu, Seoul, South Korea,
  accepted          8  I need pizza in Mapo-gu, Seoul, Sout   -> Mapo-gu, Seoul, South Korea,
  accepted         10  Show me pizza places in Mapo-gu, Seo   -> Mapo-gu, Seoul, South Korea,

### Mitaka, Tokyo, Japan / Pizza shops
  seed concern finds 4; 8 utterances kept of 8 asked for
  accepted          4  三鷹のピザ店を教えて                             -> Mitaka, Tokyo, Pizza shops
  accepted          4  Mitaka Tokyo Japan のピザ専門店はどこですか        -> Mitaka, Tokyo, Pizza shops
  accepted          1  東京都三鷹市でピザが食べられるお店を教えてください              -> Mitaka, Tokyo, Pizza restaur
  accepted          1  Mitakaにあるピザレストランを探している                 -> Mitaka, Tokyo, Pizza restaur
  accepted          4  Find pizza places in Mitaka, Tokyo,    -> Mitaka, Tokyo, Japan, Pizza 
  accepted          1  Where can I get pizza in Mitaka, Tok   -> Mitaka, Tokyo, Japan, Pizza 
  accepted          1  List all pizza restaurants located i   -> Mitaka, Tokyo, Japan, Pizza 
  accepted          4  Show me pizza shops in Mitaka, Tokyo   -> Mitaka, Tokyo, Japan, Pizza 

### Nanshan District, Shenzhen, Guangdong Province, China / Pizza shops
  seed concern finds 6; 8 utterances kept of 8 asked for
  accepted          5  南山区のピザ店を教えて                            -> Nanshan, Shenzhen, Pizza sho
  accepted          5  広東省深セン市南山区でピザが食べられるお店を探しています           -> Nanshan, Shenzhen, Guangdong
  accepted          5  南山区にあるピザ専門店一覧                          -> Nanshan, Shenzhen, Pizza sho
  accepted          5  深セン市南山区のピザレストラン                        -> Nanshan, Shenzhen, Pizza res
  accepted          6  Where are the pizza shops in Nanshan   -> Nanshan District, Shenzhen, 
  accepted          2  Can you show me pizza places in Nans   -> Nanshan District, Shenzhen, 
  accepted          6  I want to find pizza shops in Nansha   -> Nanshan District, Shenzhen, 
  accepted          6  Search for pizza shops in Nanshan Di   -> Nanshan District, Shenzhen, 

### Nowon-gu, Seoul, South Korea / Pizza shops
  seed concern finds 3; 8 utterances kept of 8 asked for
  invented_name       0  ソウル北韓区のピザ屋を教えて                         -> 
  invented_name       0  北韓区にあるピザレストランの場所を探しています                -> 
  invented_name       0  北韓区で美味しいピザが食べられるお店はありますか？              -> 
  invented_name       0  北韓区のピザ専門店一覧を表示して                       -> 
  accepted          3  Pizza shops in Nowon-gu, Seoul, Sout   -> Nowon-gu, Seoul, South Korea
  accepted          7  Find pizza places in Nowon-gu, Seoul   -> Nowon-gu, Seoul, South Korea
  accepted          7  Where can I get pizza in Nowon-gu, S   -> Nowon-gu, Seoul, South Korea
  accepted          7  Show pizza restaurants in Nowon-gu,    -> Nowon-gu, Seoul, South Korea

### Sakura Ward, Saitama, Saitama Prefecture, Japan / Pizza shops
  seed concern finds 20; 8 utterances kept of 8 asked for
  wrong_area        0  桜区のピザ屋さんを教えて                           -> Sakura, Nagoya, Pizza shops
  deep_gap          0  埼玉県さいたま市桜区でピザを食べられるお店はありますか？           -> Sakura, Saitama, Pizza resta
  wrong_area        0  桜区 ピザ 美味しいところ                          -> Sakura-ku, Pizza shops
  deep_gap          0  さいたま市桜区内のピザ専門店のリストを表示して                -> Sakura, Saitama, Pizza shops
  accepted         20  Show me pizza places in Sakura Ward,   -> Sakura Ward, Saitama, Saitam
  accepted         20  pizza shops near Sakura Ward, Saitam   -> Sakura Ward, Saitama, Saitam
  accepted         20  Can you find pizza shops in Sakura W   -> Sakura Ward, Saitama, Saitam
  accepted          8  pizza restaurants in Sakura Ward, Sa   -> Sakura Ward, Saitama, Saitam

### Seongbuk-gu, Seoul, South Korea / Pizza shops
  seed concern finds 2; 8 utterances kept of 8 asked for
  no_area_line       0  Seongbuk-gu, Seoul, South Korea        -> 
  accepted          2  Seongbuk-gu, Seoul, South Koreaのピザショ   -> Seongbuk-gu, Seoul, South Ko
  accepted          9  Seongbuk-gu, Seoul, South Korea でピザを   -> Seongbuk-gu, Seoul, South Ko
  accepted          2  Seongbuk-gu, Seoul, South Koreaにあるピザ   -> Seongbuk-gu, Seoul, South Ko
  accepted          2  Pizza shops in Seongbuk-gu, Seoul, S   -> Seongbuk-gu, Seoul, South Ko
  accepted          8  Show me pizza places in Seongbuk-gu,   -> Seongbuk-gu, Seoul, South Ko
  accepted          8  Where can I find pizza in Seongbuk-g   -> Seongbuk-gu, Seoul, South Ko
  accepted          9  I want to see pizza restaurants loca   -> Seongbuk-gu, Seoul, South Ko

### Shimogyo Ward, Kyoto, Kyoto Prefecture, Japan / Pizza shops
  seed concern finds 1; 8 utterances kept of 8 asked for
  accepted          2  京都府京都市下京区のピザ屋を教えて                      -> Shimogyo, Kyoto, Pizza shops
  accepted          4  下京区で美味しいピザを食べられるお店はありませんか？             -> Shimogyo, Kyoto, Pizza resta
  accepted          4  京都市下京区にあるピザ専門店のリストが欲しい                 -> Shimogyo, Kyoto, Pizza resta
  accepted          2  下京区 ピザ屋 検索                             -> Shimogyo, Kyoto, Pizza shops
  accepted          4  I'm looking for pizza places in Shim   -> Shimogyo Ward, Kyoto, Kyoto 
  accepted          1  Show me pizza shops in Shimogyo Ward   -> Shimogyo Ward, Kyoto, Kyoto 
  accepted          1  Where can I find pizza in Shimogyo W   -> Shimogyo Ward, Kyoto, Kyoto 
  accepted          2  List all pizza restaurants located i   -> Shimogyo Ward, Kyoto, Kyoto 

### Suginami, Tokyo, Japan / Pizza shops
  seed concern finds 9; 8 utterances kept of 8 asked for
  accepted          9  杉並区のピザ屋を教えて                            -> Suginami, Tokyo, Pizza shops
  accepted          9  東京杉並で美味しいピザ専門店を探しています                  -> Suginami, Tokyo, Pizza shops
  accepted          9  杉並区にあるピザ店のリストを表示して                     -> Suginami, Tokyo, Pizza shops
  accepted          5  杉並区のピザレストランはどこですか？                     -> Suginami, Tokyo, Pizza resta
  accepted          9  I want to find pizza places in Sugin   -> Suginami, Tokyo, Japan, Pizz
  accepted          9  Where are the pizza shops located in   -> Suginami, Tokyo, Japan, Pizz
  accepted          5  Show me pizza restaurants in Suginam   -> Suginami, Tokyo, Japan, Pizz
  accepted          9  Find pizza spots in Suginami, Tokyo,   -> Suginami, Tokyo, Japan, Pizz

### Toshima, Tokyo, Japan / Pizza shops
  seed concern finds 2; 8 utterances kept of 8 asked for
  invented_name       0  池袋のピザ屋さん教えてください                        -> 
  accepted          2  TokyoのToshimaにあるピザ店を知りたいです             -> Toshima, Tokyo, Pizza shops
  accepted          2  Toshima, Tokyo, Japanのピザ屋を検索           -> Toshima, Tokyo, Pizza shops
  accepted          2  東京都豊島区のピザ専門店はどこですか                     -> Toshima, Tokyo, Pizza shops
  accepted          2  pizza shops in Toshima, Tokyo, Japan   -> Toshima, Tokyo, Japan, Pizza
  accepted          2  Where can I find pizza places in Tos   -> Toshima, Tokyo, Japan, Pizza
  accepted          5  I am looking for pizza restaurants l   -> Toshima, Tokyo, Japan, Pizza
  accepted          2  Show me pizza shops in Toshima, Toky   -> Toshima, Tokyo, Japan, Pizza

### Aoba Ward, Yokohama, Kanagawa Prefecture, Japan / Playgrounds
  seed concern finds 28; 8 utterances kept of 8 asked for
  no_area_line       0  青葉区の場所を教えてください                         -> 
  no_area_line       0  青葉区はどこにあるの？                            -> 
  no_area_line       0  青葉区の情報を表示して                            -> 
  no_area_line       0  青葉区の場所を教えて                             -> 
  accepted         28  Where are the playgrounds in Aoba Wa   -> Aoba Ward, Yokohama, Kanagaw
  accepted         28  Show me playgrounds in Aoba Ward, Yo   -> Aoba Ward, Yokohama, Kanagaw
  accepted         28  Find playgrounds in Aoba Ward, Yokoh   -> Aoba Ward, Yokohama, Kanagaw
  accepted         28  Playgrounds in Aoba Ward, Yokohama,    -> Aoba Ward, Yokohama, Kanagaw

### Chuo, Osaka, Osaka Prefecture, Japan / Playgrounds
  seed concern finds 3; 8 utterances kept of 8 asked for
  deep_gap          0  大阪市中央区の子供遊び場を教えて                       -> Chuo, Osaka, Children's play
  wrong_area        0  中央区にある遊び場の場所が知りたい                      -> Chuo, Tokyo, Playgrounds
  wrong_area        0  中央区 遊び場                                -> Chūō, Tokyo, Playgrounds
  wrong_area        0  中央区の子供の遊びスポットを教えてください                  -> Chuo, Tokyo, Children's play
  accepted          3  Find all playgrounds in Chuo, Osaka,   -> Chuo, Osaka, Osaka Prefectur
  accepted          3  Where are the playgrounds in Chuo, O   -> Chuo, Osaka, Osaka Prefectur
  accepted          3  Show playgrounds in Chuo, Osaka, Osa   -> Chuo, Osaka, Osaka Prefectur
  accepted          3  List playgrounds in Chuo, Osaka, Osa   -> Chuo, Osaka, Osaka Prefectur

### Eastern District, Hong Kong, China / Playgrounds
  seed concern finds 877; 8 utterances kept of 8 asked for
  invented_name       0  香港東区にある公園を教えて                          -> 
  accepted        877  Eastern District, Hong Kong, China の   -> Eastern District, Hong Kong,
  accepted       1262  Eastern District, Hong Kong, Chinaの公   -> Eastern District, Hong Kong,
  deep_gap          0  Eastern District, Hong Kong, China 周   -> Eastern District, Hong Kong,
  accepted        877  Show me the playgrounds in Eastern D   -> Eastern District, Hong Kong,
  accepted        877  Where can I find playgrounds in East   -> Eastern District, Hong Kong,
  accepted        877  List all playgrounds in Eastern Dist   -> Eastern District, Hong Kong,
  accepted        877  Find playgrounds located in Eastern    -> Eastern District, Hong Kong,

### Gangbuk-gu, Seoul, South Korea / Playgrounds
  seed concern finds 8; 8 utterances kept of 8 asked for
  accepted         16  Gangbuk-gu, Seoul, South Korea の公園を教   -> Gangbuk-gu, Seoul, South Kor
  accepted          8  Gangbuk-gu, Seoul, South Koreaにある遊び場   -> Gangbuk-gu, Seoul, South Kor
  accepted          8  Gangbuk-gu, Seoul, South Koreaのプレイグラ   -> Gangbuk-gu, Seoul, South Kor
  deep_gap          0  ソウルのGangbuk-gu, Seoul, South Koreaで子   -> Gangbuk-gu, Seoul, South Kor
  accepted          8  Show me the playgrounds in Gangbuk-g   -> Gangbuk-gu, Seoul, South Kor
  accepted          8  Playgrounds in Gangbuk-gu, Seoul, So   -> Gangbuk-gu, Seoul, South Kor
  accepted          8  Find playgrounds in Gangbuk-gu, Seou   -> Gangbuk-gu, Seoul, South Kor
  accepted          8  Playgrounds located in Gangbuk-gu, S   -> Gangbuk-gu, Seoul, South Kor

### Geumcheon-gu, Seoul, South Korea / Playgrounds
  seed concern finds 19; 8 utterances kept of 8 asked for
  accepted         88  ソウルの衿川区にある公園を教えて                       -> Geumcheon-gu, Seoul, Parks
  deep_gap          0  衿川区の遊園地を探してる                           -> Geumcheon, Seoul, Amusement 
  accepted         88  ソウル特別市衿川区 公園 検索                        -> Geumcheon-gu, Seoul, Parks
  deep_gap          0  衿川区で子供が遊べる場所を出して                       -> Geumcheon, Seoul, Playground
  accepted         19  Where are the playgrounds in Geumche   -> Geumcheon-gu, Seoul, South K
  accepted         19  Show me playgrounds located in Geumc   -> Geumcheon-gu, Seoul, South K
  accepted         19  I want to find playgrounds in Geumch   -> Geumcheon-gu, Seoul, South K
  accepted         19  Please list playgrounds in Geumcheon   -> Geumcheon-gu, Seoul, South K

### Gwangjin-gu, Seoul, South Korea / Playgrounds
  seed concern finds 32; 8 utterances kept of 8 asked for
  accepted         32  광진구의 놀이터を教えてください                       -> Gwangjin-gu, Seoul, Playgrou
  accepted         32  SeoulのGwangjin-guにあるplaygroundsを教えて    -> Gwangjin-gu, Seoul, Playgrou
  accepted         32  광진구 Gwangjin-gu playgrounds 検索         -> Gwangjin-gu, Seoul, Playgrou
  accepted         32  Gwangjin-guにplaygroundsはありますか          -> Gwangjin-gu, Seoul, Playgrou
  accepted         32  Find playgrounds in Gwangjin-gu, Seo   -> Gwangjin-gu, Seoul, South Ko
  accepted         32  Where are the playgrounds located in   -> Gwangjin-gu, Seoul, South Ko
  accepted         32  Show me playgrounds in Gwangjin-gu,    -> Gwangjin-gu, Seoul, South Ko
  accepted         32  I need to find playgrounds in Gwangj   -> Gwangjin-gu, Seoul, South Ko

### Jongno-gu, Seoul, South Korea / Playgrounds
  seed concern finds 17; 8 utterances kept of 8 asked for
  accepted         17  Seoul's Jongno-gu region's playgroun   -> Jongno-gu, Seoul, playground
  accepted         17  Playgrounds located in Jongno-gu, Se   -> Jongno-gu, Seoul, Playground
  accepted         17  Jongno-gu, Seoul, South Korea - Play   -> Jongno-gu, Seoul, South Kore
  accepted         17  Where are the playgrounds in Jongno-   -> Jongno-gu, Seoul, playground
  accepted         17  Show me all playgrounds in Jongno-gu   -> Jongno-gu, Seoul, South Kore
  accepted         17  Where are the playgrounds located in   -> Jongno-gu, Seoul, Playground
  accepted         17  Find playgrounds in Jongno-gu, Seoul   -> Jongno-gu, Seoul, South Kore
  accepted         17  I need a list of playgrounds in Jong   -> Jongno-gu, Seoul, South Kore

### Kohoku Ward, Yokohama, Kanagawa Prefecture, Japan / Playgrounds
  seed concern finds 30; 8 utterances kept of 8 asked for
  accepted        178  横浜市港北区の公園を探しています                       -> Kohoku, Yokohama, Parks
  accepted         30  港北区内で遊べる場所はどこですか                       -> Kohoku, Yokohama, Playground
  accepted         30  神奈川県横浜市港北区の遊び場を教えて                     -> Kohoku, Yokohama, Kanagawa, 
  accepted        178  港北区の公園一覧を表示して                          -> Kohoku, Yokohama, Parks
  accepted         30  Find playgrounds in Kohoku Ward, Yok   -> Kohoku Ward, Yokohama, Kanag
  accepted         30  Where are the playgrounds in Kohoku    -> Kohoku Ward, Yokohama, Kanag
  accepted         30  I need to locate playgrounds in Koho   -> Kohoku Ward, Yokohama, Kanag
  accepted         30  Show me playgrounds in Kohoku Ward,    -> Kohoku Ward, Yokohama, Kanag

### Longgang District, Shenzhen, Guangdong Province, China / Playgrounds
  seed concern finds 17; 8 utterances kept of 8 asked for
  accepted        121  Longgang District, Shenzhen, Guangdo   -> Longgang District, Shenzhen,
  invented_name       0  深圳市龍崗区のプレイグラウンド一覧を表示してください。            -> 
  invented_name       0  広東省深圳市龍崗区の遊び場を探して。                     -> 
  invented_name       0  龍崗区にある公園はどこですか？                        -> 
  deep_gap          0  Where are the playgrounds in Longgan   -> Longgang District, Playgroun
  accepted         17  Find playgrounds in Longgang Distric   -> Longgang District, Shenzhen,
  accepted         17  Show me playgrounds in Longgang Dist   -> Longgang District, Guangdong
  deep_gap          0  I need to see playgrounds in Longgan   -> Longgang District, Playgroun

### Minami Ward, Yokohama, Kanagawa Prefecture, Japan / Playgrounds
  seed concern finds 0; 8 utterances kept of 8 asked for
  wrong_area        0  神奈川県横浜市南区の遊び場を教えてください                  -> Minami-ku, Yokohama, Kanagaw
  wrong_area        0  南区の公園はどこですか                            -> Minami, Japan, Parks
  wrong_area        0  横浜南区にある遊びスポットを探しています                   -> Nanku, Yokohama, Play spots
  wrong_area        0  南区の幼児向け遊具がある場所を知りたい                    -> Minami, Nagoya, Children's p
  zero_results       0  Find playgrounds in Minami Ward, Yok   -> Minami Ward, Yokohama, Kanag
  zero_results       0  Where are the playgrounds located in   -> Minami Ward, Yokohama, Kanag
  zero_results       0  Show me playgrounds near Minami Ward   -> Minami Ward, Yokohama, Kanag
  zero_results       0  List of playgrounds in Minami Ward,    -> Minami Ward, Yokohama, Kanag

### Pristina, Municipality of Pristina, District of Pristina, Kosovo / Playgrounds
  seed concern finds 22; 8 utterances kept of 8 asked for
  deep_gap          0  プリシュティナの遊園地はどこですか？                     -> Pristina, Amusement parks
  accepted         22  プリシュティナに遊び場を探しているんだけど。                 -> Pristina, Playgrounds
  accepted         22  プリシュティナのプレイグラウンド一覧を教えて。                -> Pristina, Playgrounds
  accepted         58  プリシュティナの公園で遊べる場所を教えて。                  -> Pristina, Parks
  accepted         22  Show me playgrounds in Pristina, Mun   -> Pristina, Municipality of Pr
  wrong_area        0  Find playgrounds in Pristina, Munici   -> Municipality of Pristina, Di
  wrong_area        0  Where are the playgrounds in Pristin   -> Municipality of Pristina, Di
  accepted         22  Can you list playgrounds in Pristina   -> Pristina, Municipality of Pr

### Seocho-gu, Seoul, South Korea / Playgrounds
  seed concern finds 55; 8 utterances kept of 8 asked for
  accepted        150  ソウル瑞草区の公園を探している                        -> Seocho, Seoul, Parks
  accepted         55  ソウル特別市瑞草区にある遊び場を教えてください                -> Seocho, Seoul, Playgrounds
  accepted         55  瑞草区の遊び場マップを表示して                        -> Seocho, Seoul, Playgrounds
  accepted        150  ソウル瑞草区の公園一覧を出して                        -> Seocho, Seoul, Parks
  accepted         55  Where are the playgrounds in Seocho-   -> Seocho-gu, Seoul, South Kore
  accepted         55  Show me playgrounds in Seocho-gu, Se   -> Seocho-gu, Seoul, South Kore
  accepted         55  Find all playgrounds located in Seoc   -> Seocho-gu, Seoul, South Kore
  accepted         55  Playgrounds in Seocho-gu, Seoul, Sou   -> Seocho-gu, Seoul, South Kore

### Sham Shui Po District, Hong Kong, China / Playgrounds
  seed concern finds 36; 8 utterances kept of 8 asked for
  invented_name       0  香港のシャムシュイポ区の遊園地を探している                  -> 
  invented_name       0  シャムシュイポ区にある公園はどこ？                      -> 
  accepted         36  Sham Shui Po Districtのプレイグラウンド一覧を載せて   -> Sham Shui Po District, Hong 
  invented_name       0  シャムシュイポ区の遊び場を教えて                       -> 
  accepted         36  Where are the playgrounds in Sham Sh   -> Sham Shui Po District, Hong 
  accepted         36  Find playgrounds in Sham Shui Po Dis   -> Sham Shui Po District, Hong 
  accepted         36  I need locations of playgrounds in S   -> Sham Shui Po District, Hong 
  accepted         36  Show me playgrounds in Sham Shui Po    -> Sham Shui Po District, Hong 

### Taisho Ward, Osaka, Osaka Prefecture, Japan / Playgrounds
  seed concern finds 259; 8 utterances kept of 8 asked for
  accepted         32  大阪府大阪市大正区の公園を探しています                    -> Taisho, Osaka, Parks
  accepted    !     1  大正区内の遊び場はどこですか                         -> Taisho, Osaka, Playgrounds
  deep_gap          0  大阪市大正区の児童公園一覧                          -> Taisho, Osaka, Children's pa
  accepted         32  大正区 公園                                 -> Taisho, Osaka, Parks
  accepted        259  Find all playgrounds in Taisho Ward,   -> Taisho Ward, Osaka, Osaka Pr
  accepted        259  Where are the playgrounds located in   -> Taisho Ward, Osaka, Osaka Pr
  accepted        259  Show playgrounds in Taisho Ward, Osa   -> Taisho Ward, Osaka, Osaka Pr
  accepted        259  I need a list of playgrounds in Tais   -> Taisho Ward, Osaka, Osaka Pr

### Wan Chai District, Hong Kong, China / Playgrounds
  seed concern finds 20; 8 utterances kept of 8 asked for
  invented_name       0  香港香港島湾仔区の公園を探しています                     -> 
  invented_name       0  湾仔区の遊び場はどこ？                            -> 
  invented_name       0  香港・湾仔区にある子連れで行ける公園を教えてください             -> 
  invented_name       0  湾仔区の公園一覧を見せて                           -> 
  accepted         20  Show me playgrounds in Wan Chai Dist   -> Wan Chai District, Hong Kong
  accepted         20  Where are the playgrounds in Wan Cha   -> Wan Chai District, Hong Kong
  accepted         20  I need to find playgrounds in Wan Ch   -> Wan Chai District, Hong Kong
  accepted         20  Please list all playgrounds located    -> Wan Chai District, Hong Kong

### Yeongdeungpo-gu, Seoul, South Korea / Playgrounds
  seed concern finds 20; 8 utterances kept of 8 asked for
  accepted         63  Seoulの永登浦区にある公園を教えて                    -> Yeongdeungpo, Seoul, Parks
  accepted         63  영등포구 공원はどこ？                            -> Yeongdeungpo, Seoul, Parks
  accepted         63  永登浦区 公園 検索                             -> Yeongdeungpo-gu, Seoul, Park
  accepted         63  永登浦区の公園一覧を出して                          -> Yeongdeungpo, Seoul, Parks
  accepted         20  Where are the playgrounds in Yeongde   -> Yeongdeungpo-gu, Seoul, Sout
  accepted         20  Show me playgrounds in Yeongdeungpo-   -> Yeongdeungpo-gu, Seoul, Sout
  accepted         20  Can you find playgrounds in Yeongdeu   -> Yeongdeungpo-gu, Seoul, Sout
  accepted         20  I need to see playgrounds in Yeongde   -> Yeongdeungpo-gu, Seoul, Sout

### Asahi Ward, Yokohama, Kanagawa Prefecture, Japan / Police Stations
  seed concern finds 0; 8 utterances kept of 8 asked for
  zero_results       0  横浜市旭区の警察署はどこですか？                       -> Asahi-ku, Yokohama, Police s
  wrong_area        0  旭区内の派出所一覧をお願いします                       -> Asahi, Sapporo, Police boxes
  zero_results       0  警察署 横浜市旭区                              -> Asahi-ku, Yokohama, Police s
  wrong_area        0  旭区の警察署を検索して                            -> Asahi, Chiba, Police station
  zero_results       0  Where are the police stations locate   -> Asahi Ward, Yokohama, Kanaga
  zero_results       0  Find all police stations in Asahi Wa   -> Asahi Ward, Yokohama, Kanaga
  zero_results       0  Show me police stations in Asahi War   -> Asahi Ward, Yokohama, Kanaga
  zero_results       0  Can you list police stations in Asah   -> Asahi Ward, Yokohama, Kanaga

### Eunpyeong-gu, Seoul, South Korea / Police Stations
  seed concern finds 26; 8 utterances kept of 8 asked for
  accepted         26  Eunpyeong-gu, Seoul, South Korea の警察   -> Eunpyeong-gu, Seoul, South K
  invented_name       0  ソウル江西区にある警察署の場所を知りたい                   -> 
  accepted         26  Eunpyeong-gu, Seoul, South Korea の警察   -> Eunpyeong-gu, Seoul, South K
  invented_name       0  江北区の警察署はどこ？                            -> 
  accepted         26  Where are the police stations in Eun   -> Eunpyeong-gu, Seoul, South K
  accepted         26  Show me locations of police stations   -> Eunpyeong-gu, Seoul, South K
  accepted         26  Find police stations in Eunpyeong-gu   -> Eunpyeong-gu, Seoul, South K
  accepted         26  Map police stations in Eunpyeong-gu,   -> Eunpyeong-gu, Seoul, South K

### Gangnam-gu, Seoul, South Korea / Police Stations
  seed concern finds 28; 8 utterances kept of 8 asked for
  accepted         28  서울 강남구의 경찰서를 알려줘                       -> Gangnam-gu, Seoul, Police st
  accepted         28  강남구 경찰서 위치                             -> Gangnam-gu, Seoul, Police st
  accepted         28  Gangnam-gu, Seoul, South Korea警察署      -> Gangnam-gu, Seoul, South Kor
  accepted         28  강남구 내 경찰관서 목록 요청                       -> Gangnam-gu, Seoul, Police st
  accepted         28  Show me police stations in Gangnam-g   -> Gangnam-gu, Seoul, South Kor
  accepted         28  I need to find police stations locat   -> Gangnam-gu, Seoul, South Kor
  accepted         28  Where are the police stations in Gan   -> Gangnam-gu, Seoul, South Kor
  accepted         28  List all police stations in Gangnam-   -> Gangnam-gu, Seoul, South Kor

### Guro-gu, Seoul, South Korea / Police Stations
  seed concern finds 16; 8 utterances kept of 8 asked for
  accepted         16  Guro-gu, Seoul, South Koreaの警察署を教えて    -> Guro-gu, Seoul, South Korea,
  accepted         16  Guro-gu, Seoul, South Koreaにある警察署はどこ   -> Guro-gu, Seoul, South Korea,
  accepted         16  Guro-gu, Seoul, South Koreaの警察署を探して    -> Guro-gu, Seoul, South Korea,
  accepted         16  Guro-gu, Seoul, South Koreaにある警察署一覧    -> Guro-gu, Seoul, South Korea,
  accepted         16  Find police stations in Guro-gu, Seo   -> Guro-gu, Seoul, South Korea,
  accepted         16  Where are the police stations in Gur   -> Guro-gu, Seoul, South Korea,
  accepted         16  List all police stations located in    -> Guro-gu, Seoul, South Korea,
  accepted         16  Show me police stations in Guro-gu,    -> Guro-gu, Seoul, South Korea,

### Hodogaya Ward, Yokohama, Kanagawa Prefecture, Japan / Police Stations
  seed concern finds 17; 8 utterances kept of 8 asked for
  invented_name       0  横浜市の保土ケ谷区にある警察署を探しています。                -> 
  invented_name       0  神奈川県横浜市の保土ケ谷区の警察署について教えてください。          -> 
  invented_name       0  保土ケ谷区の警察署はどこですか？                       -> 
  invented_name       0  神奈川県の保土ケ谷区にある警察署を教えてください。              -> 
  accepted         17  Find all police stations in Hodogaya   -> Hodogaya Ward, Yokohama, Kan
  accepted         17  Show me the police stations located    -> Hodogaya Ward, Yokohama, Kan
  accepted         17  Where are the police stations in Hod   -> Hodogaya Ward, Yokohama, Kan
  accepted         17  List police stations in Hodogaya War   -> Hodogaya Ward, Yokohama, Kan

### Kamigyō Ward, Kyoto, Kyoto Prefecture, Japan / Police Stations
  seed concern finds 13; 8 utterances kept of 8 asked for
  accepted         13  上京区の警察署を教えて                            -> Kamigyō, Kyoto, Police stati
  accepted         13  京都府京都市上京区にある警察署はどこですか？                 -> Kamigyō, Kyoto, Police stati
  accepted         13  上京区の警察署一覧                              -> Kamigyō, Kyoto, Police stati
  accepted         13  上京区の警察署を探して                            -> Kamigyō, Kyoto, Police stati
  accepted         13  Where are the police stations in Kam   -> Kamigyō Ward, Kyoto, Kyoto P
  accepted         13  Find Kamigyō Ward, Kyoto, Kyoto Pref   -> Kamigyō Ward, Kyoto, Kyoto P
  accepted         13  I need directions to Kamigyō Ward, K   -> Kamigyō Ward, Kyoto, Kyoto P
  accepted         13  Can you show me Kamigyō Ward, Kyoto,   -> Kamigyō Ward, Kyoto, Kyoto P

### Longhua District, Shenzhen, Guangdong Province, China / Police Stations
  seed concern finds 17; 8 utterances kept of 8 asked for
  invented_name       0  深圳市龍華区の警察署を探しています                      -> 
  invented_name       0  龍華区の警察官の場所を教えて                         -> 
  invented_name       0  深圳市龍華区にある警察署はどこですか？                    -> 
  invented_name       0  龍華区 警察署 検索                             -> 
  accepted         17  Where are the police stations in Lon   -> Longhua District, Shenzhen, 
  accepted         17  Find all police stations located in    -> Longhua District, Shenzhen, 
  accepted         17  I need directions to police stations   -> Longhua District, Shenzhen, 
  accepted         17  Show me police stations in Longhua D   -> Longhua District, Shenzhen, 

### Nowon-gu, Seoul, South Korea / Police Stations
  seed concern finds 16; 8 utterances kept of 8 asked for
  accepted         16  Nowon-guの警察署を教えて                       -> Nowon-gu, Seoul, Police stat
  invented_name       0  ソウル北漢区にある警察署はどこですか                     -> 
  accepted         16  Nowon-gu, Seoul, South Koreaの警察署一覧     -> Nowon-gu, Seoul, South Korea
  invented_name       0  北漢区 警察署 検索                             -> 
  accepted         16  Show me all police stations in Nowon   -> Nowon-gu, Seoul, South Korea
  accepted         16  Nowon-gu, Seoul, South Korea police    -> Nowon-gu, Seoul, South Korea
  accepted         16  Where are the police stations in Now   -> Nowon-gu, Seoul, South Korea
  accepted         16  List police stations in Nowon-gu, Se   -> Nowon-gu, Seoul, South Korea

### Seodaemun-gu, Seoul, South Korea / Police Stations
  seed concern finds 16; 8 utterances kept of 8 asked for
  accepted         16  ソウル特別市西大門区の警察署を教えてください。                -> Seodaemun-gu, Seoul, Police 
  accepted         16  西大門区内の警察署一覧                            -> Seodaemun-gu, Seoul, Police 
  accepted         16  ソウル西大門区の警察署を探してる                       -> Seodaemun-gu, Seoul, Police 
  accepted         16  西大門区の警察署はどこですか？                        -> Seodaemun-gu, Seoul, Police 
  accepted         16  Show me police stations in Seodaemun   -> Seodaemun-gu, Seoul, South K
  accepted         16  Find police stations located in Seod   -> Seodaemun-gu, Seoul, South K
  accepted         16  Where are the police stations in Seo   -> Seodaemun-gu, Seoul, South K
  accepted         16  List all police stations in Seodaemu   -> Seodaemun-gu, Seoul, South K

### Songpa-gu, Seoul, South Korea / Police Stations
  seed concern finds 28; 8 utterances kept of 8 asked for
  accepted         28  ソウル松坡区の警察署を教えて                         -> Songpa, Seoul, Police statio
  accepted         28  松坡区の警察署はどこにありますか？                      -> Songpa, Seoul, Police statio
  accepted         28  ソウル特別市松坡区内の警察署一覧が知りたい                  -> Songpa-gu, Seoul, Police sta
  accepted         28  松坡区の警察署を検索して                           -> Songpa, Seoul, Police statio
  accepted         28  Show me police stations in Songpa-gu   -> Songpa-gu, Seoul, South Kore
  accepted         28  Where are the police stations locate   -> Songpa-gu, Seoul, South Kore
  accepted         28  I need to find police stations in So   -> Songpa-gu, Seoul, South Kore
  accepted         28  List all police stations in Songpa-g   -> Songpa-gu, Seoul, South Kore

### Wan Chai District, Hong Kong, China / Police Stations
  seed concern finds 4; 8 utterances kept of 8 asked for
  invented_name       0  香港の湾仔区内の警察署を教えてください。                   -> 
  accepted        566  Wan Chai District, Hong Kong, Chinaの   -> Wan Chai District, Hong Kong
  invented_name       0  湾仔地区の警察署リスト                            -> 
  accepted          4  Find police stations in Wan Chai Dis   -> Wan Chai District, Hong Kong
  no_area_line       0  Where is Wan Chai District, Hong Kon   -> 
  no_area_line       0  Show me Wan Chai District, Hong Kong   -> 
  no_area_line       0  Find Wan Chai District, Hong Kong, C   -> 
  no_area_line       0  I need to see Wan Chai District, Hon   -> 

### Yuen Long District, Hong Kong, China / Police Stations
  seed concern finds 15; 8 utterances kept of 8 asked for
  accepted         66  Yuen Long District, Hong Kong, China   -> Yuen Long District, Hong Kon
  accepted         15  Yuen Long District, Hong Kong, China   -> Yuen Long District, Hong Kon
  accepted         15  Yuen Long District, Hong Kong, China   -> Yuen Long District, Hong Kon
  accepted         66  Yuen Long District, Hong Kong, China   -> Yuen Long District, Hong Kon
  accepted         15  Show me police stations in Yuen Long   -> Yuen Long District, Hong Kon
  accepted         15  Where are the police stations locate   -> Yuen Long District, Hong Kon
  accepted         15  List police stations in Yuen Long Di   -> Yuen Long District, Hong Kon
  accepted         15  I need to find a police station in Y   -> Yuen Long District, Hong Kon

### Adachi, Tokyo, Japan / Ramen shops
  seed concern finds 19; 8 utterances kept of 8 asked for
  accepted         14  Adachi, Tokyo, Japanのラーメン店を探して         -> Adachi, Tokyo, Ramen shops
  accepted         14  東京・足立区のラーメン屋を教えてください                   -> Adachi, Tokyo, Ramen shops
  accepted         14  足立区 ラーメン                               -> Adachi, Tokyo, Ramen shops
  accepted         14  Adachi, Tokyo, Japanにあるラーメン専門店教えて      -> Adachi, Tokyo, Ramen shops
  accepted         14  Where can I find ramen shops in Adac   -> Adachi, Tokyo, Ramen shops
  accepted        427  List of ramen restaurants in Adachi,   -> Adachi, Tokyo, Ramen restaur
  accepted         14  I'm looking for ramen places in Adac   -> Adachi, Tokyo, Ramen shops
  accepted         14  Show me ramen shops located in Adach   -> Adachi, Tokyo, Ramen shops

### Asahi Ward, Osaka, Osaka Prefecture, Japan / Ramen shops
  seed concern finds 2; 8 utterances kept of 8 asked for
  deep_gap          0  大阪市旭区のラーメン屋を探して                        -> Asahi, Osaka, Ramen shops
  wrong_area        0  旭区 拉面                                  -> Asahi, Yokohama, Ramen shops
  deep_gap          0  大阪府旭区内のラーメン店を教えて                       -> Asahi, Osaka, Ramen shops
  wrong_area        0  旭区のラーメン                                -> Asahi, Chiba, Ramen shops
  accepted          2  Find ramen shops in Asahi Ward, Osak   -> Asahi Ward, Osaka, Osaka Pre
  accepted          2  where are the ramen places in Asahi    -> Asahi Ward, Osaka, Osaka Pre
  accepted          2  Show me ramen restaurants located in   -> Asahi Ward, Osaka, Osaka Pre
  accepted          2  I need directions to ramen shops in    -> Asahi Ward, Osaka, Osaka Pre

### Chikusa Ward, Nagoya, Aichi Prefecture, Japan / Ramen shops
  seed concern finds 3; 8 utterances kept of 8 asked for
  accepted        124  名古屋市千種区のラーメン屋を教えて                      -> Chikusa, Nagoya, Ramen shops
  wrong_area        0  愛知県名古屋市の千種区内にあるラーメン店を探している             -> Chikusa, Nagoya, Aichi, Rame
  accepted        124  千種区で美味しいラーメンが食べられるお店はありますか             -> Chikusa, Nagoya, Ramen shops
  accepted        124  名古屋市千種区のラーメン専門店のリストが必要です               -> Chikusa, Nagoya, Ramen shops
  accepted          3  Find ramen shops in Chikusa Ward, Na   -> Chikusa Ward, Nagoya, Aichi 
  wrong_area        0  I need ramen restaurants in Chikusa    -> Chikusa, Nagoya, Aichi Prefe
  wrong_area        0  Where can I eat ramen in Chikusa War   -> Chikusa, Nagoya, Aichi Prefe
  accepted          3  Show me ramen places in Chikusa Ward   -> Chikusa Ward, Nagoya, Aichi 

### Chuo Ward, Niigata, Niigata Prefecture, Japan / Ramen shops
  seed concern finds 9; 8 utterances kept of 8 asked for
  deep_gap          0  新潟県新潟市中央区にあるラーメン屋を教えて。                 -> Chuo, Niigata, Niigata, Rame
  accepted        366  新潟市中央区 ラーメン                            -> Chuo, Niigata, Ramen shops
  accepted        366  新潟県の中央区にラーメンを食べられるお店はありますか？            -> Chuo, Niigata, Ramen shops
  accepted        366  新潟市中央区のラーメン店を探してる。                     -> Chuo, Niigata, Ramen shops
  accepted          9  ramen shops in Chuo Ward, Niigata, N   -> Chuo Ward, Niigata, Niigata 
  accepted        366  Where can I find ramen in Chuo Ward,   -> Chuo, Niigata, Ramen shops
  accepted          9  Show me all the ramen places located   -> Chuo Ward, Niigata, Niigata 
  deep_gap          0  I am looking for ramen spots in Chuo   -> Chuo, Niigata, Niigata Prefe

### Chuo, Tokyo, Japan / Ramen shops
  seed concern finds 55; 8 utterances kept of 8 asked for
  accepted         40  中央区のラーメン屋を探しています                       -> Chuo, Tokyo, Ramen shops
  accepted        765  東京・中央区にあるラーメン店一覧                       -> Chūō, Tokyo, Ramen shops
  accepted        765  中央区 ラーメン                               -> Chūō, Tokyo, Ramen shops
  accepted        765  東京都中央区の美味しいラーメン屋さん教えてください              -> Chūō, Tokyo, Ramen shops
  invented_name       0  Where can I find ramen shops in Chuo   -> 
  invented_name       0  I'm looking for ramen restaurants in   -> 
  invented_name       0  Show me ramen shops in Chuo, Tokyo,    -> 
  invented_name       0  Can you list ramen places in Chuo, T   -> 

### Fukushima Ward, Osaka, Osaka Prefecture, Japan / Ramen shops
  seed concern finds 272; 5 utterances kept of 8 asked for
  wrong_area        0  福島区のラーメン店を教えてください                      -> Fukushima, Tokyo, Ramen shop
  accepted    !     8  福島区で美味しいラーメン屋さんを探しています                 -> Fukushima, Osaka, Ramen shop
  wrong_area        0  福島区のラーメン専門店一覧 showing                  -> Fukushima, Tokyo, Ramen shop
  accepted    !     8  大阪福島区にあるラーメン屋さんのマップ表示して                -> Fukushima, Osaka, Ramen shop
  accepted        272  Ramen shops in Fukushima Ward, Osaka   -> Fukushima Ward, Osaka, Osaka

### Gwangjin-gu, Seoul, South Korea / Ramen shops
  seed concern finds 1; 8 utterances kept of 8 asked for
  accepted       1027  Gwangjin-guのラーメン屋                      -> Gwangjin-gu, Seoul, Ramen sh
  accepted          1  Gwangjin-gu, Seoul, South Koreaのラーメン   -> Gwangjin-gu, Seoul, South Ko
  accepted       1027  Gwangjin-guで美味しいラーメン屋さんある？             -> Gwangjin-gu, Seoul, Ramen sh
  accepted          1  Gwangjin-gu, Seoul, South Korea ラーメン   -> Gwangjin-gu, Seoul, South Ko
  accepted          1  Where can I find ramen shops in Gwan   -> Gwangjin-gu, Seoul, South Ko
  accepted          1  I want to eat ramen in Gwangjin-gu,    -> Gwangjin-gu, Seoul, South Ko
  accepted          1  Show me ramen restaurants in Gwangji   -> Gwangjin-gu, Seoul, South Ko
  accepted          1  Find ramen shops located in Gwangjin   -> Gwangjin-gu, Seoul, South Ko

### Higashi Ward, Niigata, Niigata Prefecture, Japan / Ramen shops
  seed concern finds 1; 8 utterances kept of 8 asked for
  wrong_area        0  新潟県新潟市東区のラーメン店を教えて                     -> Higashi-ku, Niigata, Niigata
  wrong_area        0  東区のラーメン屋さんを探して                         -> Higashi, Tokyo, Ramen shops
  accepted         96  新潟市東区にあるラーメン店はどこ？                      -> Higashi-ku, Niigata, Ramen s
  wrong_area        0  新潟東区のラーメン専門店を教えてほしい                    -> Nishikan, Niigata, Ramen sho
  accepted          1  Find ramen shops in Higashi Ward, Ni   -> Higashi Ward, Niigata, Niiga
  accepted          1  ramen restaurants Higashi Ward, Niig   -> Higashi Ward, Niigata, Niiga
  wrong_area        0  Where can I eat ramen in Higashi War   -> Higashi Ward, Niigata, Niiga
  wrong_area        0  Show me places to get ramen in Higas   -> Higashi Ward, Niigata, Niiga

### Higashiyama Ward, Kyoto, Kyoto Prefecture, Japan / Ramen shops
  seed concern finds 6; 8 utterances kept of 8 asked for
  accepted          3  京都市東山区のラーメン屋を探して                       -> Higashiyama, Kyoto, Ramen sh
  accepted          3  東山区にあるラーメン店を教えて                        -> Higashiyama, Kyoto, Ramen sh
  accepted          3  東山区で美味しいラーメン屋さんある？                     -> Higashiyama, Kyoto, Ramen sh
  accepted          3  京都市東山区のラーメン専門店一覧                       -> Higashiyama, Kyoto, Ramen sh
  accepted          6  Ramen shops in Higashiyama Ward, Kyo   -> Higashiyama Ward, Kyoto, Kyo
  accepted          6  Where can I find ramen in Higashiyam   -> Higashiyama Ward, Kyoto, Kyo
  accepted          6  Show ramen places located in Higashi   -> Higashiyama Ward, Kyoto, Kyo
  accepted          6  I want to see ramen spots in Higashi   -> Higashiyama Ward, Kyoto, Kyo

### Isogo Ward, Yokohama, Kanagawa Prefecture, Japan / Ramen shops
  seed concern finds 6; 8 utterances kept of 8 asked for
  invented_name       0  横浜市磯谷区のラーメン屋を教えて                       -> 
  invented_name       0  神奈川県横浜市磯谷区にあるラーメン店を探してる                -> 
  invented_name       0  磯谷区の美味しいラーメン屋さんのリスト欲しい                 -> 
  invented_name       0  横浜の磯谷区でラーメンを食べれる場所を知りたい                -> 
  accepted          6  Find ramen shops in Isogo Ward, Yoko   -> Isogo Ward, Yokohama, Kanaga
  accepted          6  Where can I get ramen in Isogo Ward,   -> Isogo Ward, Yokohama, Kanaga
  accepted        101  Ramen restaurants located in Isogo W   -> Isogo Ward, Yokohama, Kanaga
  accepted          6  Show me ramen places in Isogo Ward,    -> Isogo Ward, Yokohama, Kanaga

### Jonan Ward, Fukuoka, Fukuoka Prefecture, Japan / Ramen shops
  seed concern finds 9; 8 utterances kept of 8 asked for
  invented_name       0  福岡県福岡市南区のラーメン屋さんを探して                   -> 
  invented_name       0  南区にあるラーメン店を教えて                         -> 
  invented_name       0  福岡南区 麺類 おすすめ                           -> 
  invented_name       0  JR南区 美味しいラーメン                          -> 
  accepted          9  Show me all ramen shops in Jonan War   -> Jonan Ward, Fukuoka, Fukuoka
  accepted          9  I'm looking for ramen restaurants in   -> Jonan Ward, Fukuoka, Fukuoka
  accepted          9  Find ramen shops in Jonan Ward, Fuku   -> Jonan Ward, Fukuoka, Fukuoka
  accepted          9  Where can I find ramen shops in Jona   -> Jonan Ward, Fukuoka, Fukuoka

### Kamigyō Ward, Kyoto, Kyoto Prefecture, Japan / Ramen shops
  seed concern finds 8; 8 utterances kept of 8 asked for
  accepted          8  京都府京都市上京区のラーメン店を教えて                    -> Kamigyō, Kyoto, Ramen shops
  accepted          8  上京区のラーメン屋さんはどこですか？                     -> Kamigyō, Kyoto, Ramen shops
  accepted          8  京都 上京区 ラーメン                            -> Kamigyō, Kyoto, Ramen shops
  accepted          8  上京区内にあるラーメン専門店を探しています                  -> Kamigyō, Kyoto, Ramen shops
  accepted         10  Find ramen restaurants in Kamigyō Wa   -> Kamigyō Ward, Kyoto, Kyoto P
  accepted         10  Where can I get ramen in Kamigyō War   -> Kamigyō Ward, Kyoto, Kyoto P
  accepted          8  Show me ramen shops located in Kamig   -> Kamigyō Ward, Kyoto, Kyoto P
  accepted          8  List of ramen places in Kamigyō Ward   -> Kamigyō Ward, Kyoto, Kyoto P

### Kita Ward, Kyoto, Kyoto Prefecture, Japan / Ramen shops
  seed concern finds 5; 8 utterances kept of 8 asked for
  wrong_area        0  北区のラーメン店教えて                            -> Kita, Tokyo, Ramen shops
  accepted          5  京都府京都市北区でラーメンを食べたい                     -> Kita, Kyoto, Ramen shops
  accepted          5  京都 北区 ラーメン                             -> Kita, Kyoto, Ramen shops
  wrong_area        0  北区の美味しいラーメン屋                           -> Kita, Tokyo, Ramen shops
  accepted          5  Where are the ramen shops in Kita Wa   -> Kita Ward, Kyoto, Kyoto Pref
  accepted          5  I need to find ramen shops in Kita W   -> Kita Ward, Kyoto, Kyoto Pref
  wrong_area        0  Please show me ramen shops in Kita W   -> Kita Ward, Kyoto, Kyoto Pref
  accepted          5  Can you list ramen shops in Kita War   -> Kita Ward, Kyoto, Kyoto Pref

### Kita Ward, Saitama, Saitama Prefecture, Japan / Ramen shops
  seed concern finds 6; 8 utterances kept of 8 asked for
  invented_name       0  埼玉県北浦和のラーメン店                           -> 
  invented_name       0  北浦和の美味しいラーメン屋を教えて                      -> 
  invented_name       0  埼玉県北浦和 ラーメン                            -> 
  invented_name       0  北浦和地区のラーメン店一覧                          -> 
  accepted         57  Where can I find ramen shops in Kita   -> Kita, Saitama, Ramen shops
  accepted          6  Show me ramen shops located in Kita    -> Kita Ward, Saitama, Saitama 
  deep_gap          0  I am looking for ramen shops in Kita   -> Kita, Saitama, Saitama Prefe
  accepted          6  Find ramen shops in Kita Ward, Saita   -> Kita, Saitama, Saitama Prefe

### Konan Ward, Yokohama, Kanagawa Prefecture, Japan / Ramen shops
  seed concern finds 0; 8 utterances kept of 8 asked for
  accepted          1  横浜市港南区のラーメン店を教えて                       -> Konan-ku, Yokohama, Ramen sh
  wrong_area        0  神奈川県横浜市港南区 ラーメン                        -> Konan-ku, Yokohama, Kanagawa
  accepted          1  港南区 ラーメン 美味しい店                         -> Konan-ku, Yokohama, Ramen sh
  accepted          1  横浜市港南区のラーメン探して                         -> Konan-ku, Yokohama, Ramen sh
  wrong_area        0  Where can I find ramen shops in Kona   -> Konan, Yokohama, Kanagawa Pr
  wrong_area        0  Show me ramen shops in Konan Ward, Y   -> Konan Ward, Yokohama, Kanaga
  wrong_area        0  Ramen shops in Konan Ward, Yokohama,   -> Konan, Yokohama, Kanagawa Pr
  wrong_area        0  Find ramen shops located in Konan Wa   -> Konan Ward, Yokohama, Kanaga

### Luohu District, Shenzhen, Guangdong Province, China / Ramen shops
  seed concern finds 9; 8 utterances kept of 8 asked for
  accepted          1  深圳市羅湖区のラーメン屋さんを探しています。                 -> Luohu, Shenzhen, Ramen shops
  accepted          1  羅湖区にあるラーメン店を教えてください。                   -> Luohu, Shenzhen, Ramen shops
  accepted          1  羅湖区のラーメン屋さんってどこにありますか？                 -> Luohu, Shenzhen, Ramen shops
  accepted          1  深圳羅湖区のラーメン屋を教えてください。                   -> Luohu, Shenzhen, Ramen shops
  accepted          9  Ramen shops in Luohu District, Shenz   -> Luohu District, Shenzhen, Gu
  accepted          9  Where can I find ramen shops in Luoh   -> Luohu District, Shenzhen, Gu
  accepted          9  Can you list some ramen restaurants    -> Luohu District, Shenzhen, Gu
  accepted          9  I am looking for ramen shops in Luoh   -> Luohu District, Shenzhen, Gu

### Midori Ward, Yokohama, Kanagawa Prefecture, Japan / Ramen shops
  seed concern finds 3; 8 utterances kept of 8 asked for
  accepted          1  緑区のラーメン屋を教えて                           -> Midori, Yokohama, Ramen shop
  wrong_area        0  神奈川県横浜市緑区のラーメン店を探しています                 -> Midori-ku, Yokohama, Kanagaw
  no_area_line       0  緑区のラーメン人気店をまとめて                        -> 
  accepted          1  横浜市緑区で美味しいラーメン屋さんありませんか？               -> Midori, Yokohama, Ramen shop
  wrong_area        0  Show ramen shops in Midori Ward, Yok   -> Midori Ward, Yokohama, Kanag
  accepted          3  Where can I find ramen in Midori War   -> Midori Ward, Yokohama, Kanag
  wrong_area        0  List ramen restaurants in Midori War   -> Midori Ward, Yokohama, Kanag
  accepted          3  I need ramen places in Midori Ward,    -> Midori Ward, Yokohama, Kanag

### Minami Ward, Yokohama, Kanagawa Prefecture, Japan / Ramen shops
  seed concern finds 0; 8 utterances kept of 8 asked for
  no_area_line       0  Minami Ward, Yokohama, Kanagawa Pref   -> 
  zero_results       0  Minami Ward, Yokohama, Kanagawa Pref   -> Minami Ward, Yokohama, Kanag
  wrong_area        0  神奈川県横浜市南区にあるラーメン店                      -> Minami-ku, Yokohama, Kanagaw
  zero_results       0  横浜市南区 ラーメン                             -> Minami-ku, Yokohama, Ramen s
  wrong_area        0  Find ramen shops in Minami Ward, Yok   -> Minami Ward, Yokohama, Kanag
  zero_results       0  Where can I get ramen in Minami Ward   -> Minami Ward, Yokohama, Kanag
  wrong_area        0  Show me all the ramen restaurants lo   -> Minami Ward, Yokohama, Kanag
  zero_results       0  I need a list of ramen places in Min   -> Minami Ward, Yokohama, Kanag

### Minuma Ward, Saitama, Saitama Prefecture, Japan / Ramen shops
  seed concern finds 14; 8 utterances kept of 8 asked for
  invented_name       0  さいたま市南区のラーメン店を教えて                      -> 
  invented_name       0  埼玉南区にあるラーメン屋は？                         -> 
  invented_name       0  さいたま市南区 ラーメン                           -> 
  invented_name       0  南区の美味しいラーメン店を探して                       -> 
  accepted         14  Where can I find ramen shops in Minu   -> Minuma Ward, Saitama, Saitam
  accepted         14  Show me ramen places in Minuma Ward,   -> Minuma Ward, Saitama, Saitam
  accepted         14  I need a list of ramen shops located   -> Minuma Ward, Saitama, Saitam
  accepted         14  Find ramen restaurants in Minuma War   -> Minuma Ward, Saitama, Saitam

### Naka Ward, Nagoya, Aichi Prefecture, Japan / Ramen shops
  seed concern finds 14; 8 utterances kept of 8 asked for
  wrong_area        0  中区のラーメン店を教えて                           -> Naka, Yokohama, Ramen shops
  invented_name       0  愛知県名古屋市南区にあるラーメン屋を探して                  -> 
  accepted         14  Naka Ward, Nagoya, Aichi Prefecture,   -> Naka Ward, Nagoya, Aichi Pre
  accepted         21  愛知県名古屋市中区で美味しいラーメン屋さんはありませんか？          -> Naka, Nagoya, Aichi, Ramen s
  accepted         14  Find ramen shops in Naka Ward, Nagoy   -> Naka Ward, Nagoya, Aichi Pre
  accepted         21  Where can I get ramen in Naka Ward,    -> Naka Ward, Nagoya, Aichi Pre
  accepted         21  Show me ramen shops in Naka Ward, Na   -> Naka Ward, Nagoya, Aichi Pre
  accepted         21  I am looking for ramen places in Nak   -> Naka Ward, Nagoya, Aichi Pre

### Nakamura Ward, Nagoya, Aichi Prefecture, Japan / Ramen shops
  seed concern finds 6; 8 utterances kept of 8 asked for
  invented_name       0  名古屋市中区にあるラーメン屋を教えて                     -> 
  invented_name       0  愛知県名古屋市中区のラーメン専門店をリストアップして             -> 
  invented_name       0  中区のラーメン店探してるんだけど、どこがある？                -> 
  invented_name       0  愛知県名古屋市中区で美味しいラーメン屋さんを検索して             -> 
  accepted          6  Where can I find ramen shops in Naka   -> Nakamura Ward, Nagoya, Aichi
  wrong_area        0  Show me ramen places in Nakamura War   -> Nakamura Ward, Nagoya, Aichi
  wrong_area        0  I am looking for ramen restaurants l   -> Nakamura Ward, Nagoya, Aichi
  accepted          6  Map of ramen shops in Nakamura Ward,   -> Nakamura Ward, Nagoya, Aichi

### Nerima, Tokyo, Japan / Ramen shops
  seed concern finds 32; 8 utterances kept of 8 asked for
  accepted        356  Nerimaのラーメン店を教えて                       -> Nerima, Tokyo, Ramen shops
  accepted        356  東京都練馬区のラーメン屋リスト                        -> Nerima, Tokyo, Ramen shops
  accepted        356  練馬区で美味しいラーメン屋はどこ？                      -> Nerima, Tokyo, Ramen shops
  accepted        356  Nerima ramen shops                     -> Nerima, Tokyo, Ramen shops
  accepted         32  Ramen shops in Nerima, Tokyo, Japan    -> Nerima, Tokyo, Japan, Ramen 
  accepted         32  Show me all ramen places located in    -> Nerima, Tokyo, Japan, Ramen 
  accepted         32  Where are the ramen shops in Nerima,   -> Nerima, Tokyo, Japan, Ramen 
  accepted         32  Find ramen restaurants in Nerima, To   -> Nerima, Tokyo, Japan, Ramen 

### Nishi Ward, Osaka, Osaka Prefecture, Japan / Ramen shops
  seed concern finds 10; 8 utterances kept of 8 asked for
  accepted         10  西区のラーメン店                               -> Nishi, Osaka, Ramen shops
  accepted         10  大阪府大阪市西区でラーメンが食べられるお店を教えて              -> Nishi, Osaka, Ramen shops
  accepted         10  西区のラーメン店を探して                           -> Nishi, Osaka, Ramen shops
  accepted         10  大阪市西区のラーメン専門店一覧                        -> Nishi, Osaka, Ramen shops
  accepted         10  Find ramen shops in Nishi Ward, Osak   -> Nishi Ward, Osaka, Osaka Pre
  accepted        352  Where can I get ramen in Nishi Ward,   -> Nishi Ward, Osaka, Ramen sho
  accepted         10  Show me all ramen restaurants in Nis   -> Nishi Ward, Osaka, Osaka Pre
  deep_gap          0  I am looking for ramen places in Nis   -> Nishi, Osaka, Osaka Prefectu

### Nishinari Ward, Osaka, Osaka Prefecture, Japan / Ramen shops
  seed concern finds 3; 8 utterances kept of 8 asked for
  accepted        107  大阪府大阪市西成区のラーメン店を探しています。                -> Nishinari, Osaka, Ramen shop
  accepted        107  西成区内で美味しいラーメン屋を教えて。                    -> Nishinari, Osaka, Ramen shop
  accepted        107  大阪市西成区のラーメン専門店一覧はない？                   -> Nishinari, Osaka, Ramen shop
  accepted        107  西成区にあるラーメン屋さんを検索して。                    -> Nishinari, Osaka, Ramen shop
  accepted          3  Find ramen shops in Nishinari Ward,    -> Nishinari Ward, Osaka, Osaka
  accepted          3  Where are the ramen places in Nishin   -> Nishinari Ward, Osaka, Osaka
  accepted          3  Show me ramen restaurants located in   -> Nishinari Ward, Osaka, Osaka
  accepted          3  I need a list of ramen shops in Nish   -> Nishinari Ward, Osaka, Osaka

### Ota, Tokyo, Japan / Ramen shops
  seed concern finds 1003; 8 utterances kept of 8 asked for
  accepted       1003  東京都大田区のラーメン屋さんを知りたい                    -> Ota, Tokyo, Ramen shops
  accepted       1003  Ota, Tokyo, Japan のラーメン店教えて            -> Ota, Tokyo, Ramen shops
  accepted       1003  大田区 東京 ラーメン                            -> Ota, Tokyo, Ramen shops
  accepted       1003  東京都大田区内のラーメンショップ一覧                     -> Ota, Tokyo, Ramen shops
  accepted       1003  Show me ramen shops in Ota, Tokyo, J   -> Ota, Tokyo, Ramen shops
  accepted       1003  I am looking for ramen restaurants i   -> Ota, Tokyo, Ramen shops
  accepted       1003  Where can I find ramen in Ota, Tokyo   -> Ota, Tokyo, Ramen shops
  accepted       1003  Find ramen shops in Ota, Tokyo, Japa   -> Ota, Tokyo, Japan, Ramen sho

### Sakyo Ward, Kyoto, Kyoto Prefecture, Japan / Ramen shops
  seed concern finds 3; 8 utterances kept of 8 asked for
  accepted         13  京都市左京区のラーメン屋を教えて                       -> Sakyo, Kyoto, Ramen shops
  accepted         13  京都左京区内の美味しいラーメン店が知りたいです。               -> Sakyo, Kyoto, Ramen shops
  accepted         13  左京区のラーメン屋さんを探しています                     -> Sakyo, Kyoto, Ramen shops
  accepted         13  京都左京区にあるラーメン専門店の一覧を表示して                -> Sakyo, Kyoto, Ramen shops
  accepted          3  Show ramen shops in Sakyo Ward, Kyot   -> Sakyo Ward, Kyoto, Kyoto Pre
  accepted        235  I need restaurants in Sakyo Ward, Ky   -> Sakyo Ward, Kyoto, Kyoto Pre
  accepted          3  Find ramen places in Sakyo Ward, Kyo   -> Sakyo Ward, Kyoto, Kyoto Pre
  accepted        235  Ramen shops Sakyo Ward Kyoto Kyoto P   -> Sakyo Ward, Kyoto, Ramen sho

### Seya Ward, Yokohama, Kanagawa Prefecture, Japan / Ramen shops
  seed concern finds 10; 8 utterances kept of 8 asked for
  accepted          1  神奈川県の横浜市瀬谷区のラーメン店を教えて                  -> Seya, Yokohama, Kanagawa, Ra
  accepted          9  瀬谷区のラーメン屋さんを探して                        -> Seya, Yokohama, Ramen shops
  accepted         55  横浜市瀬谷区にあるラーメン専門店一覧                     -> Seya, Yokohama, Ramen shops
  wrong_area        0  神奈川 瀬谷区 ラーメン 飲食店                       -> Sagamihara, Kanagawa, Ramen 
  accepted         10  Ramen shops in Seya Ward, Yokohama,    -> Seya Ward, Yokohama, Kanagaw
  wrong_area        0  Show me ramen restaurants in Seya Wa   -> Seya Ward, Yokohama, Kanagaw
  accepted         10  Find ramen places in Seya Ward, Yoko   -> Seya Ward, Yokohama, Kanagaw
  wrong_area        0  List all ramen shops located in Seya   -> Seya Ward, Yokohama, Kanagaw

### Shinjuku, Tokyo, Japan / Ramen shops
  seed concern finds 98; 8 utterances kept of 8 asked for
  accepted         69  Shinjuku, Tokyo, Japanのラーメン屋を教えて       -> Shinjuku, Tokyo, Ramen shops
  accepted         69  Shinjuku, Tokyo, Japanで美味しいラーメンが食べられ   -> Shinjuku, Tokyo, Ramen shops
  accepted         69  Shinjuku, Tokyo, Japanにあるラーメン専門店の一覧を   -> Shinjuku, Tokyo, Ramen shops
  accepted         69  Shinjuku, Tokyo, Japanのラーメン屋を探して       -> Shinjuku, Tokyo, Ramen shops
  accepted         98  Show me ramen shops in Shinjuku, Tok   -> Shinjuku, Tokyo, Japan, Rame
  accepted         69  Where are the ramen places in Shinju   -> Shinjuku, Tokyo, Japan, Rame
  accepted         98  I want to find ramen restaurants loc   -> Shinjuku, Tokyo, Japan, Rame
  accepted         98  List ramen shops in Shinjuku, Tokyo,   -> Shinjuku, Tokyo, Japan, Rame

### Sumida, Tokyo, Japan / Ramen shops
  seed concern finds 31; 8 utterances kept of 8 asked for
  accepted         31  Sumida, Tokyo, Japan のラーメン店を教えて        -> Sumida, Tokyo, Ramen shops
  accepted         31  Sumida, Tokyo, Japan にあるラーメン屋を調べてくださ   -> Sumida, Tokyo, Ramen shops
  accepted         31  Sumida, Tokyo, Japan 付近のラーメン店一覧        -> Sumida, Tokyo, Ramen shops
  accepted         31  Sumida, Tokyo, Japan で美味しいラーメン屋さんを探し   -> Sumida, Tokyo, Ramen shops
  accepted         31  Where are the ramen shops in Sumida,   -> Sumida, Tokyo, Ramen shops
  accepted         31  Can you find ramen restaurants in Su   -> Sumida, Tokyo, Ramen shops
  accepted         31  I need a list of ramen places in Sum   -> Sumida, Tokyo, Ramen shops
  accepted         31  Show me ramen shops located in Sumid   -> Sumida, Tokyo, Ramen shops

### Taito, Tokyo, Japan / Ramen shops
  seed concern finds 50; 8 utterances kept of 8 asked for
  accepted         35  台東区のラーメン屋を教えて                          -> Taito, Tokyo, Ramen shops
  accepted         35  Taito, Tokyo, Japan のラーメン店を検索して        -> Taito, Tokyo, Ramen shops
  accepted         35  東京都台東区内のラーメン好きが集まりそうな場所                -> Taito, Tokyo, Ramen shops
  accepted         35  台東区にあるラーメン専門店一覧                        -> Taito, Tokyo, Ramen shops
  accepted         35  Where can I find ramen shops in Tait   -> Taito, Tokyo, Ramen shops
  accepted         35  Ramen shops in Taito, Tokyo, Japan     -> Taito, Tokyo, Ramen shops
  accepted         35  Show me ramen shops in Taito, Tokyo,   -> Taito, Tokyo, Ramen shops
  accepted         35  I'm looking for ramen shops in Taito   -> Taito, Tokyo, Ramen shops

### Tsurumi Ward, Osaka, Osaka Prefecture, Japan / Ramen shops
  seed concern finds 3; 8 utterances kept of 8 asked for
  wrong_area        0  鶴見区のラーメン店を教えて                          -> Tsurumi, Yokohama, Ramen sho
  accepted         45  大阪府大阪市鶴見区にあるラーメン専門店のリストを表示してください       -> Tsurumi, Osaka, Ramen shops
  wrong_area        0  鶴見区のラーメン屋どこ？                           -> Tsurumi, Yokohama, Ramen sho
  accepted         45  大阪市鶴見区で美味しいラーメンが食べられるお店を検索して           -> Tsurumi, Osaka, Ramen shops
  accepted          3  Ramen shops in Tsurumi Ward, Osaka,    -> Tsurumi Ward, Osaka, Osaka P
  accepted         45  Show me ramen restaurants located in   -> Tsurumi Ward, Osaka, Osaka P
  accepted          3  Where can I find ramen shops in Tsur   -> Tsurumi Ward, Osaka, Osaka P
  accepted          3  I need a list of ramen shops in Tsur   -> Tsurumi Ward, Osaka, Osaka P

### Ukyo Ward, Kyoto, Kyoto Prefecture, Japan / Ramen shops
  seed concern finds 5; 8 utterances kept of 8 asked for
  accepted          5  京都市右京区のラーメン屋を知りたい                      -> Ukyo, Kyoto, Ramen shops
  accepted          5  右京区内のラーメン店を探している                       -> Ukyo, Kyoto, Ramen shops
  invented_name       0  Kyoto Ukyo-ku no ramen-ya o sagashit   -> 
  accepted          5  右京区のラーメン屋、どこにある？                       -> Ukyo, Kyoto, Ramen shops
  invented_name       0  Where can I find ramen in Ukyo Ward,   -> 
  invented_name       0  I need ramen recommendations in Ukyo   -> 
  invented_name       0  Find ramen shops in Ukyo Ward, Kyoto   -> 
  invented_name       0  Looking for ramen in Ukyo Ward, Kyot   -> 

### Amsterdam, North Holland, Netherlands / Restaurants
  seed concern finds 1924; 8 utterances kept of 8 asked for
  accepted       7704  Amsterdamのレストランはどこですか？                 -> Amsterdam, Restaurants
  accepted       7704  アムステルダム 飲食店                            -> Amsterdam, Restaurants
  accepted       1924  North HollandのAmsterdamで食べられるお店を教えて    -> Amsterdam, North Holland, Re
  accepted       7704  Amsterdam Restaurants                  -> Amsterdam, Restaurants
  accepted       7704  Show me restaurants in Amsterdam       -> Amsterdam, Restaurants
  accepted       7704  Where can I eat in Amsterdam           -> Amsterdam, Restaurants
  accepted       7704  I am looking for places to dine in A   -> Amsterdam, Restaurants
  accepted       7704  List all restaurants located in Amst   -> Amsterdam, Restaurants

### Bao'an District, Shenzhen, Guangdong Province, China / Restaurants
  seed concern finds 583; 8 utterances kept of 8 asked for
  accepted    !    46  深圳市宝安区宝安区の飲食店                          -> Bao'an, Shenzhen, Guangdong,
  accepted        583  広東省深圳市宝安区にあるレストラン一覧                    -> Bao'an District, Shenzhen, G
  accepted    !    46  宝安区で食べられるお店を教えて                        -> Bao'an, Shenzhen, Restaurant
  accepted    !    46  深圳市宝安区の飲食店検索                           -> Bao'an District, Shenzhen, R
  accepted        583  Show me restaurants in Bao'an Distri   -> Bao'an District, Shenzhen, G
  accepted        583  I want to find restaurants in Bao'an   -> Bao'an District, Shenzhen, G
  accepted        583  Where can I eat in Bao'an District,    -> Bao'an District, Shenzhen, G
  accepted        583  List restaurants in Bao'an District,   -> Bao'an District, Shenzhen, G

### Busan, South Korea / Restaurants
  seed concern finds 1747; 8 utterances kept of 8 asked for
  invented_name       0  부산 레스토랑 찾아줘                            -> 
  accepted       1747  Busan, South Korea のレストランを教えて          -> Busan, South Korea, Restaura
  invented_name       0  한국 부산의 음식점 어디 있어?                      -> 
  accepted       1747  South Korea の Busan でおすすめのレストラン教えて     -> Busan, South Korea, Recommen
  accepted       1747  Show me restaurants in Busan, South    -> Busan, South Korea, Restaura
  accepted       1747  Where are restaurants located in Bus   -> Busan, South Korea, Restaura
  accepted       1747  I need to find restaurants in Busan,   -> Busan, South Korea, Restaura
  accepted       1747  Find restaurants in Busan, South Kor   -> Busan, South Korea, Restaura

### Chuo, Kobe, Hyogo Prefecture, Japan / Restaurants
  seed concern finds 539; 8 utterances kept of 8 asked for
  deep_gap          0  Chuo, Kobe, Hyogo Prefecture, Japan    -> Chuo, Kobe, Hyogo Prefecture
  deep_gap          0  兵庫県神戸市中央区の飲食店一覧を出してください                -> Chuo, Kobe, Hyogo, Restauran
  deep_gap          0  Chuo, Kobe, Hyogo Prefecture, Japan    -> Chuo, Kobe, Hyogo Prefecture
  deep_gap          0  Chuo, Kobe, Hyogo Prefecture, Japan    -> Chuo, Kobe, Hyogo Prefecture
  accepted        539  Restaurants in Chuo, Kobe, Hyogo Pre   -> Chuo, Kobe, Hyogo Prefecture
  deep_gap          0  Where can I eat in Chuo, Kobe, Hyogo   -> Chuo, Kobe, Hyogo Prefecture
  accepted       1832  Show dining options in Chuo, Kobe, H   -> Chuo, Kobe, Hyogo Prefecture
  deep_gap          0  I need to find a place to eat in Chu   -> Chuo, Kobe, Hyogo Prefecture

### Daejeon, South Korea / Restaurants
  seed concern finds 470; 8 utterances kept of 8 asked for
  accepted        470  大田広域市の飲食店一覧を見せて                        -> Daejeon, South Korea, Restau
  invented_name       0  大田 韓国 レストラン 検索                         -> 
  invented_name       0  大田でおすすめの食堂はどこ？                         -> 
  invented_name       0  大田市内の食事できるスポットを教えて                     -> 
  accepted        470  I am looking for restaurants in Daej   -> Daejeon, South Korea, Restau
  accepted        470  Show me restaurants in Daejeon, Sout   -> Daejeon, South Korea, Restau
  accepted        470  Can you find places to eat in Daejeo   -> Daejeon, South Korea, Places
  accepted        470  List restaurants in Daejeon, South K   -> Daejeon, South Korea, Restau

### Dongjak-gu, Seoul, South Korea / Restaurants
  seed concern finds 346; 8 utterances kept of 8 asked for
  accepted        346  ソウル市銅雀区のRestaurant                     -> Dongjak, Seoul, Restaurants
  invented_name       0  東豆川区にあるお店を教えて                          -> 
  invented_name       0  南大門市場の近く                               -> 
  invented_name       0  仁川空港から遠い場所                             -> 
  accepted        346  I am looking for restaurants in Dong   -> Dongjak-gu, Seoul, South Kor
  accepted        346  Find dining options in Dongjak-gu, S   -> Dongjak-gu, Seoul, South Kor
  accepted        346  Where can I eat in Dongjak-gu, Seoul   -> Dongjak-gu, Seoul, South Kor
  accepted        346  Show me restaurants in Dongjak-gu, S   -> Dongjak-gu, Seoul, South Kor

### Florence, Tuscany, Italy / Restaurants
  seed concern finds 932; 8 utterances kept of 8 asked for
  accepted        932  フィレンツェのrestaurant                      -> Florence, Restaurants
  accepted        932  イタリアのトスカーナ地方、フィレンツェのレストランを教えて          -> Florence, Tuscany, Italy, Re
  accepted        932  フィレンツェ市内の飲食店を探している                     -> Florence, Italy, Restaurants
  accepted        932  トスカーナのフィレンツェで食べられるお店                   -> Florence, Tuscany, Restauran
  accepted        932  I am looking for restaurants in Flor   -> Florence, Tuscany, Italy, Re
  deep_gap          0  Find dining options in Florence, Tus   -> Florence, Tuscany, Italy, di
  accepted        932  Where can I eat in Florence, Tuscany   -> Florence, Tuscany, Italy, Re
  accepted        932  Show me restaurants located in Flore   -> Florence, Tuscany, Italy, Re

### Gangbuk-gu, Seoul, South Korea / Restaurants
  seed concern finds 218; 8 utterances kept of 8 asked for
  invented_name       0  ソウル広北区の飲食店を教えて                         -> 
  accepted        218  Gangbuk-gu, Seoul, South Koreaの美味しいお   -> Gangbuk-gu, Seoul, South Kor
  invented_name       0  広北区内にあるレストラン一覧を表示して                    -> 
  invented_name       0  ソウル広北区の食事処をマップに出して                     -> 
  accepted        218  Where are the restaurants in Gangbuk   -> Gangbuk-gu, Seoul, South Kor
  accepted        218  Show me dining options in Gangbuk-gu   -> Gangbuk-gu, Seoul, South Kor
  accepted        218  I need to find places to eat in Gang   -> Gangbuk-gu, Seoul, South Kor
  accepted        218  Can you list restaurants in Gangbuk-   -> Gangbuk-gu, Seoul, South Kor

### Gdańsk, Pomeranian Voivodeship, Poland / Restaurants
  seed concern finds 560; 8 utterances kept of 8 asked for
  invented_name       0  グダンスクの食堂を教えて                           -> 
  invented_name       0  グダンスク 飲食店                              -> 
  invented_name       0  グダンスクで食べられるお店はどこですか？                   -> 
  invented_name       0  グダンスクのレストラン一覧                          -> 
  accepted        560  Where are the restaurants in Gdańsk,   -> Gdańsk, Pomeranian Voivodesh
  accepted        560  Show me dining options in Gdańsk, Po   -> Gdańsk, Pomeranian Voivodesh
  accepted        560  I need to find places to eat in Gdań   -> Gdańsk, Pomeranian Voivodesh
  accepted        560  Can you list restaurants in Gdańsk,    -> Gdańsk, Pomeranian Voivodesh

### Gwangjin-gu, Seoul, South Korea / Restaurants
  seed concern finds 1027; 8 utterances kept of 8 asked for
  accepted       1027  Seoulの광진구에あるレストランを教えて                  -> Gwangjin-gu, Seoul, Restaura
  accepted       1027  광진구 韓国 食事 場所                           -> Gwangjin-gu, Seoul, Korean r
  invented_name       0  ソウル 光津区 レストラン 一覧                       -> 
  accepted       1027  광진구 맛집 찾아줘                             -> Gwangjin-gu, Seoul, Restaura
  accepted       1027  Show me restaurants in Gwangjin-gu,    -> Gwangjin-gu, Seoul, South Ko
  accepted       1027  Where are the eateries in Gwangjin-g   -> Gwangjin-gu, Seoul, South Ko
  accepted       1027  I need to find dining options in Gwa   -> Gwangjin-gu, Seoul, South Ko
  accepted       1027  Search for places to eat in Gwangjin   -> Gwangjin-gu, Seoul, South Ko

### Higashi Ward, Niigata, Niigata Prefecture, Japan / Restaurants
  seed concern finds 96; 8 utterances kept of 8 asked for
  wrong_area        0  新潟県新潟市東区の飲食店を教えて                       -> Higashi-ku, Niigata, Niigata
  wrong_area        0  東区のレストラン一覧                             -> Higashi-ku, Restaurants
  accepted         96  新潟市東区内の食べられるところ探して                     -> Higashi-ku, Niigata, Restaur
  accepted         96  新潟 東区 レストラン 検索                         -> Higashi-ku, Niigata, Restaur
  wrong_area        0  Find restaurants in Higashi Ward, Ni   -> Higashi Ward, Niigata, Niiga
  wrong_area        0  Where can I eat in Higashi Ward, Nii   -> Higashi Ward, Niigata, Niiga
  accepted         96  I want to see dining options in Higa   -> Higashi Ward, Niigata, Niiga
  wrong_area        0  Show me places to eat in Higashi War   -> Higashi Ward, Niigata, Niiga

### Incheon, South Korea / Restaurants
  seed concern finds 758; 8 utterances kept of 8 asked for
  accepted        758  Incheon, South Korea のレストランを教えて        -> Incheon, South Korea, Restau
  invented_name       0  仁川のレストランを調べて                           -> 
  accepted        758  Incheon, South Korea での食事ができるお店はどこ？    -> Incheon, South Korea, Restau
  accepted        758  Incheon, South Korea レストラン             -> Incheon, South Korea, Restau
  accepted        758  Restaurants in Incheon, South Korea    -> Incheon, South Korea, Restau
  accepted        758  Show me restaurants in Incheon, Sout   -> Incheon, South Korea, Restau
  accepted        758  I need to find restaurants in Incheo   -> Incheon, South Korea, Restau
  accepted        758  Where are the restaurants in Incheon   -> Incheon, South Korea, Restau

### Jungnang-gu, Seoul, South Korea / Restaurants
  seed concern finds 623; 8 utterances kept of 8 asked for
  invented_name       0  ソウルのジュンヌング区の飲食店を教えて                    -> 
  invented_name       0  ジュンヌング区内のレストラン一覧                       -> 
  invented_name       0  ジュンヌングの eateries 教えて                   -> 
  invented_name       0  ソウル 靖区 レストラン                           -> 
  accepted        623  I am looking for restaurants in Jung   -> Jungnang-gu, Seoul, South Ko
  accepted        623  Where can I find dining options in J   -> Jungnang-gu, Seoul, South Ko
  accepted        623  Show me places to eat in Jungnang-gu   -> Jungnang-gu, Seoul, South Ko
  accepted        623  Search for restaurants in Jungnang-g   -> Jungnang-gu, Seoul, South Ko

### Kita Ward, Sapporo, Hokkaido, Japan / Restaurants
  seed concern finds 0; 8 utterances kept of 8 asked for
  wrong_area        0  札幌市北区のラーメン店を教えて                        -> Kita, Sapporo, Ramen shops
  wrong_area        0  Kita Ward, Sapporoの美味しいレストラン教えてください    -> Kita, Sapporo, Restaurants
  invented_name       0  北區、札幌、北海道、日本のレストランを探して                 -> 
  wrong_area        0  札幌市北区 飲食店 検索                           -> Kita, Sapporo, Restaurants
  zero_results       0  Restaurants in Kita Ward, Sapporo, H   -> Kita Ward, Sapporo, Hokkaido
  zero_results       0  Where can I eat in Kita Ward, Sappor   -> Kita Ward, Sapporo, Hokkaido
  zero_results       0  Find dining options in Kita Ward, Sa   -> Kita Ward, Sapporo, Hokkaido
  zero_results       0  I need to find restaurants in Kita W   -> Kita Ward, Sapporo, Hokkaido

### Kolkata, India / Restaurants
  seed concern finds 174; 8 utterances kept of 8 asked for
  accepted        174  コルカタ、インドのレストランを教えて                     -> Kolkata, India, Restaurants
  accepted        174  Kolkata, India の飲食店リスト                 -> Kolkata, India, Restaurants
  accepted        174  コルカタ、インドで美味しいレストランはどこ？                 -> Kolkata, India, Restaurants
  accepted        174  Kolkata, India のレストラン一覧を出して            -> Kolkata, India, Restaurants
  accepted        174  Show me restaurants in Kolkata, Indi   -> Kolkata, India, Restaurants
  accepted        174  Where can I find places to eat in Ko   -> Kolkata, India, Places to ea
  accepted        174  List of restaurants in Kolkata, Indi   -> Kolkata, India, Restaurants
  deep_gap          0  Find dining options in Kolkata, Indi   -> Kolkata, India, dining optio

### Lima, Peru / Restaurants
  seed concern finds 272; 8 utterances kept of 8 asked for
  accepted        272  Lima, Peruの restaurants を探して           -> Lima, Peru, Restaurants
  accepted        272  Lima, Peru にある restaurants の一覧         -> Lima, Peru, Restaurants
  accepted        272  Lima, Peru 内の restaurants を教えて         -> Lima, Peru, Restaurants
  accepted        272  Lima, Peru の restaurants での飲食          -> Lima, Peru, Restaurants
  accepted        272  Where can I find restaurants in Lima   -> Lima, Peru, restaurants
  accepted        272  Show me places to eat in Lima, Peru.   -> Lima, Peru, places to eat
  accepted        272  I need a restaurant in Lima, Peru.     -> Lima, Peru, Restaurants
  no_area_line       0  Can you list some dining options in    -> 

### Mapo-gu, Seoul, South Korea / Restaurants
  seed concern finds 853; 8 utterances kept of 8 asked for
  accepted    !     3  ソウル市麻浦区のラーメン屋を調べて                      -> Mapo, Seoul, Ramen shops
  accepted        853  Seoul Mapo-guの韓国料理店                    -> Mapo-gu, Seoul, Korean resta
  accepted        853  ソウル 麻浦区 レストラン                          -> Mapo-gu, Seoul, Restaurants
  wrong_area        0  麻浦区の飲食店一覧                              -> Mapu District, Restaurants
  accepted        853  Show restaurants in Mapo-gu, Seoul,    -> Mapo-gu, Seoul, South Korea,
  accepted        853  I need dining options in Mapo-gu, Se   -> Mapo-gu, Seoul, South Korea,
  accepted        853  Find food places in Mapo-gu, Seoul,    -> Mapo-gu, Seoul, South Korea,
  accepted        853  Where can I eat in Mapo-gu, Seoul, S   -> Mapo-gu, Seoul, South Korea,

### Minuma Ward, Saitama, Saitama Prefecture, Japan / Restaurants
  seed concern finds 105; 8 utterances kept of 8 asked for
  wrong_area        0  Minuma-ku no resutoran o shitei shit   -> Minami-ku, Restaurants
  invented_name       0  さいたま県南浦和区の美味しいレストランを教えて                -> 
  accepted        105  I want to find restaurants in Minuma   -> Minuma Ward, Saitama, Japan,
  invented_name       0  南浦和区内のカフェとレストランの一覧を出して                 -> 
  accepted        105  Show me restaurants in Minuma Ward,    -> Minuma Ward, Saitama, Saitam
  deep_gap          0  Find food spots in Minuma Ward, Sait   -> Minuma Ward, Saitama, Saitam
  accepted        105  Where can I eat in Minuma Ward, Sait   -> Minuma Ward, Saitama, Saitam
  accepted         11  List dining options in Minuma Ward,    -> Minuma Ward, Saitama, Saitam

### Nagoya, Aichi Prefecture, Japan / Restaurants
  seed concern finds 1773; 8 utterances kept of 8 asked for
  accepted       1773  名古屋のRestaurantを探して                     -> Nagoya, Restaurants
  accepted       1773  愛知県名古屋のRestaurantについて教えて               -> Nagoya, Aichi, Restaurants
  accepted       1773  Nagoya, Aichi Prefecture, JapanにあるRe   -> Nagoya, Aichi Prefecture, Ja
  invented_name       0  あ、そうだ、このエリアのRestaurantで美味しいとこ教えてよ      -> 
  accepted       1773  Find restaurants in Nagoya, Aichi Pr   -> Nagoya, Aichi Prefecture, Re
  accepted       1773  Where are the restaurants in Nagoya,   -> Nagoya, Aichi Prefecture, Re
  accepted       1773  Show me restaurants located in Nagoy   -> Nagoya, Aichi Prefecture, Ja
  accepted       1773  I need restaurant recommendations in   -> Nagoya, Aichi Prefecture, Re

### Niigata, Niigata Prefecture, Japan / Restaurants
  seed concern finds 608; 8 utterances kept of 8 asked for
  wrong_area        0  新潟県の飲食店を教えてください                        -> Niigata Prefecture, Restaura
  accepted        608  Niigata, Niigata Prefecture, Japan の   -> Niigata, Niigata Prefecture,
  wrong_area        0  新潟にある食べられる場所を教えて                       -> Niigata, Restaurants
  wrong_area        0  新潟県のrestaurant一覧を表示                    -> Niigata Prefecture, Restaura
  accepted        608  Find restaurants in Niigata, Niigata   -> Niigata, Niigata Prefecture,
  accepted        608  Where can I eat in Niigata, Niigata    -> Niigata, Niigata Prefecture,
  accepted        608  Show me dining options in Niigata, N   -> Niigata, Niigata Prefecture,
  accepted        608  I am looking for places to eat in Ni   -> Niigata, Niigata Prefecture,

### Osaka, Osaka Prefecture, Japan / Restaurants
  seed concern finds 5700; 8 utterances kept of 8 asked for
  accepted       5700  大阪の飲食店を教えて                             -> Osaka, Restaurants
  accepted       5700  osaka no inshokuten                    -> Osaka, Restaurants
  accepted       5700  大阪市 内 の レストラン 一覧                       -> Osaka City, Restaurants
  accepted       5700  大阪府 大阪 の 料理 店 検索                       -> Osaka, Osaka Prefecture, Res
  accepted       5700  Where are restaurants in Osaka, Osak   -> Osaka, Osaka Prefecture, Res
  accepted       5700  Find me restaurants in Osaka, Osaka    -> Osaka, Osaka Prefecture, Res
  accepted       5700  Can you show me restaurants in Osaka   -> Osaka, Osaka Prefecture, Res
  accepted       5700  I need restaurants in Osaka, Osaka P   -> Osaka, Osaka Prefecture, Res

### Pristina, Municipality of Pristina, District of Pristina, Kosovo / Restaurants
  seed concern finds 238; 8 utterances kept of 8 asked for
  accepted        238  プリシュティナの飲食店を教えて                        -> Pristina, Restaurants
  accepted        238  プリシュティナにあるレストランはありますか？                 -> Pristina, Restaurants
  accepted        238  プリシュティナ 飲食店                            -> Pristina, Restaurants
  accepted        238  プリシュティナのレストラン一覧を出して                    -> Pristina, Restaurants
  wrong_area        0  Where are the restaurants in Pristin   -> Municipality of Pristina, Di
  wrong_area        0  I need to find dining options in Pri   -> Municipality of Pristina, Di
  wrong_area        0  List restaurants in Pristina, Munici   -> Municipality of Pristina, Di
  wrong_area        0  Show me places to eat in Pristina, M   -> Municipality of Pristina, Di

### Sawara Ward, Fukuoka, Fukuoka Prefecture, Japan / Restaurants
  seed concern finds 174; 8 utterances kept of 8 asked for
  accepted        174  福岡県福岡市早良区の飲食店を教えて                      -> Sawara, Fukuoka, Fukuoka Pre
  accepted        174  早良区の餐厅探して                              -> Sawara, Fukuoka, Restaurants
  accepted        174  福岡早良区のレストラン一覧                          -> Sawara, Fukuoka, Restaurants
  accepted        174  早良区の飲食店を調べて                            -> Sawara, Fukuoka, Restaurants
  accepted        174  Restaurants in Sawara Ward, Fukuoka,   -> Sawara Ward, Fukuoka, Fukuok
  wrong_area        0  Show me restaurants in Sawara Ward     -> Sawara Ward, Restaurants
  accepted        174  Where can I eat in Sawara Ward, Fuku   -> Sawara Ward, Fukuoka, Restau
  accepted        174  I need restaurant recommendations in   -> Sawara Ward, Fukuoka Prefect

### Seongbuk-gu, Seoul, South Korea / Restaurants
  seed concern finds 436; 8 utterances kept of 8 asked for
  accepted        436  Seongbuk-gu, Seoul, South Korea のレスト   -> Seongbuk-gu, Seoul, South Ko
  invented_name       0  ソウル成北区の飲食店一覧                           -> 
  accepted        436  Seongbuk-gu, Seoul, South Korea 内で食べ   -> Seongbuk-gu, Seoul, Restaura
  invented_name       0  セウンブング区のグルメスポットを教えてください                -> 
  accepted        436  Show me restaurants in Seongbuk-gu,    -> Seongbuk-gu, Seoul, South Ko
  accepted        436  I'm looking for dining options in Se   -> Seongbuk-gu, Seoul, South Ko
  accepted        436  Find restaurants near Seongbuk-gu, S   -> Seongbuk-gu, Seoul, South Ko
  accepted        436  Where are the restaurants in Seongbu   -> Seongbuk-gu, Seoul, South Ko

### Singapore, Singapore / Restaurants
  seed concern finds 4527; 8 utterances kept of 8 asked for
  accepted       4527  Singapore, Singapore のレストランを教えて        -> Singapore, Singapore, Restau
  accepted       4527  Singapore, Singapore 内の飲食店一覧を表示して      -> Singapore, Singapore, Restau
  accepted       4527  Singapore, Singapore で食べられるお店を教えてくださ   -> Singapore, Singapore, Restau
  deep_gap          0  Singapore, Singapore のグルメスポットを知りたい     -> Singapore, Gourmet spots
  accepted       4527  Where are restaurants in Singapore,    -> Singapore, Singapore, restau
  accepted       4527  Show me places to eat in Singapore,    -> Singapore, places to eat
  accepted       4527  Find restaurants in Singapore, Singa   -> Singapore, Singapore, restau
  accepted       4527  I am looking for restaurants in Sing   -> Singapore, restaurants

### Taipei, Taiwan / Restaurants
  seed concern finds 11028; 8 utterances kept of 8 asked for
  accepted      11028  Taiwanの台北市にあるレストランを教えて                 -> Taipei, Taiwan, Restaurants
  accepted      11028  台北のレストラン一覧                             -> Taipei, Restaurants
  accepted      11028  台北で食事ができる場所                            -> Taipei, Restaurants
  accepted      11028  台北市のレストランを探している                        -> Taipei, Restaurants
  accepted      11028  Show me restaurants in Taipei, Taiwa   -> Taipei, Taiwan, Restaurants
  accepted      11028  I want to find dining options in Tai   -> Taipei, Taiwan, dining optio
  accepted      11028  Where can I eat in Taipei, Taiwan?     -> Taipei, Taiwan, Restaurants
  accepted      11028  List of restaurants in Taipei, Taiwa   -> Taipei, Taiwan, Restaurants

### Toronto, Canada / Restaurants
  seed concern finds 3390; 8 utterances kept of 8 asked for
  accepted       3390  カナダのトロントのレストランを教えて                     -> Toronto, Canada, Restaurants
  accepted       3390  トロントで美味しいお店を探して                        -> Toronto, Restaurants
  accepted       3390  Toronton Restaurants o shirete         -> Toronto, Restaurants
  accepted       3390  トロント市内の食事できる場所一覧                       -> Toronto, Restaurants
  accepted       3390  restaurants in Toronto, Canada         -> Toronto, Canada, Restaurants
  accepted       3390  Where can I eat in Toronto, Canada?    -> Toronto, Canada, Restaurants
  accepted       3390  Find restaurants in Toronto, Canada    -> Toronto, Canada, Restaurants
  accepted       3391  Toronto, Canada dining places          -> Toronto, Canada, Dining plac

### Ulsan, South Korea / Restaurants
  seed concern finds 690; 8 utterances kept of 8 asked for
  invented_name       0  울산 restaurants                         -> 
  accepted        690  Ulsan, South Koreaのrestaurantsを探して     -> Ulsan, South Korea, Restaura
  invented_name       0  울산 restaurants 一覧                      -> 
  accepted        690  Ulsan restaurants                      -> Ulsan, restaurants
  accepted        690  Where are the restaurants in Ulsan,    -> Ulsan, South Korea, Restaura
  accepted        690  Show me restaurants in Ulsan, South    -> Ulsan, South Korea, Restaura
  accepted        690  I need to find restaurants in Ulsan,   -> Ulsan, South Korea, Restaura
  accepted        690  Can you list restaurants in Ulsan, S   -> Ulsan, South Korea, Restaura

### Vienna, Austria / Restaurants
  seed concern finds 2948; 8 utterances kept of 8 asked for
  accepted       2948  ウィーン, オーストリアのレストランを教えて                 -> Vienna, Austria, Restaurants
  accepted       2948  ウィーン, オーストリアにある飲食店を探して                 -> Vienna, Austria, Restaurants
  accepted       2948  ウィーン, オーストリアの食事できる場所一覧                 -> Vienna, Austria, Restaurants
  no_area_line       0  ウィーン, オーストリアでおすすめの食堂はどこですか             -> 
  accepted       2948  Show me restaurants in Vienna, Austr   -> Vienna, Austria, Restaurants
  deep_gap          0  I am looking for dining options in V   -> Vienna, Austria, dining opti
  accepted       2948  Find places to eat in Vienna, Austri   -> Vienna, Austria, places to e
  accepted       2948  Where can I find restaurants in Vien   -> Vienna, Austria, Restaurants

### Yeongdeungpo-gu, Seoul, South Korea / Restaurants
  seed concern finds 584; 8 utterances kept of 8 asked for
  accepted        584  ソウルの永登浦区にあるレストランを教えて。                  -> Yeongdeungpo, Seoul, Restaur
  accepted        584  永登浦区の飲食店を探しています。                       -> Yeongdeungpo, Seoul, Restaur
  accepted         96  永登浦区の食堂一覧を出して。                         -> Yeongdeungpo, Seoul, Cafeter
  accepted        584  永登浦区のレストランを調べて。                        -> Yeongdeungpo, Seoul, Restaur
  accepted        584  Restaurants in Yeongdeungpo-gu, Seou   -> Yeongdeungpo-gu, Seoul, Sout
  accepted        584  Find dining options in Yeongdeungpo-   -> Yeongdeungpo-gu, Seoul, Sout
  accepted        584  Where to eat in Yeongdeungpo-gu, Seo   -> Yeongdeungpo-gu, Seoul, Sout
  accepted        584  Show me restaurants located in Yeong   -> Yeongdeungpo-gu, Seoul, Sout

### Central and Western District, Hong Kong, China / Ruins
  seed concern finds 14; 8 utterances kept of 8 asked for
  deep_gap          0  Central and Western District, Hong K   -> Central and Western District
  accepted         14  Central and Western District, Hong K   -> Central and Western District
  accepted         14  Central and Western District, Hong K   -> Central and Western District
  accepted         14  Central and Western District, Hong K   -> Central and Western District
  accepted         14  Show me ruins in Central and Western   -> Central and Western District
  accepted         14  Where are the ruins located in Centr   -> Central and Western District
  accepted         14  I need a map of the ruins in Central   -> Central and Western District
  accepted         14  Find ruins in Central and Western Di   -> Central and Western District

### Kohoku Ward, Yokohama, Kanagawa Prefecture, Japan / Ruins
  seed concern finds 1; 8 utterances kept of 8 asked for
  no_area_line       0  kohoku-ku                              -> 
  invented_name       0  横浜市中区にある遺跡                             -> 
  accepted          1  kohoku-ku no iseki wo sagashite        -> Kohoku-ku, Yokohama, Ruins
  accepted          4  神奈川県横浜市kohoku-kuの遺跡はどこですか              -> Kohoku-ku, Yokohama, Kanagaw
  accepted          1  Where can I find the ruins in Kohoku   -> Kohoku Ward, Yokohama, Kanag
  accepted          1  I am looking for ruins located in Ko   -> Kohoku Ward, Yokohama, Kanag
  accepted          1  Show me the location of ruins in Koh   -> Kohoku Ward, Yokohama, Kanag
  accepted          1  How do I get to the ruins in Kohoku    -> Kohoku Ward, Yokohama, Kanag

### Pristina, Municipality of Pristina, District of Pristina, Kosovo / Ruins
  seed concern finds 1; 8 utterances kept of 8 asked for
  no_area_line       0  プリシュティナの遺跡を教えて                         -> 
  accepted          1  プリシュティナにある遺跡はどこですか？                    -> Pristina, Ruins
  accepted          1  プリシュティナの遺跡を探してる                        -> Pristina, Ruins
  deep_gap          0  プリシュティナの遺跡について知りたいです                   -> Pristina, Ancient ruins
  wrong_area        0  Show me ruins in Pristina, Municipal   -> Municipality of Pristina, Di
  accepted          1  I need to find the ruins at Pristina   -> Pristina, Municipality of Pr
  accepted          1  Where are the ruins located in Prist   -> Pristina, Municipality of Pr
  accepted          1  Search for ruins in Pristina, Munici   -> Pristina, Municipality of Pr

### Wong Tai Sin District, Hong Kong, China / Ruins
  seed concern finds 4; 8 utterances kept of 8 asked for
  invented_name       0  黄大仙区にある遺跡を教えてください。                     -> 
  invented_name       0  香港の黄大仙区の廃墟スポットを教えて。                    -> 
  accepted          4  Wong Tai Sin Districtの遺跡を探して。          -> Wong Tai Sin District, Hong 
  deep_gap          0  中国・香港・Wong Tai Sin Districtの史跡はどこですか   -> Wong Tai Sin District, Hong 
  accepted          4  Where are the ruins in Wong Tai Sin    -> Wong Tai Sin District, Hong 
  accepted          4  Show me the location of the ruins wi   -> Wong Tai Sin District, Hong 
  accepted          4  I want to find the ruins in Wong Tai   -> Wong Tai Sin District, Hong 
  no_area_line       0  Can you tell me how to get to the ru   -> 

### Akiruno, Tokyo, Japan / Shelters
  seed concern finds 15; 8 utterances kept of 8 asked for
  invented_name       0  秋留野市にある避難所を教えて                         -> 
  invented_name       0  秋留野市 避難所                               -> 
  invented_name       0  秋留野市、東京都の避難施設一覧                        -> 
  invented_name       0  秋留野市に避難所はありますか？                        -> 
  accepted         15  Find shelters in Akiruno, Tokyo, Jap   -> Akiruno, Tokyo, Japan, Shelt
  deep_gap          0  Where can I find emergency shelters    -> Akiruno, emergency shelters
  accepted         15  Show me shelter locations in Akiruno   -> Akiruno, Tokyo, Japan, Shelt
  accepted         15  List of shelters in Akiruno, Tokyo,    -> Akiruno, Tokyo, Japan, Shelt

### Asahi Ward, Osaka, Osaka Prefecture, Japan / Shelters
  seed concern finds 4; 8 utterances kept of 8 asked for
  invented_name       0  朝日区の避難所はどこ？                            -> 
  invented_name       0  大阪府大阪市朝日区内のシェルターを探している                 -> 
  wrong_area        0  Asahi Ward, Osaka, Osaka Prefecture,   -> Asahi, Osaka, Osaka Prefectu
  invented_name       0  朝日区のシェルター一覧を見せて                        -> 
  accepted          4  Where can I find shelters in Asahi W   -> Asahi Ward, Osaka, Osaka Pre
  accepted          4  Show me the location of shelters in    -> Asahi Ward, Osaka, Osaka Pre
  accepted          4  Where are the shelters in Asahi Ward   -> Asahi Ward, Osaka, Osaka Pre
  accepted          4  Can you find shelters in Asahi Ward,   -> Asahi Ward, Osaka, Osaka Pre

### Chiyoda, Tokyo, Japan / Shelters
  seed concern finds 10; 8 utterances kept of 8 asked for
  accepted         10  千代田区の避難所を探しています                        -> Chiyoda, Tokyo, Shelters
  accepted         10  Chiyoda, Tokyo, Japanの避難所はどこですか？       -> Chiyoda, Tokyo, Shelters
  accepted         10  東京都千代田区にある避難所一覧を教えてください                -> Chiyoda, Tokyo, Shelters
  accepted         10  Chiyoda, Tokyo, Japanで避難所を検索           -> Chiyoda, Tokyo, Shelters
  accepted         10  Where are the shelters in Chiyoda?     -> Chiyoda, shelters
  accepted         10  I need to find shelters in Chiyoda,    -> Chiyoda, Tokyo, Shelters
  accepted         10  Please show me shelters in Chiyoda.    -> Chiyoda, shelters
  accepted         10  Can you locate shelters in Chiyoda,    -> Chiyoda, Japan, Shelters

### City of New York, New York, United States / Shelters
  seed concern finds 378; 8 utterances kept of 8 asked for
  accepted        378  City of New York, New York, United S   -> City of New York, Shelters
  accepted        378  NYCのCity of New York, New York, Unit   -> City of New York, New York, 
  accepted        378  City of New York, New York, United S   -> City of New York, New York, 
  accepted        378  Could you show me the Shelters in Ci   -> City of New York, New York, 
  accepted        378  Show me all the shelters in the City   -> City of New York, New York, 
  accepted        377  I need a map of shelters located in    -> City of New York, New York, 
  accepted        378  Where are the shelters in the City o   -> City of New York, New York, 
  accepted        378  List the shelters in the City of New   -> City of New York, New York, 

### Edogawa, Tokyo, Japan / Shelters
  seed concern finds 15; 8 utterances kept of 8 asked for
  accepted         15  江戸川区の避難場所を探して                          -> Edogawa, Tokyo, Shelters
  accepted         15  Edogawa区にあるシェルターを教えて                   -> Edogawa, Tokyo, Shelters
  accepted         15  東京江戸川区の避難施設はどこですか？                     -> Edogawa, Tokyo, Shelters
  accepted         15  Edogawa, Tokyo, Japanの避難所一覧            -> Edogawa, Tokyo, Shelters
  accepted         15  Where are the shelters in Edogawa, T   -> Edogawa, Tokyo, Shelters
  accepted         15  Can you show me shelter locations in   -> Edogawa, Tokyo, Shelters
  accepted         15  Find all shelters in Edogawa, Tokyo,   -> Edogawa, Tokyo, Japan, Shelt
  accepted         15  List the shelters located in Edogawa   -> Edogawa, Tokyo, Japan, Shelt

### Futian District, Shenzhen, Guangdong Province, China / Shelters
  seed concern finds 35; 8 utterances kept of 8 asked for
  accepted         35  福田区のシェルターはどこですか？                       -> Futian, Shenzhen, Shelters
  accepted         35  広東省深圳市福田区にある避難所を教えて。                   -> Futian District, Shenzhen, G
  accepted         35  深圳市福田区のシェルターをさがして。                     -> Futian, Shenzhen, Shelters
  accepted         35  福田区 避難所                                -> Futian, Shenzhen, Shelters
  deep_gap          0  Find shelters in Futian District       -> Futian District, shelters
  accepted         35  Where are the emergency shelters loc   -> Futian District, emergency s
  accepted         35  List all shelters in Futian District   -> Futian District, Shenzhen, S
  deep_gap          0  I need a map of shelters in Futian D   -> Futian District, shelters

### Gangseo-gu, Seoul, South Korea / Shelters
  seed concern finds 9; 8 utterances kept of 8 asked for
  accepted          9  Gangseo-gu, Seoul, South Korea にあるシェ   -> Gangseo-gu, Seoul, South Kor
  accepted          9  Gangseo-gu, Seoul, South Korea の避難施設   -> Gangseo-gu, Seoul, South Kor
  accepted          9  Gangseo-gu, Seoul, South Korea のシェルタ   -> Gangseo-gu, Seoul, South Kor
  accepted          9  Gangseo-gu, Seoul, South Korea のシェルタ   -> Gangseo-gu, Seoul, South Kor
  accepted          9  Where are the shelters in Gangseo-gu   -> Gangseo-gu, Seoul, South Kor
  accepted          9  Show me Gangseo-gu, Seoul, South Kor   -> Gangseo-gu, Seoul, South Kor
  accepted          9  Can you list shelter locations in Ga   -> Gangseo-gu, Seoul, South Kor
  accepted          9  Find all shelters in Gangseo-gu, Seo   -> Gangseo-gu, Seoul, South Kor

### Gwanak-gu, Seoul, South Korea / Shelters
  seed concern finds 16; 8 utterances kept of 8 asked for
  accepted         16  ソウル市冠岳区の避難所はどこですか？                     -> Gwanak, Seoul, Shelters
  accepted         16  冠岳区内のシェルターを教えて                         -> Gwanak, Seoul, Shelters
  accepted         16  ソウルの冠岳区にある避難施設の場所を調べて                  -> Gwanak, Seoul, Shelters
  accepted         16  冠岳区のシェルター一覧を表示して                       -> Gwanak, Seoul, Shelters
  accepted         16  Where are shelters in Gwanak-gu, Seo   -> Gwanak-gu, Seoul, South Kore
  accepted         16  Find shelters in Gwanak-gu, Seoul, S   -> Gwanak-gu, Seoul, South Kore
  accepted         16  I need to locate shelters in Gwanak-   -> Gwanak-gu, Seoul, South Kore
  accepted         16  Show me all shelters in Gwanak-gu, S   -> Gwanak-gu, Seoul, South Kore

### Hamura, Tokyo, Japan / Shelters
  seed concern finds 4; 8 utterances kept of 8 asked for
  accepted          4  Hamuraの避難所を教えてください                     -> Hamura, Tokyo, Shelters
  accepted          4  Hamura Tokyo Japanのシェルターはどこですか         -> Hamura, Tokyo, Shelters
  accepted          8  Hamuraの防災施設を探しています                     -> Hamura, Tokyo, Disaster prev
  accepted          4  Hamuraに避難所がある場所を教えて                    -> Hamura, Tokyo, Shelters
  accepted          4  Where are the shelters in Hamura, To   -> Hamura, Tokyo, Shelters
  invented_name       0  Show me shelter locations              -> 
  accepted          4  Can you list all shelters in Hamura?   -> Hamura, Shelters
  accepted          4  I need to find a shelter in Hamura,    -> Hamura, Tokyo, Japan, Shelte

### Higashimurayama, Tokyo, Japan / Shelters
  seed concern finds 5; 8 utterances kept of 8 asked for
  wrong_area        0  東村山市の避難所を教えて                           -> Musashimurayama, Tokyo, Shel
  accepted          5  Higashimurayama, Tokyo, Japanの避難施設一覧   -> Higashimurayama, Tokyo, Shel
  accepted          5  東村山 避難所 検索                             -> Higashimurayama, Tokyo, Shel
  accepted          5  Higashimurayama, Tokyo, Japanにおける避難場   -> Higashimurayama, Tokyo, Shel
  accepted          5  Find shelters in Higashimurayama, To   -> Higashimurayama, Tokyo, Japa
  accepted          5  Where are the shelters in Higashimur   -> Higashimurayama, Tokyo, Japa
  accepted          5  I need to locate shelters in Higashi   -> Higashimurayama, Tokyo, Japa
  accepted          5  Please show me the location of shelt   -> Higashimurayama, Tokyo, Japa

### Hino, Tokyo, Japan / Shelters
  seed concern finds 1; 8 utterances kept of 8 asked for
  accepted          1  日野市にある避難所を教えて                          -> Hino, Tokyo, Shelters
  accepted          1  東京・日野のシェルター一覧を出して                      -> Hino, Tokyo, Shelters
  accepted          1  Hino, Tokyo, JapanのSheltersを表示して       -> Hino, Tokyo, Shelters
  accepted          1  日野市内の避難施設を検索して                         -> Hino, Tokyo, Shelters
  accepted          1  Find shelters in Hino, Tokyo, Japan    -> Hino, Tokyo, Japan, Shelters
  accepted          1  Where are the shelters located in Hi   -> Hino, Tokyo, Japan, Shelters
  accepted          1  List all shelters in Hino, Tokyo, Ja   -> Hino, Tokyo, Japan, Shelters
  accepted          1  Show me the shelters in Hino, Tokyo,   -> Hino, Tokyo, Japan, Shelters

### Ikuno Ward, Osaka, Osaka Prefecture, Japan / Shelters
  seed concern finds 2; 8 utterances kept of 8 asked for
  invented_name       0  大阪府大阪市育生区の避難所                          -> 
  invented_name       0  育生区のシェルター教えて                           -> 
  invented_name       0  育生区の避難施設一覧                             -> 
  invented_name       0  大阪市育生区 避難所                             -> 
  accepted          2  Where can I find shelters in Ikuno W   -> Ikuno Ward, Osaka, Osaka Pre
  accepted          2  Show me shelter locations in Ikuno W   -> Ikuno Ward, Osaka, Osaka Pre
  accepted          2  I need to locate shelters in Ikuno W   -> Ikuno Ward, Osaka, Osaka Pre
  accepted          2  Please display shelters in Ikuno War   -> Ikuno Ward, Osaka, Shelters

### Izumi Ward, Yokohama, Kanagawa Prefecture, Japan / Shelters
  seed concern finds 1; 8 utterances kept of 8 asked for
  wrong_area        0  神奈川県横浜市泉区の避難所を教えて                      -> Izumi-ku, Yokohama, Kanagawa
  accepted          1  横浜市泉区 避難所 検索                           -> Izumi, Yokohama, Shelters
  wrong_area        0  神奈川県横浜市泉区にある避難所のリストを表示して               -> Izumi-ku, Yokohama, Kanagawa
  accepted          1  横浜市の泉区で避難所を探して                         -> Izumi-ku, Yokohama, Shelters
  accepted          1  Where can I find shelters in Izumi W   -> Izumi Ward, Yokohama, Kanaga
  wrong_area        0  List the shelters located in Izumi W   -> Izumi Ward, Yokohama, Kanaga
  wrong_area        0  I need directions to shelters in Izu   -> Izumi Ward, Yokohama, Kanaga
  wrong_area        0  Show me a map of shelters in Izumi W   -> Izumi Ward, Yokohama, Kanaga

### Jungnang-gu, Seoul, South Korea / Shelters
  seed concern finds 16; 8 utterances kept of 8 asked for
  accepted         16  SeoulのJungnang-guにある避難所を教えて            -> Jungnang-gu, Seoul, Shelters
  accepted         16  Jungnang-gu, Seoul, South Koreaの避難施設   -> Jungnang-gu, Seoul, South Ko
  accepted         16  Seoul South Korea Jungnang-gu Shelte   -> Jungnang-gu, Seoul, South Ko
  accepted         16  Jungnang-gu, Seoul, South Koreaの避難所を   -> Jungnang-gu, Seoul, South Ko
  accepted         16  Where can I find shelters in Jungnan   -> Jungnang-gu, Seoul, South Ko
  accepted         16  Show me shelters in Jungnang-gu, Seo   -> Jungnang-gu, Seoul, South Ko
  accepted         16  Find all shelters located in Jungnan   -> Jungnang-gu, Seoul, South Ko
  accepted         16  I need locations of shelters in Jung   -> Jungnang-gu, Seoul, South Ko

### Kita Ward, Kyoto, Kyoto Prefecture, Japan / Shelters
  seed concern finds 3; 8 utterances kept of 8 asked for
  wrong_area        0  北区の避難所はどこですか？                          -> Kita, Tokyo, Shelters
  accepted          3  京都市北区の避難施設一覧を見たい                       -> Kita, Kyoto, Shelters
  wrong_area        0  北区 避難所                                 -> Kita, Tokyo, Shelters
  accepted          3  京都市北区に避難所を教えてください                      -> Kita, Kyoto, Shelters
  accepted          3  Find shelters in Kita Ward, Kyoto, K   -> Kita Ward, Kyoto, Kyoto Pref
  accepted          3  Where are the shelters located in Ki   -> Kita Ward, Kyoto, Kyoto Pref
  accepted          3  Show me shelters in Kita Ward, Kyoto   -> Kita Ward, Kyoto, Kyoto Pref
  accepted          3  List all shelters in Kita Ward, Kyot   -> Kita Ward, Kyoto, Kyoto Pref

### Kohoku Ward, Yokohama, Kanagawa Prefecture, Japan / Shelters
  seed concern finds 3; 8 utterances kept of 8 asked for
  accepted          3  横浜市の港北区にある避難所を教えてください                  -> Kohoku, Yokohama, Shelters
  accepted          3  Kohoku Ward, Yokohama, Kanagawa Pref   -> Kohoku Ward, Yokohama, Kanag
  wrong_area        0  神奈川県横浜市中区港北区 避難施設 検索                   -> Naka-ku, Yokohama, Kanagawa 
  accepted          3  Kohoku Ward, Yokohama, Kanagawa Pref   -> Kohoku Ward, Yokohama, Kanag
  accepted          3  Where are the shelters in Kohoku War   -> Kohoku Ward, Yokohama, Kanag
  accepted          3  Show me shelter locations in Kohoku    -> Kohoku Ward, Yokohama, Kanag
  accepted          3  I need to find shelters in Kohoku Wa   -> Kohoku Ward, Yokohama, Kanag
  accepted          3  List all shelters in Kohoku Ward, Yo   -> Kohoku Ward, Yokohama, Kanag

### Mapo-gu, Seoul, South Korea / Shelters
  seed concern finds 26; 8 utterances kept of 8 asked for
  accepted         26  Mapo-gu, Seoul, South Koreaの避難所を探してい   -> Mapo-gu, Seoul, South Korea,
  accepted         26  ソウルの麻浦区にある避難所はどこですか                    -> Mapo, Seoul, Shelters
  accepted         26  Mapo-gu, Seoul, South Korea内のシェルター情報   -> Mapo-gu, Seoul, South Korea,
  accepted         26  麻浦区の避難施設について知りたいです                     -> Mapo, Seoul, Shelters
  accepted         26  Shelters in Mapo-gu, Seoul, South Ko   -> Mapo-gu, Seoul, South Korea,
  accepted         26  Where are shelters in Mapo-gu, Seoul   -> Mapo-gu, Seoul, South Korea,
  accepted         26  Mapo-gu, Seoul, South Korea shelters   -> Mapo-gu, Seoul, South Korea,
  accepted         26  Show shelters in Mapo-gu, Seoul, Sou   -> Mapo-gu, Seoul, South Korea,

### Midori Ward, Yokohama, Kanagawa Prefecture, Japan / Shelters
  seed concern finds 22; 8 utterances kept of 8 asked for
  wrong_area        0  緑区の避難所一覧                               -> Midori-ku, Shelters
  accepted         22  横浜市の緑区内にある避難施設を教えて                     -> Midori-ku, Yokohama, Shelter
  wrong_area        0  神奈川県横浜市緑区のシェルターどこ？                     -> Midori-ku, Yokohama, Kanagaw
  wrong_area        0  緑区の避難所を地図で表示して                         -> Midori-ku, Shelters
  accepted         22  Where are the shelters in Midori War   -> Midori Ward, Yokohama, Kanag
  accepted         22  Find shelter locations in Midori War   -> Midori Ward, Yokohama, Kanag
  accepted         22  Shelters in Midori Ward, Yokohama, K   -> Midori Ward, Yokohama, Kanag
  accepted         22  Show me shelters in Midori Ward, Yok   -> Midori Ward, Yokohama, Kanag

### Minami Ward, Yokohama, Kanagawa Prefecture, Japan / Shelters
  seed concern finds 0; 8 utterances kept of 8 asked for
  wrong_area        0  神奈川県横浜市南区の避難所を教えて                      -> Minami-ku, Yokohama, Kanagaw
  wrong_area        0  Minami Ward, Yokohama, Kanagawa Pref   -> Minami, Yokohama, Kanagawa P
  wrong_area        0  神奈川横浜南区のシェルター一覧を出して                    -> Minami-ku, Yokohama, Kanagaw
  wrong_area        0  Minami Ward, Yokohama, Kanagawa Pref   -> Minami Ward, Yokohama, Kanag
  zero_results       0  Where can I find shelters in Minami    -> Minami Ward, Yokohama, Kanag
  wrong_area        0  Show me all the shelters located in    -> Minami Ward, Yokohama, Kanag
  zero_results       0  List the shelters in Minami Ward, Yo   -> Minami Ward, Yokohama, Kanag
  wrong_area        0  I am looking for shelters in Minami    -> Minami Ward, Yokohama, Kanag

### Mitaka, Tokyo, Japan / Shelters
  seed concern finds 1; 8 utterances kept of 8 asked for
  no_area_line       0  Mitaka, Tokyo, Japan                   -> 
  accepted          1  Mitaka, Tokyo, Japan の避難所              -> Mitaka, Tokyo, Shelters
  accepted          1  東京都三鷹市 避難施設                            -> Mitaka, Tokyo, Shelters
  accepted          1  Mitaka, Tokyo, Japanにあるシェルター           -> Mitaka, Tokyo, Shelters
  accepted          1  Where are shelters in Mitaka, Tokyo,   -> Mitaka, Tokyo, Japan, Shelte
  accepted          1  Find shelters in Mitaka, Tokyo, Japa   -> Mitaka, Tokyo, Japan, Shelte
  accepted          1  Please list shelters in Mitaka, Toky   -> Mitaka, Tokyo, Japan, Shelte
  accepted          1  Show me shelters in Mitaka, Tokyo, J   -> Mitaka, Tokyo, Japan, Shelte

### Musashino, Tokyo, Japan / Shelters
  seed concern finds 3; 8 utterances kept of 8 asked for
  accepted          3  武蔵野区の避難所を知りたい                          -> Musashino, Tokyo, Shelters
  accepted          3  Musashino, Tokyo, Japan の避難所           -> Musashino, Tokyo, Shelters
  accepted          3  武蔵野市内の避難施設を探しています                      -> Musashino, Tokyo, Shelters
  accepted          3  東京都武蔵野区のシェルター                          -> Musashino, Tokyo, Shelters
  accepted          3  Where are the shelters in Musashino,   -> Musashino, Tokyo, Japan, She
  accepted          3  I need to find shelter locations in    -> Musashino, Tokyo, Japan, She
  accepted          3  Map me to shelters in Musashino, Tok   -> Musashino, Tokyo, Japan, She
  accepted          3  Shelters in Musashino, Tokyo, Japan    -> Musashino, Tokyo, Shelters

### Nakano, Tokyo, Japan / Shelters
  seed concern finds 1; 8 utterances kept of 8 asked for
  accepted          1  中野区 避難所 教えてください                        -> Nakano, Tokyo, Shelters
  accepted          1  Nakanoのシェルター情報                         -> Nakano, Tokyo, Shelters
  accepted          1  東京 中野 避難施設                             -> Nakano, Tokyo, Shelters
  accepted          1  Nakano Tokyo shelters location         -> Nakano, Tokyo, Shelters
  accepted          1  Where are shelters in Nakano, Tokyo,   -> Nakano, Tokyo, Japan, Shelte
  accepted          1  Nakano, Tokyo, Japan shelters          -> Nakano, Tokyo, Japan, Shelte
  accepted          1  Show me all shelters in Nakano, Toky   -> Nakano, Tokyo, Japan, Shelte
  accepted          1  I need to find shelters in Nakano, T   -> Nakano, Tokyo, Shelters

### Nishi Ward, Niigata, Niigata Prefecture, Japan / Shelters
  seed concern finds 24; 8 utterances kept of 8 asked for
  wrong_area        0  新潟県新潟市西区の避難所を知りたい                      -> Nishi-ku, Niigata, Niigata, 
  wrong_area        0  西区にある避難施設の場所を教えて                       -> Nishi, Osaka, Shelters
  accepted          3  新潟西区のシェルターはどこですか？                      -> Nishi, Niigata, Shelters
  accepted          3  新潟市西区の避難所マップを見せて                       -> Nishi-ku, Niigata, Shelters
  accepted         24  Where are the shelters in Nishi Ward   -> Nishi Ward, Niigata, Niigata
  accepted         24  Nishi Ward, Niigata, Niigata Prefect   -> Nishi Ward, Niigata, Niigata
  accepted         24  Find all shelters in Nishi Ward, Nii   -> Nishi Ward, Niigata, Niigata
  accepted         24  List of shelters in Nishi Ward, Niig   -> Nishi Ward, Niigata, Niigata

### Nishinari Ward, Osaka, Osaka Prefecture, Japan / Shelters
  seed concern finds 4; 8 utterances kept of 8 asked for
  accepted          4  大阪市西成区の避難所を教えてください                     -> Nishinari, Osaka, Shelters
  accepted          4  西成区の shelters 探してる                     -> Nishinari, Osaka, Shelters
  accepted          4  西成区 避難先 どこ？                            -> Nishinari, Osaka, Shelters
  accepted          4  大阪府西成区の避難施設の場所を教えて                     -> Nishinari, Osaka, Shelters
  accepted          4  Find shelters in Nishinari Ward, Osa   -> Nishinari Ward, Osaka, Osaka
  accepted          4  Where are the emergency shelters loc   -> Nishinari Ward, Osaka, Osaka
  accepted          4  Show me all shelter facilities in Ni   -> Nishinari Ward, Osaka, Osaka
  accepted          4  Locate shelters within Nishinari War   -> Nishinari Ward, Osaka, Osaka

### Okutama, Tokyo, Japan / Shelters
  seed concern finds 10; 8 utterances kept of 8 asked for
  accepted         10  東京都奥多摩の避難場所を教えて                        -> Okutama, Tokyo, Shelters
  accepted         10  Okutama Tokyoのシェルター一覧                  -> Okutama, Tokyo, Shelters
  accepted         10  奥多摩で保護施設を探してる                          -> Okutama, Tokyo, Shelters
  accepted         10  東京都奥多摩の避難所マップ                          -> Okutama, Tokyo, Shelters
  accepted         10  Where are the shelters in Okutama, T   -> Okutama, Tokyo, Japan, Shelt
  accepted         10  Show me shelters in Okutama, Tokyo,    -> Okutama, Tokyo, Japan, Shelt
  accepted         10  I am looking for shelters in Okutama   -> Okutama, Tokyo, Japan, Shelt
  accepted         10  Find shelters in Okutama, Tokyo, Jap   -> Okutama, Tokyo, Japan, Shelt

### Ota, Tokyo, Japan / Shelters
  seed concern finds 35; 8 utterances kept of 8 asked for
  accepted         35  東京都大田区の避難所を教えてください                     -> Ota, Tokyo, Shelters
  accepted         35  Ota, Tokyo, Japan の避難所を検索              -> Ota, Tokyo, Shelters
  accepted         35  大田区の避難所はどこですか？                         -> Ota, Tokyo, Shelters
  accepted         35  Ota, Tokyo, Japan 内の避難所一覧              -> Ota, Tokyo, Shelters
  accepted         35  Where are the shelters in Ota, Tokyo   -> Ota, Tokyo, Shelters
  accepted         35  Show me all shelters located in Ota,   -> Ota, Tokyo, Japan, Shelters
  accepted         35  List the shelters in Ota, Tokyo, Jap   -> Ota, Tokyo, Japan, Shelters
  accepted         35  Find shelters in Ota, Tokyo, Japan.    -> Ota, Tokyo, Japan, Shelters

### Seocho-gu, Seoul, South Korea / Shelters
  seed concern finds 24; 5 utterances kept of 8 asked for
  no_area_line       0  Seocho-gu, Seoul, South Korea          -> 
  accepted         24  Show me shelters in Seocho-gu, Seoul   -> Seocho-gu, Seoul, South Kore
  accepted         24  Where are the shelters located in Se   -> Seocho-gu, Seoul, South Kore
  accepted         24  Find all shelters in Seocho-gu, Seou   -> Seocho-gu, Seoul, South Kore
  accepted         24  I need a list of shelters in Seocho-   -> Seocho-gu, Seoul, South Kore

### Setagaya, Tokyo, Japan / Shelters
  seed concern finds 11; 8 utterances kept of 8 asked for
  accepted         11  Setagaya, Tokyo, Japan にシェルターを教えて      -> Setagaya, Tokyo, Shelters
  accepted         11  Tokyo, Japan の Setagaya 地区のシェルターを調べて   -> Setagaya, Tokyo, Shelters
  accepted         11  Setagaya 区内のシェルター場所をお願いします             -> Setagaya, Tokyo, Shelters
  accepted         11  Setagaya, Tokyo, Japan のシェルター一覧を出して    -> Setagaya, Tokyo, Shelters
  accepted         11  I need to find shelters in Setagaya,   -> Setagaya, Tokyo, Shelters
  accepted         11  Where are shelters in Setagaya, Toky   -> Setagaya, Tokyo, Shelters
  accepted         11  Show me all shelters in Setagaya, To   -> Setagaya, Tokyo, Japan, Shel
  accepted         11  List shelters in Setagaya, Tokyo, Ja   -> Setagaya, Tokyo, Shelters

### Shimogyo Ward, Kyoto, Kyoto Prefecture, Japan / Shelters
  seed concern finds 10; 8 utterances kept of 8 asked for
  accepted         10  京都市下京区の避難所を教えてください                     -> Shimogyo, Kyoto, Shelters
  accepted         10  下京区内の避難施設のリスト                          -> Shimogyo, Kyoto, Shelters
  accepted         10  京都の下京区にあるシェルターはどこ？                     -> Shimogyo, Kyoto, Shelters
  accepted         10  下京区の避難場所探してる                           -> Shimogyo, Kyoto, Shelters
  accepted         10  Show me shelters in Shimogyo Ward, K   -> Shimogyo Ward, Kyoto, Kyoto 
  accepted         10  Where are the shelters located in Sh   -> Shimogyo Ward, Kyoto, Shelte
  accepted         10  I need to find shelters in Shimogyo    -> Shimogyo Ward, Kyoto, Kyoto 
  accepted         10  Locate all shelters in Shimogyo Ward   -> Shimogyo Ward, Kyoto, Kyoto 

### Somali Region, Ethiopia / Shelters
  seed concern finds 15; 8 utterances kept of 8 asked for
  invented_name       0  ソマリア地方の避難所を教えて                         -> 
  invented_name       0  エチオピア、ソマリア地方にある避難所の場所                  -> 
  accepted         15  Somali Region, Ethiopiaの避難施設一覧         -> Somali Region, Ethiopia, She
  invented_name       0  エチオピアのソマリア地方にあるシェルターはどこ？               -> 
  accepted         15  Shelters in Somali Region, Ethiopia    -> Somali Region, Ethiopia, She
  accepted          5  Where can I find shelters in Somali    -> Somali Region, Ethiopia, she
  accepted          5  I need the location of shelters in S   -> Somali Region, Ethiopia, she
  accepted         15  Show me all shelters located in Soma   -> Somali Region, Ethiopia, She

### Sumida, Tokyo, Japan / Shelters
  seed concern finds 5; 8 utterances kept of 8 asked for
  accepted          5  Sumida, Tokyo, Japanの避難所を知りたい          -> Sumida, Tokyo, Shelters
  accepted          5  Sumida, Tokyo, Japanにある避難所はどこ？         -> Sumida, Tokyo, Shelters
  accepted          5  Sumida, Tokyo, Japanの避難所を探しています        -> Sumida, Tokyo, Shelters
  accepted          5  Sumida, Tokyo, Japan 避難所               -> Sumida, Tokyo, Shelters
  accepted          5  Show me all shelters in Sumida, Toky   -> Sumida, Tokyo, Japan, Shelte
  accepted          5  Where are the shelters located in Su   -> Sumida, Tokyo, Shelters
  accepted          5  Find shelters in Sumida, Tokyo, Japa   -> Sumida, Tokyo, Shelters
  accepted          5  I need to find shelters in Sumida, T   -> Sumida, Tokyo, Japan, Shelte

### Taito, Tokyo, Japan / Shelters
  seed concern finds 5; 8 utterances kept of 8 asked for
  accepted          5  東京都台東区の避難所を探しています。                     -> Taito, Tokyo, Shelters
  accepted          5  台東区の shelters の場所教えて。                  -> Taito, Tokyo, Shelters
  accepted          5  東京・台東区にある避難施設はどこですか？                   -> Taito, Tokyo, Shelters
  accepted          5  東京都台東区のshelters一覧を知りたい。                -> Taito, Tokyo, Shelters
  accepted          5  Where are the shelters in Taito, Tok   -> Taito, Tokyo, Shelters
  accepted          5  Find shelters near Taito, Tokyo, Jap   -> Taito, Tokyo, Shelters
  accepted          5  Show me Taito, Tokyo, Japan shelters   -> Taito, Tokyo, Shelters
  accepted          5  I need help finding shelters in Tait   -> Taito, Tokyo, Shelters

### Totsuka Ward, Yokohama, Kanagawa Prefecture, Japan / Shelters
  seed concern finds 5; 8 utterances kept of 8 asked for
  accepted          5  横浜市戸塚区のシェルターを教えて                       -> Totsuka, Yokohama, Shelters
  accepted          5  戸塚区 避難所                                -> Totsuka, Yokohama, Shelters
  wrong_area        0  神奈川県横浜市戸塚区のシェルターの場所を知りたいです。            -> Totsuka, Yokohama, Kanagawa,
  accepted          5  戸塚区のシェルターをマップで表示して                     -> Totsuka, Yokohama, Shelters
  accepted          5  Find shelters in Totsuka Ward, Yokoh   -> Totsuka Ward, Yokohama, Kana
  accepted          5  I need a list of shelters in Totsuka   -> Totsuka Ward, Yokohama, Kana
  accepted          5  Where are the shelters located in To   -> Totsuka Ward, Yokohama, Kana
  accepted          5  Show me all shelters in Totsuka Ward   -> Totsuka Ward, Yokohama, Kana

### Ukyo Ward, Kyoto, Kyoto Prefecture, Japan / Shelters
  seed concern finds 9; 8 utterances kept of 8 asked for
  accepted          9  京都市右京区の避難所を探しています                      -> Ukyo, Kyoto, Shelters
  accepted          9  右京区 避難所 一覧                             -> Ukyo, Kyoto, Shelters
  accepted          9  京都府京都市右京区のシェルターはどこですか？                 -> Ukyo, Kyoto, Shelters
  accepted          9  右京区内の避難施設の位置を教えて                       -> Ukyo, Kyoto, Shelters
  invented_name       0  Find shelters in Ukyo Ward, Kyoto      -> 
  invented_name       0  I need a list of shelter locations i   -> 
  invented_name       0  Where can I find shelters in Ukyo Wa   -> 
  invented_name       0  Please show me shelters in Ukyo Ward   -> 

### Yantian District, Shenzhen, Guangdong Province, China / Shelters
  seed concern finds 19; 8 utterances kept of 8 asked for
  accepted         19  深圳市塩田区のシェルターを教えて                       -> Yantian, Shenzhen, Shelters
  accepted         19  広東省深圳市塩田区にある避難施設の一覧を出して                -> Yantian, Shenzhen, Guangdong
  accepted         19  深圳の塩田区でシェルターを検索                        -> Yantian, Shenzhen, Shelters
  accepted        416  中国広東省深圳市塩田区の保護シェルターはどこですか？             -> Yantian, Shenzhen, Guangdong
  accepted         19  Where are shelters in Yantian Distri   -> Yantian District, Shenzhen, 
  accepted         19  Find shelters in Yantian District, S   -> Yantian District, Shenzhen, 
  accepted         19  Shelters near Yantian District, Shen   -> Yantian District, Shenzhen, 
  accepted         19  I need shelters in Yantian District,   -> Yantian District, Shenzhen, 

### Dongdaemun-gu, Seoul, South Korea / Shopping malls
  seed concern finds 1; 8 utterances kept of 8 asked for
  invented_name       0  ソウルトンデムング区にあるショッピングモールを教えて             -> 
  deep_gap          0  東大門区のショッピングモール一覧                       -> Dongdaemun District, Seoul, 
  deep_gap          0  ソウルの東大門区で買い物できる場所はどこ？                  -> Dongdaemun, Seoul, Shopping 
  deep_gap          0  東大門区、ソウル、韓国のショッピングモールを表示               -> Dongdaemun District, Seoul, 
  accepted          1  Show me the shopping malls in Dongda   -> Dongdaemun-gu, Seoul, South 
  accepted          1  Where are shopping malls in Dongdaem   -> Dongdaemun-gu, Seoul, South 
  accepted          1  I need directions to shopping malls    -> Dongdaemun-gu, Seoul, South 
  accepted          1  Find shopping malls in Dongdaemun-gu   -> Dongdaemun-gu, Seoul, South 

### Fushimi Ward, Kyoto, Kyoto Prefecture, Japan / Shopping malls
  seed concern finds 25; 8 utterances kept of 8 asked for
  accepted          6  伏見区のショッピングモールを教えて                      -> Fushimi, Kyoto, Shopping mal
  accepted          6  京都府京都市伏見区のショッピングモール一覧                  -> Fushimi, Kyoto, Shopping mal
  deep_gap          0  伏見 商業施設 検索                             -> Fushimi, Kyoto, Commercial f
  deep_gap          0  京都市伏見区にあるショッピングセンターはどこですか？             -> Fushimi, Kyoto, Shopping cen
  accepted         25  shopping malls in Fushimi Ward, Kyot   -> Fushimi Ward, Kyoto, Kyoto P
  accepted         25  Where are the shopping malls in Fush   -> Fushimi Ward, Kyoto, Kyoto P
  accepted         25  Find shopping malls in Fushimi Ward,   -> Fushimi Ward, Kyoto, Kyoto P
  accepted         25  Show shopping malls in Fushimi Ward,   -> Fushimi Ward, Kyoto, Kyoto P

### Gangseo-gu, Seoul, South Korea / Shopping malls
  seed concern finds 1; 8 utterances kept of 8 asked for
  deep_gap          0  Seoul Gangseo-gu no shōten-gai o sag   -> Gangseo-gu, Seoul, Shopping 
  accepted          1  Gangseo-gu, Seoul ni aru shopping ma   -> Gangseo-gu, Seoul, Shopping 
  accepted          1  Gangseo-gu Seoul: shopping mall guid   -> Gangseo-gu, Seoul, Shopping 
  accepted          1  Gangseo-gu, Seoul, South Korea shopp   -> Gangseo-gu, Seoul, South Kor
  accepted          1  I need a list of shopping malls in G   -> Gangseo-gu, Seoul, South Kor
  accepted          1  Show me shopping malls in Gangseo-gu   -> Gangseo-gu, Seoul, South Kor
  accepted          1  Please find shopping malls in Gangse   -> Gangseo-gu, Seoul, South Kor
  accepted          1  Where are the shopping malls in Gang   -> Gangseo-gu, Seoul, South Kor

### Higashi Ward, Fukuoka, Fukuoka Prefecture, Japan / Shopping malls
  seed concern finds 5; 8 utterances kept of 8 asked for
  deep_gap          0  福岡県福岡市東区のショッピングモール                     -> Higashi, Fukuoka, Fukuoka Pr
  wrong_area        0  東区にあるショッピング施設を教えて                      -> Higashi, Tokyo, Shopping fac
  accepted          5  福岡の東区でショッピングモールを検索して                   -> Higashi-ku, Fukuoka, Shoppin
  deep_gap          0  福岡市東区 商業施設                             -> Higashi-ku, Fukuoka, Commerc
  accepted          5  Where are the shopping malls in Higa   -> Higashi Ward, Fukuoka, Fukuo
  accepted          5  Find shopping malls in Higashi Ward,   -> Higashi Ward, Fukuoka, Fukuo
  accepted          5  I need to locate shopping malls in H   -> Higashi Ward, Fukuoka, Fukuo
  accepted          5  Please show me shopping malls in Hig   -> Higashi Ward, Fukuoka, Fukuo

### Jung-gu, Seoul, South Korea / Shopping malls
  seed concern finds 35; 8 utterances kept of 8 asked for
  accepted         35  서울 중구 쇼핑몰 알려줘                          -> Jung-gu, Seoul, Shopping mal
  accepted         35  Seoul Jung-gu shopping malls please    -> Jung-gu, Seoul, shopping mal
  wrong_area        0  중구 안에 있는 백화점이나 쇼핑몰 어디 있어?              -> Jung-gu, Department stores
  deep_gap          0  Jung-gu Seoul shopping centers         -> Jung-gu, Seoul, Shopping cen
  no_area_line       0  Show me Jung-gu, Seoul, South Korea    -> 
  no_area_line       0  I need the location of Jung-gu, Seou   -> 
  no_area_line       0  Where is Jung-gu, Seoul, South Korea   -> 
  no_area_line       0  Please guide me to Jung-gu, Seoul, S   -> 

### Konan Ward, Yokohama, Kanagawa Prefecture, Japan / Shopping malls
  seed concern finds 0; 7 utterances kept of 8 asked for
  invented_name       0  横浜市中区のカンナンのショッピングモールを教えて               -> 
  invented_name       0  神奈川県横浜市中区にあるショッピング施設一覧                 -> 
  invented_name       0  神奈川県横浜市中区のカンナン地区のショッピングモリスト            -> 
  zero_results       0  Where are the shopping malls in Kona   -> Konan Ward, Yokohama, Shoppi
  zero_results       0  I need to find shopping malls in Kon   -> Konan Ward, Yokohama, Shoppi
  wrong_area        0  Can you show me shopping malls locat   -> Konan Ward, Yokohama, Kanaga
  zero_results       0  Search for shopping malls in Konan W   -> Konan Ward, Yokohama, Kanaga

### Longhua District, Shenzhen, Guangdong Province, China / Shopping malls
  seed concern finds 17; 7 utterances kept of 8 asked for
  invented_name       0  龍華区のショッピングモールを教えて                      -> 
  invented_name       0  龍華区の商業施設を探して                           -> 
  invented_name       0  龍華 District のショッピングモールを教えてください         -> 
  no_area_line       0  Longhua District, Shenzhen, Guangdon   -> 
  accepted         17  Find shopping malls in Longhua Distr   -> Longhua District, Shenzhen, 
  accepted         17  Where are the shopping malls located   -> Longhua District, Shenzhen, 
  accepted         17  Show me shopping malls in Longhua Di   -> Longhua District, Shenzhen, 

### Naka Ward, Yokohama, Kanagawa Prefecture, Japan / Shopping malls
  seed concern finds 2; 8 utterances kept of 8 asked for
  wrong_area        0  中区のショッピングモールを教えて                       -> Naka, Yokohama, Shopping mal
  wrong_area        0  横浜市中区のデパートや商業施設を探してる                   -> Naka, Yokohama, Department s
  wrong_area        0  Kanagawa-ken Yokohama-shi Naka-ku no   -> Naka-ku, Yokohama, Kanagawa 
  wrong_area        0  神奈川横浜中区のショッピングモール一覧                    -> Naka-ku, Yokohama, Kanagawa,
  accepted          2  Where are the shopping malls in Naka   -> Naka Ward, Yokohama, Kanagaw
  accepted          2  I am looking for shopping malls loca   -> Naka Ward, Yokohama, Kanagaw
  accepted          2  Show me shopping malls in Naka Ward,   -> Naka Ward, Yokohama, Kanagaw
  accepted          2  Can you find shopping malls in Naka    -> Naka Ward, Yokohama, Kanagaw

### Sawara Ward, Fukuoka, Fukuoka Prefecture, Japan / Shopping malls
  seed concern finds 37; 8 utterances kept of 8 asked for
  accepted    !     2  福岡県福岡市早良区のショッピングモールを教えて                -> Sawara, Fukuoka, Fukuoka Pre
  deep_gap          0  早良区内のショッピング施設はどこですか                    -> Sawara, Fukuoka, Shopping fa
  deep_gap          0  福岡市早良区にあるショッピングモールを探索して                -> Sawara, Fukuoka, Shopping ma
  deep_gap          0  早良区のショッピングモール一覧を出して                    -> Sawara, Fukuoka, Shopping ma
  wrong_area        0  Where are the shopping malls in Sawa   -> Sawara Ward, Shopping malls
  deep_gap          0  Show me shopping malls in Sawara War   -> Sawara Ward, Fukuoka, Shoppi
  wrong_area        0  I need to find shopping malls in Saw   -> Sawara Ward, Shopping malls
  accepted    !     2  List shopping malls in Sawara Ward,    -> Sawara Ward, Fukuoka, Japan,

### Songpa-gu, Seoul, South Korea / Shopping malls
  seed concern finds 5; 8 utterances kept of 8 asked for
  deep_gap          0  ソウル松坡区のショッピングモールを教えて                   -> Songpa, Seoul, Shopping mall
  deep_gap          0  松坡区のショッピングセンター一覧                       -> Songpa, Seoul, Shopping cent
  deep_gap          0  ソウル 松坡区 ショッピングモール                      -> Songpa, Seoul, Shopping mall
  deep_gap          0  松坡区にあるショッピングモールはどこですか？                 -> Songpa, Seoul, Shopping mall
  accepted          5  Show me shopping malls in Songpa-gu,   -> Songpa-gu, Seoul, South Kore
  accepted          5  I need to find shopping malls locate   -> Songpa-gu, Seoul, South Kore
  accepted          5  Where are the shopping malls in Song   -> Songpa-gu, Seoul, South Kore
  deep_gap          0  Please list all shopping malls in So   -> Songpa-gu, Seoul, South Kore

### Tuen Mun District, Hong Kong, China / Shopping malls
  seed concern finds 41; 8 utterances kept of 8 asked for
  invented_name       0  屯門区ショッピングモールを教えて                       -> 
  invented_name       0  香港屯門区のショッピングセンターはどこですか？                -> 
  invented_name       0  屯門区のデパートを探してるの                         -> 
  invented_name       0  屯門区にあるショッピングモール一覧出して                   -> 
  accepted         41  Where are the shopping malls in Tuen   -> Tuen Mun District, Hong Kong
  accepted         41  Find shopping malls in Tuen Mun Dist   -> Tuen Mun District, Hong Kong
  accepted         41  I am looking for shopping malls in T   -> Tuen Mun District, Hong Kong
  accepted         41  Please show me shopping malls in Tue   -> Tuen Mun District, Hong Kong

### Yau Tsim Mong District, Hong Kong, China / Shopping malls
  seed concern finds 0; 8 utterances kept of 8 asked for
  invented_name       0  九龍城区のショッピングモールを教えて                     -> 
  invented_name       0  香港の九龍城区にあるショッピングセンターはどこですか？            -> 
  invented_name       0  九龍城区 購物商場                              -> 
  invented_name       0  九龍城区のショッピングモール一覧 showing               -> 
  zero_results       0  Where are the shopping malls in Yau    -> Yau Tsim Mong District, Hong
  zero_results       0  Show me all shopping malls in Yau Ts   -> Yau Tsim Mong District, Hong
  zero_results       0  I need to find shopping malls in Yau   -> Yau Tsim Mong District, Hong
  zero_results       0  Can you list shopping malls in Yau T   -> Yau Tsim Mong District, Hong

### Abeno Ward, Osaka, Osaka Prefecture, Japan / Shrines
  seed concern finds 3; 8 utterances kept of 8 asked for
  accepted          3  Abeno Ward, Osaka, Osaka Prefecture,   -> Abeno, Osaka, Shrines
  accepted          8  大阪府大阪市阿倍野区にある神社を探して。                   -> Abeno, Osaka, Shrine
  accepted          3  阿倍野区 神社                                -> Abeno, Osaka, Shrines
  accepted          8  大阪の阿倍野区で神社はどこですか？                      -> Abeno, Osaka, Shrine
  accepted          3  Show me all the shrines in Abeno War   -> Abeno Ward, Osaka, Osaka Pre
  accepted          3  Where are the shrines located in Abe   -> Abeno Ward, Osaka, Osaka Pre
  accepted          3  Can you find shrines in Abeno Ward,    -> Abeno Ward, Osaka, Osaka Pre
  accepted          8  I would like to see a list of shrine   -> Abeno Ward, Osaka, Shrines

### Akishima, Tokyo, Japan / Shrines
  seed concern finds 10; 8 utterances kept of 8 asked for
  invented_name       0  吉祥寺の神社を教えて                             -> 
  invented_name       0  東京の吉祥寺にある神社を探して                        -> 
  invented_name       0  吉祥寺の神社一覧                               -> 
  invented_name       0  吉祥寺地区の神社について知りたいです                     -> 
  accepted         10  Where can I find shrines in Akishima   -> Akishima, Tokyo, Shrines
  accepted         10  I am looking for shrines in Akishima   -> Akishima, Tokyo, Japan, Shri
  accepted         10  Show me the shrines in Akishima, Tok   -> Akishima, Tokyo, Japan, Shri
  accepted         10  Can you list the shrines located in    -> Akishima, Tokyo, Shrines

### Asahi Ward, Osaka, Osaka Prefecture, Japan / Shrines
  seed concern finds 4; 8 utterances kept of 8 asked for
  invented_name       0  朝日区の神社を教えて                             -> 
  invented_name       0  大阪府大阪市朝日区内の神社一覧                        -> 
  accepted          4  Asahi Ward, Osaka, Osaka Prefecture,   -> Asahi Ward, Osaka, Osaka Pre
  invented_name       0  朝日区の神社はどこにある？                          -> 
  wrong_area        0  Where are the shrines in Asahi Ward?   -> Asahi Ward, Shrines
  accepted         30  Find all shrines in Asahi Ward, Osak   -> Asahi Ward, Osaka, Shrines
  wrong_area        0  Shrines located in Asahi Ward          -> Asahi Ward, Shrines
  wrong_area        0  Show me shrines in Asahi Ward          -> Asahi Ward, Shrines

### Chikusa Ward, Nagoya, Aichi Prefecture, Japan / Shrines
  seed concern finds 13; 7 utterances kept of 8 asked for
  wrong_area        0  Chikusa Ward, Nagoya, Aichi Prefectu   -> Chikusa, Nagoya, Aichi Prefe
  wrong_area        0  Chikusa Ward, Nagoya, Aichi Prefectu   -> Chikusa, Nagoya, Aichi Prefe
  wrong_area        0  Chikusa Ward, Nagoya, Aichi Prefectu   -> Chikusa, Nagoya, Aichi Prefe
  accepted         13  Where are the shrines located in Chi   -> Chikusa Ward, Nagoya, Aichi 
  accepted         13  Find shrines in Chikusa Ward, Nagoya   -> Chikusa Ward, Nagoya, Aichi 
  accepted         13  I am looking for a list of shrines i   -> Chikusa Ward, Nagoya, Aichi 
  accepted         13  Please show me shrines in Chikusa Wa   -> Chikusa Ward, Nagoya, Aichi 

### Chuo Ward, Niigata, Niigata Prefecture, Japan / Shrines
  seed concern finds 52; 8 utterances kept of 8 asked for
  deep_gap          0  新潟県新潟市中央区にある神社を教えて                     -> Chuo, Niigata, Niigata, Shri
  wrong_area        0  中央区 神社                                 -> Chūō, Tokyo, Shrines
  accepted         52  新潟市中央区の神社一覧を出して                        -> Chuo, Niigata, Shrines
  wrong_area        0  中央区にある神社はどこですか                         -> Chuo, Tokyo, Shrine
  accepted         52  Where are the shrines located in Chu   -> Chuo Ward, Niigata, Niigata 
  wrong_area        0  Show me all shrines in Chuo Ward, Ni   -> Chuo Ward, Niigata, Niigata 
  accepted         52  Can you find any shrines in Chuo War   -> Chuo Ward, Niigata, Niigata 
  accepted         52  List the shrines in Chuo Ward, Niiga   -> Chuo Ward, Niigata, Niigata 

### Edogawa, Tokyo, Japan / Shrines
  seed concern finds 69; 8 utterances kept of 8 asked for
  accepted         93  Edogawa Tokyo Japan の神社を教えて            -> Edogawa, Tokyo, Shrines
  accepted         93  Edogawa, Tokyo, Japanにある神社一覧           -> Edogawa, Tokyo, Shrines
  accepted         93  Edogawa Tokyo Japan 神社 検索              -> Edogawa, Tokyo, Shrines
  accepted         93  Edogawa, Tokyo, Japanの神社を探して           -> Edogawa, Tokyo, Shrines
  accepted         69  Show me shrines in Edogawa, Tokyo, J   -> Edogawa, Tokyo, Japan, Shrin
  accepted         93  I want to find all the shrines in Ed   -> Edogawa, Tokyo, Shrines
  accepted         93  Can you list the shrines in Edogawa,   -> Edogawa, Tokyo, Shrines
  accepted         93  Please provide information on shrine   -> Edogawa, Tokyo, Shrines

### Fussa, Tokyo, Japan / Shrines
  seed concern finds 2; 8 utterances kept of 8 asked for
  accepted          2  福生市の神社を探して                             -> Fussa, Tokyo, Shrines
  accepted         10  Tokyo no Fussa ni aru Jinja            -> Fussa, Tokyo, Shrine
  accepted          2  福生にある神社                                -> Fussa, Tokyo, Shrines
  accepted          2  福生市の神社一覧                               -> Fussa, Tokyo, Shrines
  no_area_line       0  I am looking for Fussa, Tokyo, Japan   -> 
  no_area_line       0  Where is Fussa, Tokyo, Japan located   -> 
  no_area_line       0  Can you show me Fussa, Tokyo, Japan    -> 
  no_area_line       0  Please guide me to Fussa, Tokyo, Jap   -> 

### Hamura, Tokyo, Japan / Shrines
  seed concern finds 14; 8 utterances kept of 8 asked for
  deep_gap          0  東京のHamuraにある神社を教えて                     -> Hamura, Tokyo, Shrine
  deep_gap          0  Hamura 神社                              -> Hamura, Shrine
  accepted         14  東京都Hamuraの神社一覧                         -> Hamura, Tokyo, Shrines
  accepted         14  Hamuraの神社はどこにある？                       -> Hamura, Tokyo, Shrines
  accepted         14  Show me the shrines in Hamura, Tokyo   -> Hamura, Tokyo, Japan, Shrine
  accepted         14  I want to see a list of all shrines    -> Hamura, Tokyo, Japan, Shrine
  accepted         14  Please map out the shrines in Hamura   -> Hamura, Tokyo, Japan, Shrine
  accepted         14  Where are the shrines in Hamura, Tok   -> Hamura, Tokyo, Japan, Shrine

### Higashikurume, Tokyo, Japan / Shrines
  seed concern finds 11; 8 utterances kept of 8 asked for
  accepted         11  東久留米の神社を教えて                            -> Higashikurume, Tokyo, Shrine
  accepted         11  東京の東久留米にある神社はどこですか？                    -> Higashikurume, Tokyo, Shrine
  accepted         11  東久留米 神社                                -> Higashikurume, Tokyo, Shrine
  accepted         11  東久留米市内の神社一覧を表示してください                   -> Higashikurume, Tokyo, Shrine
  accepted         11  Show me all the shrines in Higashiku   -> Higashikurume, Tokyo, Shrine
  accepted         11  Where are the shrines in Higashikuru   -> Higashikurume, Tokyo, Shrine
  accepted         11  List of shrines in Higashikurume, To   -> Higashikurume, Tokyo, Shrine
  accepted         11  Find shrines in Higashikurume, Tokyo   -> Higashikurume, Tokyo, Shrine

### Higashiyama Ward, Kyoto, Kyoto Prefecture, Japan / Shrines
  seed concern finds 36; 8 utterances kept of 8 asked for
  accepted        111  京都市東山区にある神社を教えてください                    -> Higashiyama, Kyoto, Shrines
  accepted        111  京都の東山区で神社を探している                        -> Higashiyama, Kyoto, Shrines
  accepted        111  東山区の神社一覧                               -> Higashiyama, Kyoto, Shrines
  accepted        111  京都府京都市東山区の神社はどこですか                     -> Higashiyama, Kyoto, Shrines
  accepted         36  Where are the shrines in Higashiyama   -> Higashiyama Ward, Kyoto, Kyo
  accepted         36  Show me all shrines located in Higas   -> Higashiyama Ward, Kyoto, Kyo
  accepted         36  I need to find shrines in Higashiyam   -> Higashiyama Ward, Kyoto, Kyo
  accepted         36  List the shrines in Higashiyama Ward   -> Higashiyama Ward, Kyoto, Kyo

### Hinohara, Tokyo, Japan / Shrines
  seed concern finds 7; 8 utterances kept of 8 asked for
  wrong_area        0  東京の檜原にある神社を教えて                         -> Hino, Tokyo, Shrines
  wrong_area        0  檜原の神社一覧を出して                            -> Hino, Tokyo, Shrines
  accepted          2  Hinohara, Tokyo, Japanの神社はどこ？          -> Hinohara, Tokyo, Shrines
  wrong_area        0  檜原 神社 検索                               -> Hino, Tokyo, Shrines
  accepted          7  Show me the shrines in Hinohara, Tok   -> Hinohara, Tokyo, Japan, Shri
  accepted          7  Where are the shrines located in Hin   -> Hinohara, Tokyo, Japan, Shri
  accepted          7  Find all shrines in Hinohara, Tokyo,   -> Hinohara, Tokyo, Japan, Shri
  accepted          7  I am looking for shrines in Hinohara   -> Hinohara, Tokyo, Japan, Shri

### Inagi, Tokyo, Japan / Shrines
  seed concern finds 8; 8 utterances kept of 8 asked for
  no_area_line       0  Inagi, Tokyo, Japan                    -> 
  accepted          8  Inagi, Tokyo, Japan の神社                -> Inagi, Tokyo, Japan, Shrines
  invented_name       0  東京都仁engi区にある神社を探して                     -> 
  accepted          8  Inagi, Tokyo, Japan 神社                 -> Inagi, Tokyo, Japan, Shrines
  accepted          8  Show me the shrines in Inagi, Tokyo,   -> Inagi, Tokyo, Japan, Shrines
  accepted          8  I need a list of all shrines located   -> Inagi, Tokyo, Japan, Shrines
  accepted          8  Please find every shrine in the Inag   -> Inagi, Tokyo, Shrines
  accepted          8  Where are the shrines in Inagi, Toky   -> Inagi, Tokyo, Japan, Shrines

### Izumi Ward, Yokohama, Kanagawa Prefecture, Japan / Shrines
  seed concern finds 18; 8 utterances kept of 8 asked for
  accepted          8  横浜市泉区の神社を教えてください                       -> Izumi-ku, Yokohama, Shrines
  wrong_area        0  神奈川県横浜市泉区内の神社リスト                       -> Izumi-ku, Yokohama, Kanagawa
  wrong_area        0  泉区の神社はどこにある？                           -> Izumi, Osaka, Shrines
  accepted          8  横浜市泉区の神社一覧を表示して                        -> Izumi-ku, Yokohama, Shrines
  deep_gap          0  Where are the shrines in Izumi Ward,   -> Izumi, Yokohama, Kanagawa Pr
  wrong_area        0  Izumi Ward, Yokohama, Kanagawa Prefe   -> Izumi Ward, Yokohama, Kanaga
  wrong_area        0  Show me all Shrines in Izumi Ward, Y   -> Izumi Ward, Yokohama, Kanaga
  wrong_area        0  List of Shrines in Izumi Ward, Yokoh   -> Izumi Ward, Yokohama, Kanaga

### Kanagawa Ward, Yokohama, Kanagawa Prefecture, Japan / Shrines
  seed concern finds 22; 8 utterances kept of 8 asked for
  wrong_area        0  神奈川県横浜市神奈川区にある神社を教えてください。              -> Kanagawa-ku, Yokohama, Kanag
  accepted         38  神奈川区 神社                                -> Kanagawa-ku, Yokohama, Shrin
  accepted         38  横浜市神奈川区の神社一覧                           -> Kanagawa-ku, Yokohama, Shrin
  accepted         38  神奈川区に位置する神社を探しています。                    -> Kanagawa-ku, Yokohama, Shrin
  accepted         22  Shrines in Kanagawa Ward, Yokohama,    -> Kanagawa Ward, Yokohama, Kan
  accepted         22  Kanagawa Ward, Yokohama, Kanagawa Pr   -> Kanagawa Ward, Yokohama, Kan
  wrong_area        0  Show me shrines in Kanagawa Ward, Yo   -> Kanagawa Ward, Yokohama, Kan
  wrong_area        0  Where are the shrines located in Kan   -> Kanagawa Ward, Yokohama, Kan

### Kita Ward, Nagoya, Aichi Prefecture, Japan / Shrines
  seed concern finds 23; 8 utterances kept of 8 asked for
  invented_name       0  名古屋市中区の神社を教えてください                      -> 
  invented_name       0  愛知県名古屋市中区にある神社のリスト                     -> 
  invented_name       0  中区の神社マップ showing me where they are     -> 
  invented_name       0  中区内の神社スポット                             -> 
  accepted         19  Where are the shrines in Kita Ward,    -> Kita Ward, Nagoya, Shrines
  accepted         23  Show me shrines located in Kita Ward   -> Kita Ward, Nagoya, Aichi Pre
  accepted         23  I am looking for shrines in Kita War   -> Kita Ward, Nagoya, Aichi Pre
  accepted         23  Can you find any shrines in Kita War   -> Kita Ward, Nagoya, Aichi Pre

### Kita, Tokyo, Japan / Shrines
  seed concern finds 40; 8 utterances kept of 8 asked for
  accepted         53  北区の神社を教えて                              -> Kita, Tokyo, Shrine
  accepted         40  東京都北区の神社はどこ？                           -> Kita, Tokyo, Shrines
  accepted         40  北区 神社 検索                               -> Kita, Tokyo, Shrines
  accepted         40  東京都北区にある神社一覧                           -> Kita, Tokyo, Shrines
  accepted         40  Where are the shrines in Kita, Tokyo   -> Kita, Tokyo, Shrines
  accepted         40  Show me all shrines located in Kita,   -> Kita, Tokyo, Japan, Shrines
  accepted         40  I need to find shrines in the Kita w   -> Kita, Tokyo, Shrines
  accepted         40  Map out the shrines in Kita, Tokyo,    -> Kita, Tokyo, Shrines

### Kohoku Ward, Yokohama, Kanagawa Prefecture, Japan / Shrines
  seed concern finds 37; 8 utterances kept of 8 asked for
  accepted         42  横浜市港北区の神社を教えて                          -> Kohoku, Yokohama, Shrines
  accepted         37  神奈川県横浜市港北区にある神社リストが知りたいです              -> Kohoku-ku, Yokohama, Kanagaw
  accepted         42  港北区 神社                                 -> Kohoku, Yokohama, Shrines
  accepted         65  神奈川県横浜市港北区の神社を一覧で表示して                  -> Kohoku, Yokohama, Kanagawa, 
  accepted         37  Shrines in Kohoku Ward, Yokohama, Ka   -> Kohoku Ward, Yokohama, Kanag
  accepted         37  Where are the shrines in Kohoku Ward   -> Kohoku Ward, Yokohama, Kanag
  accepted         37  Show me shrines in Kohoku Ward, Yoko   -> Kohoku Ward, Yokohama, Kanag
  accepted         37  I want to see shrines in Kohoku Ward   -> Kohoku Ward, Yokohama, Kanag

### Konan Ward, Yokohama, Kanagawa Prefecture, Japan / Shrines
  seed concern finds 3; 8 utterances kept of 8 asked for
  accepted          9  横浜市港南区の神社を教えて                          -> Konan-ku, Yokohama, Shrine
  wrong_area        0  神奈川県の港南区にある神社一覧                        -> Konan-ku, Yokohama, Kanagawa
  accepted          2  横浜市港南区の神社はどこですか                        -> Konan-ku, Yokohama, Shrines
  accepted          2  港南区の神社を探して                             -> Konan-ku, Yokohama, Shrines
  wrong_area        0  Show me the shrines in Konan Ward, Y   -> Konan Ward, Yokohama, Kanaga
  wrong_area        0  I need a map of shrines located in K   -> Konan Ward, Yokohama, Kanaga
  wrong_area        0  Where are the shrines in Konan Ward,   -> Konan Ward, Yokohama, Kanaga
  wrong_area        0  Please list all shrines in Konan War   -> Minami-ku, Yokohama, Kanagaw

### Kunitachi, Tokyo, Japan / Shrines
  seed concern finds 4; 8 utterances kept of 8 asked for
  wrong_area        0  国立市にある神社を教えて                           -> Kokubunji, Tokyo, Shrine
  wrong_area        0  東京・国立市の神社一覧                            -> Tokyo, Shrines
  wrong_area        0  国立市の神社を探している                           -> Kokubunji, Tokyo, Shrines
  accepted          4  東京都国立市に存在する神社を全て表示して                   -> Kunitachi, Tokyo, Shrines
  accepted          4  Where are the shrines in Kunitachi,    -> Kunitachi, Tokyo, Shrines
  accepted          4  Show me all shrines located in Kunit   -> Kunitachi, Tokyo, Japan, Shr
  accepted          4  I need to find shrines in Kunitachi,   -> Kunitachi, Tokyo, Shrines
  accepted          4  List the shrines in Kunitachi, Tokyo   -> Kunitachi, Tokyo, Shrines

### Midori Ward, Nagoya, Aichi Prefecture, Japan / Shrines
  seed concern finds 15; 8 utterances kept of 8 asked for
  invented_name       0  愛知県名古屋市中区の神社を教えて                       -> 
  invented_name       0  名古屋市中区の神社一覧                            -> 
  invented_name       0  中区 神社 教えて                              -> 
  invented_name       0  愛知県名古屋市中区にある神社                         -> 
  accepted         15  shrines in Midori Ward, Nagoya, Aich   -> Midori Ward, Nagoya, Aichi P
  accepted         15  Midori Ward, Nagoya, Aichi Prefectur   -> Midori Ward, Nagoya, Aichi P
  accepted         15  find shrines in Midori Ward, Nagoya,   -> Midori Ward, Nagoya, Aichi P
  accepted         15  I am looking for shrines in Midori W   -> Midori Ward, Nagoya, Aichi P

### Minami Ward, Fukuoka, Fukuoka Prefecture, Japan / Shrines
  seed concern finds 6; 8 utterances kept of 8 asked for
  wrong_area        0  福岡県福岡市南区の神社を教えて                        -> Minami-ku, Fukuoka City, Fuk
  wrong_area        0  南区にある神社一覧                              -> Minami, Japan, Shrines
  wrong_area        0  福岡南区の神社はどこ？                            -> Minami, Fukuoka, Shrine
  wrong_area        0  福岡市南区の神社を探して                           -> Minami, Fukuoka, Shrine
  accepted          6  Show me the shrines in Minami Ward,    -> Minami Ward, Fukuoka, Fukuok
  accepted          6  Where are the shrines located in Min   -> Minami Ward, Fukuoka, Fukuok
  accepted          6  Find all shrines in Minami Ward, Fuk   -> Minami Ward, Fukuoka, Fukuok
  accepted          6  I want to see shrines in Minami Ward   -> Minami Ward, Fukuoka, Fukuok

### Minami Ward, Saitama, Saitama Prefecture, Japan / Shrines
  seed concern finds 15; 8 utterances kept of 8 asked for
  accepted         15  さいたま市南区の神社一覧                           -> Minami, Saitama, Shrines
  deep_gap          0  埼玉県さいたま市南区にある神社を教えて                    -> Minami, Saitama, Saitama, Sh
  accepted         25  さいたま市南区 神社 地図                          -> Minami-ku, Saitama, Shrine
  deep_gap          0  埼玉県さいたま市南区の神社を探しています                   -> Minami, Saitama, Saitama, Sh
  accepted         15  Where are the shrines in Minami Ward   -> Minami Ward, Saitama, Saitam
  accepted         15  Show me all the shrines located in M   -> Minami Ward, Saitama, Saitam
  accepted         15  List shrines in Minami Ward, Saitama   -> Minami Ward, Saitama, Saitam
  accepted         15  I'm looking for shrines in Minami Wa   -> Minami Ward, Saitama, Saitam

### Minuma Ward, Saitama, Saitama Prefecture, Japan / Shrines
  seed concern finds 40; 8 utterances kept of 8 asked for
  invented_name       0  狭山ヶ丘の神社を教えてください。                       -> 
  accepted         40  Minuma Ward, Saitama, Saitama Prefec   -> Minuma Ward, Saitama, Saitam
  accepted         40  Minuma Ward, Saitama, Saitama Prefec   -> Minuma Ward, Saitama, Saitam
  accepted         40  Minuma Ward, Saitama, Saitama Prefec   -> Minuma Ward, Saitama, Saitam
  accepted         40  Show me shrines in Minuma Ward, Sait   -> Minuma Ward, Saitama, Saitam
  accepted         40  Where are the shrines located in Min   -> Minuma Ward, Saitama, Saitam
  accepted         40  I need to find shrines in Minuma War   -> Minuma Ward, Saitama, Saitam
  accepted         40  Can you list the shrines in Minuma W   -> Minuma Ward, Saitama, Saitam

### Mizuho, Tokyo, Japan / Shrines
  seed concern finds 10; 8 utterances kept of 8 asked for
  invented_name       0  武蔵野市内の神社を教えて                           -> 
  invented_name       0  武蔵野で神社を探して                             -> 
  invented_name       0  武蔵野の神社一覧                               -> 
  invented_name       0  武蔵野市内にある神社はどこですか                       -> 
  accepted          3  Where are the shrines in Mizuho, Tok   -> Mizuho, Tokyo, Shrines
  accepted         10  Find shrines in Mizuho, Tokyo, Japan   -> Mizuho, Tokyo, Japan, Shrine
  accepted         10  I want to see shrines in Mizuho, Tok   -> Mizuho, Tokyo, Japan, Shrine
  accepted         10  Please show me shrines in Mizuho, To   -> Mizuho, Tokyo, Japan, Shrine

### Naka Ward, Nagoya, Aichi Prefecture, Japan / Shrines
  seed concern finds 39; 8 utterances kept of 8 asked for
  accepted         76  愛知県名古屋市中区の神社を教えて                       -> Naka, Nagoya, Aichi, Shrines
  wrong_area        0  中区にある神社はどこですか？                         -> Naka, Yokohama, Shrines
  accepted         76  名古屋市中区で神社を探している                        -> Naka, Nagoya, Shrine
  accepted         76  愛知県名古屋市中区の神社一覧を出して                     -> Naka, Nagoya, Aichi, Shrines
  accepted         39  Show me shrines in Naka Ward, Nagoya   -> Naka Ward, Nagoya, Aichi Pre
  accepted         39  Where are the shrines in Naka Ward,    -> Naka Ward, Nagoya, Aichi Pre
  accepted         39  List shrines in Naka Ward, Nagoya, A   -> Naka Ward, Nagoya, Aichi Pre
  accepted         39  I want to find shrines located in Na   -> Naka Ward, Nagoya, Aichi Pre

### Nakamura Ward, Nagoya, Aichi Prefecture, Japan / Shrines
  seed concern finds 60; 8 utterances kept of 8 asked for
  invented_name       0  愛知県名古屋市中区にある神社を教えて                     -> 
  invented_name       0  名古屋中区の神社一覧                             -> 
  invented_name       0  愛知県名古屋市北区ではなく中区の神社はどこですか               -> 
  invented_name       0  中区の神社                                  -> 
  accepted         60  Shrines in Nakamura Ward, Nagoya, Ai   -> Nakamura Ward, Nagoya, Aichi
  accepted         60  Show me all shrines located in Nakam   -> Nakamura Ward, Nagoya, Aichi
  accepted         60  Find shrines in Nakamura Ward, Nagoy   -> Nakamura Ward, Nagoya, Aichi
  wrong_area        0  I am looking for shrines in Nakamura   -> Nakamura Ward, Nagoya, Aichi

### Niijima, Tokyo, Japan / Shrines
  seed concern finds 18; 8 utterances kept of 8 asked for
  invented_name       0  New Yorkの神社を教えて                        -> 
  invented_name       0  東京の島嶼部にある神社一覧                          -> 
  invented_name       0  New Yorkの神社どこ？                         -> 
  invented_name       0  New York 神社                            -> 
  accepted         18  Show me all shrines in Niijima, Toky   -> Niijima, Tokyo, Japan, Shrin
  no_area_line       0  I need a map of Niijima, Tokyo, Japa   -> 
  no_area_line       0  Please display Niijima, Tokyo, Japan   -> 
  accepted          4  Where are the shrines located in Nii   -> Niijima, Tokyo, Shrines

### Nishi Ward, Osaka, Osaka Prefecture, Japan / Shrines
  seed concern finds 7; 8 utterances kept of 8 asked for
  deep_gap          0  大阪府大阪市西区の神社を教えて                        -> Nishi, Osaka, Osaka, Shrines
  wrong_area        0  西区にある神社を教えてください                        -> Nishi, Japan, Shrines
  accepted          9  大阪 西区 神社 検索                            -> Nishi-ku, Osaka, Shrines
  accepted          9  西区の神社一覧を見せて                            -> Nishi, Osaka, Shrine
  accepted          7  Show me all the shrines in Nishi War   -> Nishi Ward, Osaka, Osaka Pre
  accepted          7  Where are the shrines located within   -> Nishi Ward, Osaka, Osaka Pre
  wrong_area        0  Find shrines in Nishi Ward, Osaka, O   -> Nishi Ward, Osaka, Osaka Pre
  accepted          7  List the shrines in Nishi Ward, Osak   -> Nishi Ward, Osaka, Osaka Pre

### Nishinari Ward, Osaka, Osaka Prefecture, Japan / Shrines
  seed concern finds 3; 8 utterances kept of 8 asked for
  accepted          3  Nishinari Ward, Osaka, Osaka Prefect   -> Nishinari, Osaka, Shrines
  accepted          3  大阪府大阪市西成区の神社を教えて                       -> Nishinari, Osaka City, Osaka
  accepted          3  西成区内の神社一覧を出して                          -> Nishinari, Osaka, Shrines
  accepted         29  大阪の西成区にある神社はどこ？                        -> Nishinari, Osaka, Shrine
  accepted          3  Show me shrines in Nishinari Ward, O   -> Nishinari Ward, Osaka, Osaka
  accepted          3  Find all shrines located in Nishinar   -> Nishinari Ward, Osaka, Osaka
  accepted          3  Can you list the shrines in Nishinar   -> Nishinari Ward, Osaka, Osaka
  accepted          3  I need to see the shrines in Nishina   -> Nishinari Ward, Osaka, Osaka

### Okutama, Tokyo, Japan / Shrines
  seed concern finds 16; 8 utterances kept of 8 asked for
  accepted          5  奥多摩の神社を教えて                             -> Okutama, Tokyo, Shrine
  accepted         16  TokyoのOkutamaにある神社一覧                   -> Okutama, Tokyo, Shrines
  accepted         16  東京都奥多摩地区の神社について                        -> Okutama, Tokyo, Shrines
  accepted          5  奥多摩、東京、日本の神社を探して                       -> Okutama, Tokyo, Shrine
  accepted         16  Show me all the shrines in Okutama,    -> Okutama, Tokyo, Japan, Shrin
  accepted         16  I'm looking for a map of shrines in    -> Okutama, Tokyo, Shrines
  accepted         16  Can you find the shrines in Okutama,   -> Okutama, Tokyo, Shrines
  accepted         16  List the shrines in Okutama, Tokyo,    -> Okutama, Tokyo, Japan, Shrin

### Ota, Tokyo, Japan / Shrines
  seed concern finds 99; 8 utterances kept of 8 asked for
  invented_name       0  東京のpta区の神社を調べて                         -> 
  accepted         99  Ota, Tokyo, Japanの神社一覧                 -> Ota, Tokyo, Shrines
  accepted         99  Ota, Tokyo, Japanにある神社はどこ？             -> Ota, Tokyo, Shrine
  invented_name       0  東京都pta区の神社案内                           -> 
  accepted         99  Where are the shrines in Ota, Tokyo,   -> Ota, Tokyo, Shrines
  accepted         99  Find shrines near Ota, Tokyo, Japan    -> Ota, Tokyo, Shrines
  accepted         99  List of shrines in Ota, Tokyo, Japan   -> Ota, Tokyo, Shrines
  accepted         99  Ota, Tokyo, Japan shrines location     -> Ota, Tokyo, Shrines

### Sawara Ward, Fukuoka, Fukuoka Prefecture, Japan / Shrines
  seed concern finds 28; 8 utterances kept of 8 asked for
  accepted         28  福岡県福岡市早良区の神社を教えて                       -> Sawara, Fukuoka, Fukuoka Pre
  accepted         13  早良区内の神社を探している                          -> Sawara, Fukuoka, Shrine
  accepted         13  福岡の早良区にある神社はどこですか？                     -> Sawara, Fukuoka, Shrine
  accepted          9  早良区の神社一覧を出して                           -> Sawara, Fukuoka, Shrines
  accepted         28  Show me all the shrines located in S   -> Sawara Ward, Fukuoka, Fukuok
  accepted         28  where are the shrines in Sawara Ward   -> Sawara Ward, Fukuoka, Fukuok
  accepted         28  Please find shrines in Sawara Ward,    -> Sawara Ward, Fukuoka, Fukuok
  accepted         28  I am looking for shrines in Sawara W   -> Sawara Ward, Fukuoka, Fukuok

### Shibuya, Tokyo, Japan / Shrines
  en generation failed: Server error '500 Internal Server Error' for url 'http://10.108.45.102:8080/v1/chat/completions'
For more information check: https://developer.mozilla.org/en-US/docs/Web/HTTP/Status/500
  seed concern finds 34; 4 utterances kept of 8 asked for
  no_area_line       0  Shibuya, Tokyo, Japan                  -> 
  accepted         58  Shibuya, Tokyo, Japanにある神社を教えて         -> Shibuya, Tokyo, Shrine
  accepted         34  Shibuya, Tokyo, Japanの神社を探索            -> Shibuya, Tokyo, Japan, Shrin
  accepted         34  Shibuya, Tokyo, Japanの神社一覧             -> Shibuya, Tokyo, Japan, Shrin

### Showa Ward, Nagoya, Aichi Prefecture, Japan / Shrines
  seed concern finds 5; 8 utterances kept of 8 asked for
  deep_gap          0  Showa Ward, Nagoya, Aichi Prefecture   -> Showa, Nagoya, Aichi Prefect
  deep_gap          0  愛知県名古屋市昭和区の神社一覧                        -> Showa, Nagoya, Aichi, Shrine
  wrong_area        0  昭和区の神社を教えて                             -> Showa, Tokyo, Shrines
  deep_gap          0  愛知 名古屋 昭和 神社                           -> Showa, Nagoya, Aichi Prefect
  no_area_line       0  Showa Ward, Nagoya, Aichi Prefecture   -> 
  no_area_line       0  I am looking for Showa Ward, Nagoya,   -> 
  no_area_line       0  Can you find Showa Ward, Nagoya, Aic   -> 
  no_area_line       0  Showa Ward, Nagoya, Aichi Prefecture   -> 

### Sumiyoshi Ward, Osaka, Osaka Prefecture, Japan / Shrines
  seed concern finds 10; 8 utterances kept of 8 asked for
  wrong_area        0  osaka-fu osaka-shi sumiyoshi-ku no s   -> Sumiyoshi-ku, Osaka City, Os
  accepted         10  Sumiyoshi Ward, Osaka, Osaka Prefect   -> Sumiyoshi, Osaka, Shrines
  accepted        218  大阪府大阪市住吉区の Shrines を探して                -> Sumiyoshi, Osaka City, Osaka
  accepted         10  Sumiyoshi Ward, Osaka, Osaka Prefect   -> Sumiyoshi, Osaka, Shrines
  wrong_area        0  Show me all the shrines in Sumiyoshi   -> Sumiyoshi Ward, Osaka, Osaka
  accepted         10  Where can I find shrines in Sumiyosh   -> Sumiyoshi Ward, Osaka, Osaka
  accepted         10  List the shrines located in Sumiyosh   -> Sumiyoshi Ward, Osaka, Osaka
  accepted         10  I am looking for shrines in Sumiyosh   -> Sumiyoshi Ward, Osaka, Osaka

### Taito, Tokyo, Japan / Shrines
  seed concern finds 47; 8 utterances kept of 8 asked for
  accepted         47  Taito, Tokyo, Japan の神社                -> Taito, Tokyo, Japan, Shrines
  accepted         47  Taito, Tokyo, Japan にある神社を教えて          -> Taito, Tokyo, Shrines
  accepted         47  Taito, Tokyo, Japan の神社一覧              -> Taito, Tokyo, Japan, Shrines
  accepted         47  Taito, Tokyo, Japan の神社を探して            -> Taito, Tokyo, Shrines
  accepted         47  Show me all shrines in Taito, Tokyo,   -> Taito, Tokyo, Shrines
  accepted         47  Where are the shrines located in Tai   -> Taito, Tokyo, Shrines
  no_area_line       0  Taito, Tokyo, Japan                    -> 
  accepted         47  Find shrines in Taito, Tokyo, Japan    -> Taito, Tokyo, Shrines

### Toshima, Tokyo, Japan / Shrines
  seed concern finds 33; 8 utterances kept of 8 asked for
  accepted         66  Toshima, Tokyo, Japan の神社を教えて          -> Toshima, Tokyo, Shrine
  accepted         33  Toshima, Tokyo, Japan にある神社のリストを出して    -> Toshima, Tokyo, Shrines
  accepted         66  Toshima, Tokyo, Japan の神社を表示           -> Toshima, Tokyo, Shrine
  accepted         33  Toshima, Tokyo, Japan 内の神社を調べて         -> Toshima, Tokyo, Shrines
  accepted         33  Where are the shrines in Toshima, To   -> Toshima, Tokyo, Shrines
  accepted         33  Find all shrines in Toshima, Tokyo,    -> Toshima, Tokyo, Japan, Shrin
  accepted         33  I need locations of shrines in Toshi   -> Toshima, Tokyo, Japan, Shrin
  accepted         33  Show me shrines in the Toshima area    -> Toshima, Tokyo, Shrines

### Tsuzuki Ward, Yokohama, Kanagawa Prefecture, Japan / Shrines
  seed concern finds 13; 8 utterances kept of 8 asked for
  deep_gap          0  Tsuzuki Ward, Yokohama, Kanagawa Pre   -> Tsuzuki, Yokohama, Kanagawa,
  accepted         13  Tsuzuki Ward, Yokohama, Kanagawa Pre   -> Tsuzuki, Yokohama, Kanagawa 
  deep_gap          0  Tsuzuki Ward, Yokohama, Kanagawa Pre   -> Tsuzuki, Yokohama, Kanagawa,
  deep_gap          0  Tsuzuki Ward, Yokohama, Kanagawa Pre   -> Tsuzuki, Yokohama, Kanagawa,
  accepted         13  Shrines in Tsuzuki Ward, Yokohama, K   -> Tsuzuki Ward, Yokohama, Kana
  accepted         13  Show me the shrines in Tsuzuki Ward,   -> Tsuzuki Ward, Yokohama, Kana
  accepted         13  I need to find shrines in Tsuzuki Wa   -> Tsuzuki Ward, Yokohama, Kana
  accepted         13  Please list all the shrines located    -> Tsuzuki Ward, Yokohama, Kana

### Yodogawa Ward, Osaka, Osaka Prefecture, Japan / Shrines
  seed concern finds 7; 4 utterances kept of 8 asked for
  accepted          7  Where are the shrines in Yodogawa Wa   -> Yodogawa Ward, Osaka, Osaka 
  accepted          7  Map of shrines in Yodogawa Ward, Osa   -> Yodogawa Ward, Osaka, Osaka 
  accepted          7  Show me all the shrines in Yodogawa    -> Yodogawa Ward, Osaka, Osaka 
  accepted          7  Please list the shrines located in Y   -> Yodogawa Ward, Osaka, Osaka 

### Taito, Tokyo, Japan / Soba noodle shops
  seed concern finds 31; 8 utterances kept of 8 asked for
  accepted         16  東京の台東区にある蕎麦屋を教えて                       -> Taito, Tokyo, Soba noodle sh
  accepted         16  東京都台東区内の蕎麦処を地図で表示して                    -> Taito, Tokyo, Soba noodle sh
  accepted         16  台東区のそば屋さんのリストを出して                      -> Taito, Tokyo, Soba noodle sh
  accepted         16  東京・台東区で蕎麦が食べられるところ探して                  -> Taito, Tokyo, Soba noodle sh
  accepted         16  I need to find soba noodle shops in    -> Taito, Tokyo, Soba noodle sh
  accepted         35  Where are the soba noodle shops in T   -> Taito, Tokyo, Ramen shops
  accepted         16  Show me soba noodle shops in Taito,    -> Taito, Tokyo, Soba noodle sh
  accepted         16  Please list all soba noodle shops in   -> Taito, Tokyo, Soba noodle sh

### Dongjak-gu, Seoul, South Korea / Social Facilities
  seed concern finds 8; 8 utterances kept of 8 asked for
  invented_name       0  ソウル市龍山区の社会施設を教えて                       -> 
  invented_name       0  龍山区の社会福祉施設はどこにある？                      -> 
  accepted          8  Dongjak-gu, Seoul, South Korea の社会施設   -> Dongjak-gu, Seoul, South Kor
  invented_name       0  龍山区内の社会サービス施設を検索して                     -> 
  accepted          8  Where can I find social facilities i   -> Dongjak-gu, Seoul, South Kor
  accepted          8  Show me social facilities in Dongjak   -> Dongjak-gu, Seoul, South Kor
  accepted          8  I need to locate social facilities i   -> Dongjak-gu, Seoul, South Kor
  accepted          8  Please list social facilities in Don   -> Dongjak-gu, Seoul, South Kor

### Gangdong-gu, Seoul, South Korea / Social Facilities
  seed concern finds 6; 8 utterances kept of 8 asked for
  invented_name       0  江南区の社会施設を調べて                           -> 
  invented_name       0  ソウル江南区にあるソーシャルファシリティ一覧が表示されてない？        -> 
  accepted          6  Gangdong-gu, Seoul, South Koreaの社会施設   -> Gangdong-gu, Seoul, South Ko
  invented_name       0  江南区のソーシャルファシリティの場所を教えて                 -> 
  accepted          6  Where are social facilities in Gangd   -> Gangdong-gu, Seoul, South Ko
  accepted          6  Show me social facilities in Gangdon   -> Gangdong-gu, Seoul, South Ko
  accepted          6  I need locations for social faciliti   -> Gangdong-gu, Seoul, South Ko
  accepted          6  Please find social facilities in Gan   -> Gangdong-gu, Seoul, South Ko

### Guro-gu, Seoul, South Korea / Social Facilities
  seed concern finds 4; 8 utterances kept of 8 asked for
  deep_gap          0  ソウル市九老区の社会施設を教えて                       -> Guro-gu, Seoul, Social welfa
  deep_gap          0  九老区内にある福祉施設を探しています                     -> Guro, Seoul, Welfare facilit
  deep_gap          0  ソウルの九老区でソーシャル施設を検索して                   -> Guro-gu, Seoul, Social welfa
  wrong_area        0  九老区のソーシャルファシリティ一覧を出して                  -> Jiulou District, Kaohsiung, 
  accepted          4  Where are the social facilities in G   -> Guro-gu, Seoul, South Korea,
  accepted          4  Show social facilities Guro-gu, Seou   -> Guro-gu, Seoul, South Korea,
  accepted          4  Please list all social facilities lo   -> Guro-gu, Seoul, South Korea,
  accepted          4  Social facilities in Guro-gu, Seoul,   -> Guro-gu, Seoul, South Korea,

### Jungnang-gu, Seoul, South Korea / Social Facilities
  seed concern finds 29; 8 utterances kept of 8 asked for
  accepted         29  Jungnang-gu, Seoul, South Korea の社会施   -> Jungnang-gu, Seoul, South Ko
  invented_name       0  ソウル市中区のソーシャルファシリティ一覧                   -> 
  accepted         29  Jungnang-gu, Seoul, South Korea にあるソ   -> Jungnang-gu, Seoul, South Ko
  deep_gap          0  Jungnang-gu, Seoul, South Korea 内の社会   -> Jungnang-gu, Seoul, South Ko
  accepted         29  Show social facilities in Jungnang-g   -> Jungnang-gu, Seoul, South Ko
  accepted         29  I need a list of social facilities l   -> Jungnang-gu, Seoul, South Ko
  accepted         29  Where are the social facilities in J   -> Jungnang-gu, Seoul, South Ko
  accepted         29  Please find social facilities in Jun   -> Jungnang-gu, Seoul, South Ko

### Mizuho Ward, Nagoya, Aichi Prefecture, Japan / Social Facilities
  seed concern finds 1; 8 utterances kept of 8 asked for
  invented_name       0  みずほ区の社会施設を教えて                          -> 
  accepted          1  Mizuho Ward, Nagoya, Aichi Prefectur   -> Mizuho Ward, Nagoya, Aichi P
  invented_name       0  名古屋市のみずほ区にある社会施設                       -> 
  invented_name       0  愛知県名古屋市みずほ区の社会施設                       -> 
  accepted          1  Where are the social facilities in M   -> Mizuho Ward, Nagoya, Aichi P
  accepted          1  Find social facilities in Mizuho War   -> Mizuho Ward, Nagoya, Aichi P
  accepted          1  Social facilities in Mizuho Ward, Na   -> Mizuho Ward, Nagoya, Aichi P
  accepted          1  I need to find social facilities in    -> Mizuho Ward, Nagoya, Aichi P

### Seocho-gu, Seoul, South Korea / Social Facilities
  seed concern finds 5; 8 utterances kept of 8 asked for
  accepted          5  서울특별시 서초구에あるソーシャルファシリティはどこですか？         -> Seocho-gu, Seoul, Social fac
  accepted          5  Seocho-gu, Seoul, South KoreaのSocial   -> Seocho-gu, Seoul, South Kore
  invented_name       0  ソウル・セチョ区のSocial Facilitiesについて知りたいです   -> 
  accepted          5  Seocho-gu, Seoul, South KoreaにあるSoci   -> Seocho-gu, Seoul, South Kore
  no_area_line       0  Where is Seocho-gu, Seoul, South Kor   -> 
  no_area_line       0  Show me Seocho-gu, Seoul, South Kore   -> 
  no_area_line       0  I want to find Seocho-gu, Seoul, Sou   -> 
  no_area_line       0  Search for Seocho-gu, Seoul, South K   -> 

### Yongsan-gu, Seoul, South Korea / Social Facilities
  seed concern finds 1; 8 utterances kept of 8 asked for
  accepted          1  龍山區にあるソーシャルファシリティを教えて。                 -> Yongsan-gu, Seoul, Social fa
  accepted          1  龍山區, ソーシャルファシリティ 検索                    -> Yongsan-gu, Seoul, Social fa
  deep_gap          0  龍山區のソーシャルファシリティ一覧を出して。                 -> Yongsan District, Seoul, Soc
  accepted          1  龍山區, ソーシャルファシリティ                       -> Yongsan-gu, Seoul, Social fa
  accepted          1  Show social facilities in Yongsan-gu   -> Yongsan-gu, Seoul, South Kor
  accepted          1  Where are the social facilities loca   -> Yongsan-gu, Seoul, South Kor
  accepted          1  List all social facilities in Yongsa   -> Yongsan-gu, Seoul, South Kor
  accepted          1  Find social facilities in Yongsan-gu   -> Yongsan-gu, Seoul, South Kor

### Pingshan District, Shenzhen, Guangdong Province, China / Soup Kitchens
  seed concern finds 0; 8 utterances kept of 8 asked for
  zero_results       0  Pingshan District, Shenzhen, Guangdo   -> Pingshan District, Shenzhen,
  zero_results       0  Pingshan District, Shenzhen, Guangdo   -> Pingshan District, Shenzhen,
  zero_results       0  Pingshan District, Shenzhen, Guangdo   -> Pingshan District, Shenzhen,
  zero_results       0  Pingshan District, Shenzhen, Guangdo   -> Pingshan District, Shenzhen,
  zero_results       0  Where are the soup kitchens in Pings   -> Pingshan District, Shenzhen,
  zero_results       0  Show me soup kitchens in Pingshan Di   -> Pingshan District, Shenzhen,
  zero_results       0  I need to find soup kitchens in Ping   -> Pingshan District, Shenzhen,
  zero_results       0  Can you locate soup kitchens in Ping   -> Pingshan District, Shenzhen,

### Kanagawa Ward, Yokohama, Kanagawa Prefecture, Japan / Sports Centres
  seed concern finds 9; 8 utterances kept of 8 asked for
  wrong_area        0  神奈川県横浜市神奈川区のスポーツセンターはどこ？               -> Kanagawa-ku, Yokohama, Kanag
  deep_gap          0  神奈川区にあるスポーツ施設を教えて                      -> Kanagawa-ku, Yokohama, Sport
  wrong_area        0  神奈川県横浜市神奈川区  スポーツセンター                  -> Kanagawa-ku, Yokohama, Kanag
  deep_gap          0  神奈川区のスポーツセンター一覧                        -> Kanagawa-ku, Yokohama, Sport
  wrong_area        0  Where are the sports centres in Kana   -> Kanagawa Ward, Sports centre
  accepted          9  I need to find sports centres in Kan   -> Kanagawa Ward, Yokohama, Kan
  accepted          9  Show me the location of Sports Centr   -> Kanagawa Ward, Yokohama, Kan
  wrong_area        0  Can you list the sports centres in K   -> Kanagawa Ward, Sports centre

### Minami Ward, Nagoya, Aichi Prefecture, Japan / Stadiums
  seed concern finds 1; 8 utterances kept of 8 asked for
  invented_name       0  名古屋市中区のスタジアムを教えて                       -> 
  invented_name       0  愛知県名古屋市中区の体育館一覧                        -> 
  invented_name       0  Midori-ku, Nagoya, Aichi Prefecture,   -> 
  wrong_area        0  愛知 名古屋 南区のスタジアム 検索                     -> Minami-ku, Nagoya, Aichi, St
  accepted          1  Where are the stadiums located in Mi   -> Minami Ward, Nagoya, Aichi P
  accepted          1  I need directions to stadiums in Min   -> Minami Ward, Nagoya, Aichi P
  accepted          1  Show me stadiums in Minami Ward, Nag   -> Minami Ward, Nagoya, Aichi P
  accepted          1  Could you list the stadiums in Minam   -> Minami Ward, Nagoya, Aichi P

### Dobong-gu, Seoul, South Korea / Stupas
  seed concern finds 30; 8 utterances kept of 8 asked for
  accepted         30  서울 도봉구의 스투파を教えて                        -> Dobong-gu, Seoul, Stupas
  invented_name       0  ドボンクにあるスタupasをリストして                    -> 
  deep_gap          0  ソウル特別市道峰区の仏塔はどこですか                     -> Dobong-gu, Seoul, Buddhist p
  no_area_line       0  道峰区のストゥーパ一覧を出して                        -> 
  accepted         30  Show me stupas in Dobong-gu, Seoul,    -> Dobong-gu, Seoul, South Kore
  accepted         30  Where are the stupas located in Dobo   -> Dobong-gu, Seoul, South Kore
  deep_gap          0  I am looking for stupas in Dobong-gu   -> Dobong-gu, Seoul, South Kore
  accepted         30  Find stupas in Dobong-gu, Seoul, Sou   -> Dobong-gu, Seoul, South Kore

### Jung-gu, Seoul, South Korea / Stupas
  seed concern finds 0; 8 utterances kept of 8 asked for
  accepted          6  Seoulの中区にある仏塔を教えて                      -> Jung-gu, Seoul, Buddhist tem
  zero_results       0  Jung-gu, Seoul, South KoreaのStupasをリ   -> Jung-gu, Seoul, South Korea,
  no_area_line       0  南朝鮮ソウル中区の佛塔一覧                          -> 
  zero_results       0  Jung-gu, Seoul, South KoreaのStupasをグ   -> Jung-gu, Seoul, South Korea,
  zero_results       0  Stupas in Jung-gu, Seoul, South Kore   -> Jung-gu, Seoul, South Korea,
  zero_results       0  Show me stupas in Jung-gu, Seoul, So   -> Jung-gu, Seoul, South Korea,
  zero_results       0  I'm looking for stupas in Jung-gu, S   -> Jung-gu, Seoul, South Korea,
  zero_results       0  Please map all stupas in Jung-gu, Se   -> Jung-gu, Seoul, South Korea,

### Dobong-gu, Seoul, South Korea / Subway Entrances
  seed concern finds 20; 8 utterances kept of 8 asked for
  accepted         26  道峰区の地下鉄出入口を探しています                      -> Dobong, Seoul, Subway entran
  accepted         20  Can you find subway entrances in Dob   -> Dobong-gu, Seoul, South Kore
  accepted         30  道峰区 地下鉄駅入口                             -> Dobong, Seoul, Subway statio
  accepted         20  Subway entrances in Dobong-gu, Seoul   -> Dobong-gu, Seoul, South Kore
  accepted         20  Show me all the subway entrances in    -> Dobong-gu, Seoul, South Kore
  accepted         20  Where are the subway entrances in Do   -> Dobong-gu, Seoul, South Kore
  accepted         20  I need to find subway entrances in D   -> Dobong-gu, Seoul, South Kore
  accepted         20  Can you list the subway entrances lo   -> Dobong-gu, Seoul, South Kore

### Fushimi Ward, Kyoto, Kyoto Prefecture, Japan / Subway Entrances
  seed concern finds 330; 8 utterances kept of 8 asked for
  accepted        361  京都市伏見区の地下鉄の入口                          -> Fushimi, Kyoto, Subway entra
  accepted        361  伏見区にある地下鉄の入り口を教えて                      -> Fushimi, Kyoto, Subway entra
  accepted        361  京都府京都市伏見区の地下鉄の入口はどこ？                   -> Fushimi, Kyoto, Subway entra
  accepted        361  伏見区の地下鉄の入口一覧                           -> Fushimi, Kyoto, Subway entra
  no_area_line       0  Fushimi Ward, Kyoto, Kyoto Prefectur   -> 
  accepted        361  Where are the subway entrances in Fu   -> Fushimi Ward, Kyoto, Subway 
  accepted        361  I need to find subway entrances loca   -> Fushimi, Kyoto, Subway entra
  accepted        330  Show me subway entrances in Fushimi    -> Fushimi Ward, Kyoto, Kyoto P

### Geumcheon-gu, Seoul, South Korea / Subway Entrances
  seed concern finds 3; 8 utterances kept of 8 asked for
  accepted          3  서울 금천구의 지하철 출입구                        -> Geumcheon-gu, Seoul, Subway 
  accepted         18  금천구 역 주변                               -> Geumcheon-gu, Seoul, Station
  accepted         18  Seoul Geumcheon-gu subway exits        -> Geumcheon-gu, Seoul, Subway 
  accepted          4  금천구 지하철역 입구                            -> Geumcheon-gu, Seoul, Subway 
  accepted          3  Where are the subway entrances in Ge   -> Geumcheon-gu, Seoul, South K
  accepted          3  Show me subway entrances in Geumcheo   -> Geumcheon-gu, Seoul, South K
  accepted          3  I need a map of subway entrances in    -> Geumcheon-gu, Seoul, South K
  accepted          3  List subway entrances in Geumcheon-g   -> Geumcheon-gu, Seoul, South K

### Gwangjin-gu, Seoul, South Korea / Subway Entrances
  seed concern finds 20; 8 utterances kept of 8 asked for
  deep_gap          0  광진구의 지하철 출입구 알려줘                       -> Gwangjin-gu, Seoul, Subway e
  failed            0  서울 광진구 지하철역 출입구 위치                     -> Gwangjin-gu, Seoul, Subway s
  deep_gap          0  광진구 지하철 입구들 어디 있는지 보여줘                 -> Gwangjin-gu, Seoul, Subway e
  deep_gap          0  Seoul Gwangjin-gu Subway Entrances     -> Gwangjin-gu, Seoul, Subway E
  accepted         20  Subway entrances in Gwangjin-gu, Seo   -> Gwangjin-gu, Seoul, South Ko
  accepted         20  Find subway entrances Gwangjin-gu Se   -> Gwangjin-gu, Seoul, South Ko
  accepted         20  Where are the subway entrances in Gw   -> Gwangjin-gu, Seoul, South Ko
  accepted         20  Show me subway entrances at Gwangjin   -> Gwangjin-gu, Seoul, South Ko

### Jungnang-gu, Seoul, South Korea / Subway Entrances
  seed concern finds 102; 8 utterances kept of 8 asked for
  accepted        102  Jungnang-gu, Seoul, South Korea の地下鉄   -> Jungnang-gu, Seoul, South Ko
  deep_gap          0  Jungnang-gu, Seoul, South Korea のメトロ   -> Jungnang-gu, Seoul, South Ko
  accepted         14  Jungnang-gu, Seoul, South Korea 周辺の地   -> Jungnang-gu, Seoul, South Ko
  accepted        102  Jungnang-gu, Seoul, South Korea の Su   -> Jungnang-gu, Seoul, South Ko
  accepted        102  Find subway entrances in Jungnang-gu   -> Jungnang-gu, Seoul, South Ko
  accepted        102  Where are the subway entrances locat   -> Jungnang-gu, Seoul, South Ko
  accepted        102  Show me subway entrances in Jungnang   -> Jungnang-gu, Seoul, South Ko
  accepted        102  I need subway entrances in Jungnang-   -> Jungnang-gu, Seoul, South Ko

### Kowloon City District, Hong Kong, China / Subway Entrances
  seed concern finds 172; 8 utterances kept of 8 asked for
  invented_name       0  九龍城區 港 中国                              -> 
  no_area_line       0  Kowloon City District Hong Kong Chin   -> 
  accepted         64  Kowloon City District, Hong Kong, Ch   -> Kowloon City District, Hong 
  accepted         54  Show me subway entrances in Kowloon    -> Kowloon City District, Hong 
  deep_gap          0  Kowloon City District, Hong Kong, Ch   -> Kowloon City District, Hong 
  deep_gap          0  Where are the subway entrances in Ko   -> Kowloon City District, Hong 
  accepted         54  Find subway entrances at Kowloon Cit   -> Kowloon City District, Hong 
  accepted         54  Show me all subway entrances located   -> Kowloon City District, Hong 

### Naniwa Ward, Osaka, Osaka Prefecture, Japan / Subway Entrances
  seed concern finds 1239; 8 utterances kept of 8 asked for
  invented_name       0  浪華区の地下鉄入口を教えて                          -> 
  invented_name       0  大阪府大阪市浪華区の地下鉄入口一覧を表示してください             -> 
  invented_name       0  浪華区の地下鉄入口はどこですか？                       -> 
  invented_name       0  浪華区の地下鉄入口を探しているの                       -> 
  wrong_area        0  Where are the subway entrances in Na   -> Naniwa Ward, subway entrance
  accepted        957  Find subway entrances in Naniwa Ward   -> Naniwa Ward, Osaka, Subway e
  wrong_area        0  Show me subway entrances in Naniwa W   -> Naniwa Ward, Subway entrance
  accepted       1239  Subway entrances in Naniwa Ward, Osa   -> Naniwa Ward, Osaka, Osaka Pr

### Seongbuk-gu, Seoul, South Korea / Subway Entrances
  seed concern finds 12; 8 utterances kept of 8 asked for
  accepted         12  Seongbuk-gu, Seoul, South Koreaにある地下   -> Seongbuk-gu, Seoul, South Ko
  accepted         12  Seongbuk-gu, Seoul, South Koreaの地下鉄出   -> Seongbuk-gu, Seoul, South Ko
  accepted         14  Seongbuk-gu, Seoul, South Koreaのメトロの   -> Seongbuk-gu, Seoul, South Ko
  accepted         14  Seongbuk-gu, Seoul, South Koreaで地下鉄の   -> Seongbuk-gu, Seoul, South Ko
  accepted         12  Where are the subway entrances in Se   -> Seongbuk-gu, Seoul, South Ko
  accepted         14  Show me all subway stations in Seong   -> Seongbuk-gu, Seoul, South Ko
  accepted         12  I am looking for subway entrances in   -> Seongbuk-gu, Seoul, South Ko
  accepted         12  List the subway entrances located in   -> Seongbuk-gu, Seoul, South Ko

### Tai Po District, Hong Kong, China / Subway Entrances
  seed concern finds 6; 8 utterances kept of 8 asked for
  invented_name       0  香港大埔区の地下鉄の入り口を教えて                      -> 
  invented_name       0  大埔区の地下鉄出入口一覧を出して                       -> 
  invented_name       0  大埔区 地下鉄 入り口                            -> 
  invented_name       0  大埔区の地下鉄のエントランスはどこですか？                  -> 
  accepted          6  I need to find the subway entrances    -> Tai Po District, Hong Kong, 
  accepted          6  Show me all subway entrances in Tai    -> Tai Po District, Hong Kong, 
  accepted          6  Can you list the subway entrances lo   -> Tai Po District, Hong Kong, 
  accepted          6  Where are the subway entrances in Ta   -> Tai Po District, Hong Kong, 

### Wan Chai District, Hong Kong, China / Subway Entrances
  seed concern finds 44; 8 utterances kept of 8 asked for
  deep_gap          0  Wan Chai District, Hong Kong, China    -> Wan Chai District, Hong Kong
  deep_gap          0  Wan Chai District, Hong Kong, China    -> Wan Chai District, Hong Kong
  accepted         14  Wan Chai District, Hong Kong, China    -> Wan Chai District, Hong Kong
  accepted        360  Wan Chai District, Hong Kong, China    -> Wan Chai District, Hong Kong
  accepted        360  I need to find subway entrances in W   -> Wan Chai District, Hong Kong
  accepted        360  Show me all the subway entrances in    -> Wan Chai District, Hong Kong
  accepted        360  Where are the subway entrances locat   -> Wan Chai District, Hong Kong
  accepted        360  Please locate subway entrances in Wa   -> Wan Chai District, Hong Kong

### Yongsan-gu, Seoul, South Korea / Subway Entrances
  seed concern finds 30; 8 utterances kept of 8 asked for
  accepted         26  龍山区の地下鉄の入口を探しています                      -> Yongsan, Seoul, Subway entra
  failed            0  ソウルの龍山地域にある地下鉄駅への入り口はどこですか             -> Yongsan, Seoul, Subway stati
  accepted         26  龍山区の地下鉄入口一覧を教えて                        -> Yongsan, Seoul, Subway entra
  accepted         26  龍山区の地下鉄の入り口を探して                        -> Yongsan, Seoul, Subway entra
  accepted         30  Find subway entrances in Yongsan-gu,   -> Yongsan-gu, Seoul, South Kor
  accepted         30  Where can I locate subway entrances    -> Yongsan-gu, Seoul, South Kor
  accepted         30  show me all subway entrances in Yong   -> Yongsan-gu, Seoul, South Kor
  accepted         30  Please list the subway entrances loc   -> Yongsan-gu, Seoul, South Kor

### Chikusa Ward, Nagoya, Aichi Prefecture, Japan / Supermarkets
  seed concern finds 20; 8 utterances kept of 8 asked for
  accepted         20  Chikusa Ward, Nagoya, Aichi Prefectu   -> Chikusa Ward, Nagoya, Aichi 
  wrong_area        0  Chikusa Ward, Nagoya, Aichi Prefectu   -> Chikusa, Nagoya, Aichi Prefe
  accepted         20  Chikusa Ward, Nagoya, Aichi Prefectu   -> Chikusa Ward, Nagoya, Aichi 
  wrong_area        0  Chikusa Ward, Nagoya, Aichi Prefectu   -> Chikusa, Nagoya, Aichi Prefe
  accepted         20  Where are the supermarkets in Chikus   -> Chikusa Ward, Nagoya, Aichi 
  accepted         20  I need to find supermarkets near Chi   -> Chikusa Ward, Nagoya, Aichi 
  accepted         20  Please show me all the supermarkets    -> Chikusa Ward, Nagoya, Aichi 
  accepted         20  Find supermarkets in Chikusa Ward, N   -> Chikusa Ward, Nagoya, Aichi 

### Dongjak-gu, Seoul, South Korea / Supermarkets
  seed concern finds 25; 8 utterances kept of 8 asked for
  invented_name       0  東大門区にあるスーパーマーケットを教えて                   -> 
  invented_name       0  ソウル東大門区のスーパー一覧                         -> 
  accepted         25  Dongjak-gu, Seoul, South Korea のスーパー   -> Dongjak-gu, Seoul, South Kor
  invented_name       0  東大門区 スーパー                              -> 
  accepted         25  Where are the supermarkets in Dongja   -> Dongjak-gu, Supermarkets
  accepted         25  Show me supermarket locations in Don   -> Dongjak-gu, Seoul, South Kor
  accepted         25  I'm looking for supermarkets in Dong   -> Dongjak-gu, Seoul, South Kor
  accepted         25  Please list supermarkets in Dongjak-   -> Dongjak-gu, Seoul, South Kor

### Gangdong-gu, Seoul, South Korea / Supermarkets
  seed concern finds 32; 8 utterances kept of 8 asked for
  invented_name       0  Seoulの江南区にあるスーパーマーケットはどこですか？           -> 
  accepted         32  gangdong-guのスーパーを探している                 -> Gangdong-gu, Seoul, Supermar
  invented_name       0  江南区 超 市                                -> 
  accepted         32  Seoul Gangdong-gu supermarkets         -> Gangdong-gu, Seoul, Supermar
  accepted         32  Show me supermarkets in Gangdong-gu,   -> Gangdong-gu, Seoul, South Ko
  deep_gap          0  Where are the grocery stores in Gang   -> Gangdong-gu, Seoul, South Ko
  accepted         32  I need a map of supermarkets in Gang   -> Gangdong-gu, Seoul, South Ko
  accepted         32  Find supermarkets in Gangdong-gu, Se   -> Gangdong-gu, Seoul, South Ko

### Guangming District, Shenzhen, Guangdong Province, China / Supermarkets
  seed concern finds 1; 8 utterances kept of 8 asked for
  accepted          1  光明区にあるスーパーを探しています。                     -> Guangming, Shenzhen, Superma
  accepted        124  広東省深セン市光明区のスーパーマーケットの位置を教えて。           -> Guangming, Shenzhen, Guangdo
  accepted          1  Guangming District, Shenzhen, Guangd   -> Guangming District, Shenzhen
  accepted          1  光明区 深セン スーパー マップ                       -> Guangming, Shenzhen, Superma
  accepted          1  Where can I find supermarkets in Gua   -> Guangming District, Shenzhen
  accepted          1  List of supermarkets located in Guan   -> Guangming District, Shenzhen
  deep_gap          0  Show me all the grocery stores in Gu   -> Guangming District, Shenzhen
  accepted          1  I need directions to supermarkets in   -> Guangming District, Shenzhen

### Higashi Ward, Nagoya, Aichi Prefecture, Japan / Supermarkets
  seed concern finds 8; 8 utterances kept of 8 asked for
  deep_gap          0  愛知県名古屋市東区のスーパー                         -> Higashi, Nagoya, Aichi, Supe
  accepted          8  名古屋市の東区にあるスーパーマーケットを探しています             -> Higashi, Nagoya, Supermarket
  accepted          8  愛知県名古屋市中川区ではない、東区のスーパー                 -> Higashi, Nagoya, Supermarket
  wrong_area        0  愛知県名古屋市東区のスーパーを探してる                    -> Higashi-ku, Nagoya, Aichi, S
  no_area_line       0  Higashi Ward, Nagoya, Aichi Prefectu   -> 
  accepted          8  Show me supermarkets in Higashi Ward   -> Higashi Ward, Nagoya, Aichi 
  wrong_area        0  Where are the supermarkets in Higash   -> Higashi Ward, Nagoya, Aichi 
  accepted          8  I need to find supermarkets located    -> Higashi Ward, Nagoya, Aichi 

### Jungnang-gu, Seoul, South Korea / Supermarkets
  seed concern finds 99; 8 utterances kept of 8 asked for
  accepted         99  SeoulのJungnang-guにあるスーパーを探して。          -> Jungnang-gu, Seoul, Supermar
  accepted         99  Jungnang-gu, Seoul, South Koreaのスーパー   -> Jungnang-gu, Seoul, South Ko
  accepted         99  ソウルのJungnang-gu regionでスーパーを探して。       -> Jungnang-gu, Seoul, Supermar
  accepted         99  Jungnang-gu, Seoul, South Korea内のスーパ   -> Jungnang-gu, Seoul, South Ko
  accepted         99  Where are the supermarkets in Jungna   -> Jungnang-gu, Seoul, South Ko
  accepted         99  Show me supermarket locations in Jun   -> Jungnang-gu, Seoul, South Ko
  accepted         99  Can you find supermarkets in Jungnan   -> Jungnang-gu, Seoul, South Ko
  accepted         99  List of supermarkets in Jungnang-gu,   -> Jungnang-gu, Seoul, South Ko

### Nakagawa Ward, Nagoya, Aichi Prefecture, Japan / Supermarkets
  seed concern finds 237; 8 utterances kept of 8 asked for
  accepted    !    21  中川区のスーパーマーケットを教えて                      -> Nakagawa, Nagoya, Supermarke
  accepted    !    21  名古屋市中川区でスーパーを探している                     -> Nakagawa-ku, Nagoya, Superma
  deep_gap          0  愛知県名古屋市中川区のスーパー一覧                      -> Nakagawa, Nagoya, Aichi, Sup
  wrong_area        0  中川区 名古屋 愛知県 スーパー                       -> Naka-ku, Nagoya, Aichi, Supe
  wrong_area        0  Where are the supermarkets in Nakaga   -> Nakagawa Ward, Nagoya, Aichi
  wrong_area        0  Find all supermarkets located in Nak   -> Nakagawa Ward, Nagoya, Aichi
  accepted        237  I need a list of supermarkets in Nak   -> Nakagawa Ward, Nagoya, Aichi
  accepted        237  Show me supermarkets in Nakagawa War   -> Nakagawa Ward, Nagoya, Aichi

### Nishiyodogawa Ward, Osaka, Osaka Prefecture, Japan / Supermarkets
  seed concern finds 21; 8 utterances kept of 8 asked for
  invented_name       0  西区のスーパーマーケットはどこ？                       -> 
  accepted         21  OsakaのNishiyodogawa Wardにあるスーパーを探して    -> Nishiyodogawa, Osaka, Superm
  invented_name       0  大阪府大阪市西区で買い物できるスーパー一覧                  -> 
  accepted         21  Nishiyodogawa Ward, Osakaのスーパーマーケットを   -> Nishiyodogawa, Osaka, Superm
  accepted         21  Where can I find supermarkets in Nis   -> Nishiyodogawa Ward, Osaka, O
  accepted         21  I am looking for supermarkets locate   -> Nishiyodogawa Ward, Osaka, O
  accepted         21  Can you show me the supermarkets in    -> Nishiyodogawa Ward, Osaka, S
  accepted         21  Supermarkets in Nishiyodogawa Ward,    -> Nishiyodogawa Ward, Osaka, O

### Sawara Ward, Fukuoka, Fukuoka Prefecture, Japan / Supermarkets
  seed concern finds 210; 8 utterances kept of 8 asked for
  invented_name       0  佐賀郡八女市にあるスーパーを探して                      -> 
  invented_name       0  福岡県福岡市佐原区のスーパーマーケット一覧                  -> 
  invented_name       0  佐原区のスーパーを地図に表示して                       -> 
  invented_name       0  福岡佐原で買い物できるスーパー教えて                     -> 
  wrong_area        0  Supermarkets in Sawara Ward            -> Sawara Ward, Supermarkets
  wrong_area        0  Where can I find supermarkets in Saw   -> Sawara Ward, Supermarkets
  wrong_area        0  Show me supermarkets located in Sawa   -> Sawara Ward, Supermarkets
  wrong_area        0  I need a list of supermarkets in Saw   -> Sawara Ward, Supermarkets

### Seongdong-gu, Seoul, South Korea / Supermarkets
  seed concern finds 26; 8 utterances kept of 8 asked for
  accepted         26  Seongdong-gu, Seoul, South Korea のスー   -> Seongdong-gu, Seoul, South K
  accepted         26  ソウルSeongdong-gu, Seoul, South Korea    -> Seongdong-gu, Seoul, South K
  accepted         26  Seongdong-gu, Seoul, South Koreaでスーパ   -> Seongdong-gu, Seoul, South K
  accepted         26  Seongdong-gu, Seoul, South Korea のスー   -> Seongdong-gu, Seoul, South K
  accepted         26  Find supermarkets in Seongdong-gu, S   -> Seongdong-gu, Seoul, South K
  deep_gap          0  Where can I buy groceries in Seongdo   -> Seongdong-gu, Seoul, South K
  accepted         26  Show me all the supermarkets located   -> Seongdong-gu, Seoul, South K
  accepted         26  I need a list of supermarkets in Seo   -> Seongdong-gu, Seoul, South K

### Yeongdeungpo-gu, Seoul, South Korea / Supermarkets
  seed concern finds 30; 8 utterances kept of 8 asked for
  accepted         30  ソウル特別市永登浦区のスーパーマーケットを探しています            -> Yeongdeungpo-gu, Seoul, Supe
  accepted         30  永登浦区内にあるスーパーを教えてください                   -> Yeongdeungpo, Seoul, Superma
  accepted         30  永登浦区のスーパーマーケット一覧を表示して                  -> Yeongdeungpo, Seoul, Superma
  accepted         30  ソウルの永登浦区でスーパーを探して                      -> Yeongdeungpo, Seoul, Superma
  accepted         30  Find supermarkets in Yeongdeungpo-gu   -> Yeongdeungpo-gu, Seoul, Sout
  accepted         30  I need to locate supermarkets in Yeo   -> Yeongdeungpo-gu, Seoul, Sout
  accepted         30  Where are the supermarkets in Yeongd   -> Yeongdeungpo-gu, Seoul, Sout
  accepted         30  Show me supermarkets in Yeongdeungpo   -> Yeongdeungpo-gu, Seoul, Sout

### Akiha Ward, Niigata, Niigata Prefecture, Japan / Sushi shops
  seed concern finds 3; 8 utterances kept of 8 asked for
  accepted          1  Akiha Ward, Niigata, Niigata Prefect   -> Akiha Ward, Niigata, Niigata
  wrong_area        0  新潟県新潟市秋葉区の寿司屋一覧                        -> Akiha, Niigata, Niigata Pref
  wrong_area        0  秋葉区(新潟市)の寿司屋はどこ？                       -> Aki-ku, Niigata City, Sushi 
  accepted          1  Akiha Ward, Niigata, Niigata Prefect   -> Akiha Ward, Niigata, Niigata
  accepted         17  Show sushi restaurants in Akiha Ward   -> Akiha Ward, Niigata, Sushi r
  deep_gap          0  Find sushi shops near Akiha Ward Nii   -> Akiha Ward, Niigata, Sushi s
  accepted         17  I want to see sushi places in Akiha    -> Akiha Ward, Niigata, Sushi r
  accepted          1  Sushi restaurants Akiha Ward Niigata   -> Akiha, Niigata, Sushi restau

### Arakawa, Tokyo, Japan / Sushi shops
  seed concern finds 4; 8 utterances kept of 8 asked for
  accepted          4  荒川区内の寿司屋を教えて                           -> Arakawa, Tokyo, Sushi restau
  accepted          4  Arakawa, Tokyo, Japanの寿司屋              -> Arakawa, Tokyo, Sushi restau
  accepted          4  東京・荒川区で美味しい寿司屋を探している                   -> Arakawa, Tokyo, Sushi restau
  accepted          4  Arakawa, Tokyo, Japanの寿司店一覧            -> Arakawa, Tokyo, Sushi restau
  accepted          4  Find sushi restaurants in Arakawa, T   -> Arakawa, Tokyo, Sushi restau
  accepted          4  Where can I get sushi near Arakawa,    -> Arakawa, Tokyo, Sushi restau
  accepted          4  I'm looking for sushi places in Arak   -> Arakawa, Tokyo, Sushi restau
  accepted          6  Show me sushi shops in Arakawa, Toky   -> Arakawa, Tokyo, Sushi shops

### Bunkyō, Tokyo, Japan / Sushi shops
  seed concern finds 26; 8 utterances kept of 8 asked for
  accepted        583  東京の文京区にある寿司屋を探してる                      -> Bunkyō, Tokyo, Sushi restaur
  accepted        583  Bunkyō, Tokyo, Japanの寿司店一覧             -> Bunkyō, Tokyo, Sushi restaur
  accepted         26  文京区 寿司                                 -> Bunkyo, Tokyo, Sushi restaur
  accepted         26  TokyoのBunkyō, Tokyo, Japanにある寿司屋を教えて   -> Bunkyo, Tokyo, Sushi restaur
  accepted         28  Where are the sushi shops located in   -> Bunkyō, Tokyo, Sushi shops
  accepted         28  Can you show me a map of Bunkyō, Tok   -> Bunkyō, Tokyo, Sushi shops
  accepted        583  I need to find sushi restaurants in    -> Bunkyō, Tokyo, Sushi restaur
  accepted        583  Find sushi places in Bunkyō, Tokyo,    -> Bunkyō, Tokyo, Sushi restaur

### Chuo Ward, Fukuoka, Fukuoka Prefecture, Japan / Sushi shops
  seed concern finds 16; 8 utterances kept of 8 asked for
  deep_gap          0  福岡県福岡市中央区のお寿司屋さん教えて                    -> Chuo, Fukuoka, Fukuoka Prefe
  wrong_area        0  中央区 寿司 一覧                              -> Chūō, Tokyo, Sushi restauran
  deep_gap          0  福岡市中央区内にある寿司店を調べてください                  -> Chuo, Fukuoka, Sushi restaur
  wrong_area        0  中央区のお寿司屋さんを教えて                         -> Chuo, Tokyo, Sushi restauran
  invented_name       0  Show me sushi restaurants in Chuo Wa   -> 
  invented_name       0  Where can I find sushi in Chuo Ward,   -> 
  invented_name       0  List of sushi places in Chuo Ward, F   -> 
  invented_name       0  I need sushi in Chuo Ward, Fukuoka,    -> 

### Chuo, Osaka, Osaka Prefecture, Japan / Sushi shops
  seed concern finds 24; 8 utterances kept of 8 asked for
  deep_gap          0  大阪府大阪市中央区の寿司屋を教えてください                  -> Chuo, Osaka, Osaka Prefectur
  wrong_area        0  中央区 寿司                                 -> Chūō, Tokyo, Sushi restauran
  accepted         24  大阪 中央区にある寿司店リスト                        -> Chuo, Osaka, Sushi restauran
  wrong_area        0  中央寿司屋探索                                -> Central, Sushi restaurants
  deep_gap          0  Sushi shops in Chuo, Osaka, Osaka Pr   -> Chuo, Osaka, Sushi shops
  deep_gap          0  Where can I find sushi restaurants i   -> Chuo, Osaka, Osaka Prefectur
  accepted         24  Find sushi places in Chuo, Osaka, Os   -> Chuo, Osaka, Sushi restauran
  accepted         24  Show sushi shops located in Chuo, Os   -> Chuo, Osaka, Osaka Prefectur

### Fukushima Ward, Osaka, Osaka Prefecture, Japan / Sushi shops
  seed concern finds 10; 8 utterances kept of 8 asked for
  accepted         10  福島区の寿司屋を教えて                            -> Fukushima, Osaka, Sushi rest
  accepted         10  大阪府大阪市福島区にある寿司店のリストを希望します              -> Fukushima, Osaka, Sushi rest
  accepted         10  福島区の寿司屋一覧                              -> Fukushima, Osaka, Sushi rest
  accepted         10  大阪福島区の寿司屋さん教えてください                     -> Fukushima, Osaka, Sushi rest
  wrong_area        0  Show me sushi restaurants in Fukushi   -> Fukushima Ward, Sushi restau
  accepted        156  I need sushi places in Fukushima War   -> Fukushima Ward, Osaka, Sushi
  wrong_area        0  Find sushi shops located in Fukushim   -> Fukushima Ward, Sushi shops
  wrong_area        0  List of sushi restaurants in Fukushi   -> Fukushima Ward, Sushi restau

### Hachijō, Tokyo, Japan / Sushi shops
  seed concern finds 2; 8 utterances kept of 8 asked for
  accepted         12  Hachijō, Tokyo, Japan の寿司屋を教えて         -> Hachijo, Tokyo, Sushi restau
  wrong_area        0  八丈島にある寿司店のリスト                          -> Hachijo Island, Sushi restau
  invented_name       0  Hachijo, Tokyo, Japan で寿司を食べられる店を探して   -> 
  wrong_area        0  東京都八丈島の寿司屋さん一覧                         -> Hachijo Island, Tokyo, Sushi
  deep_gap          0  Sushi shops in Hachijō, Tokyo, Japan   -> Hachijo, Tokyo, Sushi shops
  accepted         12  Where can I find sushi in Hachijō, T   -> Hachijo, Tokyo, Sushi restau
  accepted         12  I am looking for sushi restaurants l   -> Hachijo, Tokyo, Sushi restau
  accepted         12  Show me sushi places in Hachijō, Tok   -> Hachijo, Tokyo, Sushi restau

### Higashi Ward, Fukuoka, Fukuoka Prefecture, Japan / Sushi shops
  seed concern finds 5; 8 utterances kept of 8 asked for
  deep_gap          0  福岡県福岡市東区の寿司屋を教えて                       -> Higashi, Fukuoka, Fukuoka Pr
  deep_gap          0  Fukuoka, Higashi Ward の寿司屋リスト          -> Higashi, Fukuoka, Sushi rest
  wrong_area        0  東区の寿司屋さん                               -> Higashi, Tokyo, Sushi restau
  wrong_area        0  Higashi Ward の寿司                       -> Higashi Ward, Sushi restaura
  accepted          5  I am looking for sushi shops in Higa   -> Higashi Ward, Fukuoka, Fukuo
  deep_gap          0  Show me sushi shops in Higashi Ward,   -> Higashi Ward, Fukuoka, Sushi
  accepted          5  Find sushi shops near Higashi Ward,    -> Higashi Ward, Fukuoka, Fukuo
  wrong_area        0  Sushi restaurants in Higashi Ward, F   -> Higashi Ward, Fukuoka, Fukuo

### Higashimurayama, Tokyo, Japan / Sushi shops
  seed concern finds 2; 8 utterances kept of 8 asked for
  accepted          2  東京の東村山で寿司を食べられるお店を教えて                  -> Higashimurayama, Tokyo, Sush
  accepted          2  Higashimurayama, Tokyo, Japanの寿司屋を探し   -> Higashimurayama, Tokyo, Sush
  wrong_area        0  東村山市内の寿司専門店一覧を出して                      -> Musashino, Tokyo, Sushi rest
  accepted          2  Higashimurayama, Tokyo, Japan 寿司       -> Higashimurayama, Tokyo, Sush
  accepted          2  Find sushi restaurants in Higashimur   -> Higashimurayama, Tokyo, Japa
  accepted          2  Where can I eat sushi in Higashimura   -> Higashimurayama, Tokyo, Sush
  accepted          2  List of sushi places in Higashimuray   -> Higashimurayama, Tokyo, Japa
  accepted          2  I am looking for sushi shops located   -> Higashimurayama, Tokyo, Sush

### Higashiyodogawa Ward, Osaka, Osaka Prefecture, Japan / Sushi shops
  seed concern finds 8; 8 utterances kept of 8 asked for
  accepted          5  大阪市東淀川区の寿司屋を教えて                        -> Higashiyodogawa, Osaka, Sush
  accepted          5  東淀川区で寿司を食べられるところはない？                   -> Higashiyodogawa, Osaka, Sush
  accepted          5  東淀川区にある寿司専門店を探している                     -> Higashiyodogawa, Osaka, Sush
  accepted          5  大阪東淀川区の寿司屋一覧を表示して                      -> Higashiyodogawa, Osaka, Sush
  accepted          5  Show me sushi restaurants in Higashi   -> Higashiyodogawa Ward, Osaka,
  accepted          5  Sushi places in Higashiyodogawa Ward   -> Higashiyodogawa, Osaka, Sush
  accepted          5  Where can I find sushi in Higashiyod   -> Higashiyodogawa, Osaka, Sush
  accepted          8  Please find sushi shops in Higashiyo   -> Higashiyodogawa Ward, Osaka,

### Ikuno Ward, Osaka, Osaka Prefecture, Japan / Sushi shops
  seed concern finds 28; 8 utterances kept of 8 asked for
  accepted         25  大阪府大阪市生野区の寿司屋を教えて                      -> Ikuno, Osaka City, Osaka Pre
  accepted         25  生野区にある寿司店一覧を出して                        -> Ikuno, Osaka, Sushi restaura
  no_area_line       0  大阪市生野区の寿司屋さんで美味しい所を教えてください             -> 
  accepted         25  生野区 寿司                                 -> Ikuno, Osaka, Sushi restaura
  accepted         25  Sushi restaurants in Ikuno Ward, Osa   -> Ikuno, Osaka, Sushi restaura
  accepted         25  where can i find sushi in Ikuno Ward   -> Ikuno Ward, Osaka, Osaka Pre
  accepted         25  List of sushi places in Ikuno Ward,    -> Ikuno Ward, Osaka, Osaka Pre
  accepted         28  Sushi shops in Ikuno Ward, Osaka, Os   -> Ikuno Ward, Osaka, Osaka Pre

### Iwatsuki Ward, Saitama, Saitama Prefecture, Japan / Sushi shops
  seed concern finds 5; 8 utterances kept of 8 asked for
  accepted         59  岩槻区の寿司屋を教えてください。                       -> Iwatsuki, Saitama, Sushi res
  accepted         59  埼玉県岩槻区にある寿司店を探しているの。                   -> Iwatsuki, Saitama, Sushi res
  accepted         59  岩槻区で美味しい寿司屋はないかな？                      -> Iwatsuki, Saitama, Sushi res
  accepted         59  岩槻区の寿司処教えて                             -> Iwatsuki, Saitama, Sushi res
  no_area_line       0  Iwatsuki Ward, Saitama, Saitama Pref   -> 
  deep_gap          0  Find sushi shops in Iwatsuki Ward, S   -> Iwatsuki, Saitama, Sushi sho
  accepted          5  Sushi shops near Iwatsuki Ward, Sait   -> Iwatsuki Ward, Saitama, Sait
  accepted          3  Show me sushi restaurants in Iwatsuk   -> Iwatsuki, Saitama Prefecture

### Jung-gu, Seoul, South Korea / Sushi shops
  seed concern finds 3; 8 utterances kept of 8 asked for
  accepted          3  ソウルの中区にある寿司屋を教えて                       -> Jung-gu, Seoul, Sushi restau
  accepted          3  Jung-gu, Seoul, South Korea の寿司屋       -> Jung-gu, Seoul, South Korea,
  accepted          3  ソウル市中区で寿司を食べられる店                       -> Jung-gu, Seoul, Sushi restau
  accepted          3  Where are sushi shops in Jung-gu, Se   -> Jung-gu, Seoul, South Korea,
  accepted          3  Show me sushi shops in Jung-gu, Seou   -> Jung-gu, Seoul, South Korea,
  accepted          3  Find sushi places in Jung-gu, Seoul,   -> Jung-gu, Seoul, South Korea,
  accepted          3  Where can I find sushi shops in Jung   -> Jung-gu, Seoul, South Korea,
  accepted          3  I want to see sushi shops located in   -> Jung-gu, Seoul, South Korea,

### Katsushika, Tokyo, Japan / Sushi shops
  seed concern finds 22; 8 utterances kept of 8 asked for
  accepted        347  葛飾区の寿司屋を教えて                            -> Katsushika, Tokyo, Sushi res
  accepted        347  Katsushika, Tokyo, Japan の寿司屋を探して      -> Katsushika, Tokyo, Sushi res
  accepted        347  東京都葛飾区の寿司屋は？                           -> Katsushika, Tokyo, Sushi res
  accepted        347  Katsushika, Tokyo, Japan 内で寿司屋を検索      -> Katsushika, Tokyo, Sushi res
  accepted        347  Sushi restaurants in Katsushika, Tok   -> Katsushika, Tokyo, Sushi res
  accepted         22  Find sushi shops in Katsushika         -> Katsushika, Tokyo, Sushi sho
  accepted        347  Where are the best sushi places in K   -> Katsushika, Tokyo, Sushi res
  accepted         22  Show me sushi options in Katsushika,   -> Katsushika, Tokyo, Japan, Su

### Kita Ward, Osaka, Osaka Prefecture, Japan / Sushi shops
  seed concern finds 45; 8 utterances kept of 8 asked for
  accepted         34  大阪府大阪市北区の寿司屋を教えて                       -> Kita, Osaka, Sushi restauran
  wrong_area        0  北区の寿司屋さんどこ？                            -> Kita, Tokyo, Sushi restauran
  accepted         34  大阪・北区で寿司が食べられる店を探して                    -> Kita, Osaka, Sushi restauran
  accepted         34  大阪市北区にある寿司店をリストアップして                   -> Kita, Osaka, Sushi restauran
  wrong_area        0  Show me sushi shops in Kita Ward, Os   -> Kita Ward, Osaka, Osaka Pref
  deep_gap          0  Where are the sushi restaurants in K   -> Kita, Osaka, Osaka Prefectur
  deep_gap          0  Find sushi places in Kita Ward, Osak   -> Kita, Osaka, Osaka Prefectur
  deep_gap          0  I'm looking for sushi spots in Kita    -> Kita, Osaka, Osaka Prefectur

### Koganei, Tokyo, Japan / Sushi shops
  seed concern finds 4; 8 utterances kept of 8 asked for
  accepted          4  小金井の寿司屋を探している                          -> Koganei, Tokyo, Sushi restau
  accepted          4  東京の小金井エリアにある寿司店のリストを表示して               -> Koganei, Tokyo, Sushi restau
  accepted          4  小金井の寿司処を教えて                            -> Koganei, Tokyo, Sushi restau
  accepted          4  小金井における寿司を提供するお店はどれですか？                -> Koganei, Tokyo, Sushi restau
  accepted          4  Where are the sushi shops located in   -> Koganei, Tokyo, Sushi shops
  accepted          4  Sushi places in Koganei Tokyo Japan    -> Koganei, Tokyo, Japan, Sushi
  accepted          4  Can you show me sushi restaurants in   -> Koganei, Tokyo, Sushi restau
  accepted          4  Find sushi shops in Koganei Tokyo Ja   -> Koganei, Tokyo, Sushi shops

### Konan Ward, Niigata, Niigata Prefecture, Japan / Sushi shops
  seed concern finds 0; 8 utterances kept of 8 asked for
  invented_name       0  新潟県新潟市南区の寿司屋を教えて。                      -> 
  invented_name       0  南区で美味しい寿司屋を探してる。                       -> 
  invented_name       0  新潟市の南区にある寿司屋さん、どこ？                     -> 
  invented_name       0  新潟県南区の寿司屋一覧を載せて。                       -> 
  zero_results       0  Sushi shops in Konan Ward, Niigata,    -> Konan Ward, Niigata, Niigata
  wrong_area        0  Find sushi restaurants in Konan Ward   -> Konan Ward, Sushi restaurant
  wrong_area        0  I need sushi places in Konan Ward, N   -> Konan, Niigata, Sushi restau
  wrong_area        0  Where can I eat sushi in Konan Ward,   -> Konan, Niigata, Niigata Pref

### Kunitachi, Tokyo, Japan / Sushi shops
  seed concern finds 2; 8 utterances kept of 8 asked for
  wrong_area        0  国立の寿司屋を教えて                             -> Kokubunji, Tokyo, Sushi rest
  accepted         46  東京都国立市にある寿司屋を探しています                    -> Kunitachi, Tokyo, Sushi rest
  accepted         46  Kunitachi, Tokyo, Japanの寿司屋一覧          -> Kunitachi, Tokyo, Sushi rest
  accepted         46  国立で美味しい寿司屋はありますか                       -> Kunitachi, Tokyo, Sushi rest
  accepted         46  Find sushi restaurants in Kunitachi,   -> Kunitachi, Tokyo, Sushi rest
  accepted         46  Where can I get sushi in Kunitachi,    -> Kunitachi, Tokyo, Sushi rest
  deep_gap          0  Sushi shops near Kunitachi, Tokyo, J   -> Kunitachi, Tokyo, Sushi shop
  accepted         46  Show me sushi places in Kunitachi, T   -> Kunitachi, Tokyo, Sushi rest

### Midori Ward, Saitama, Saitama Prefecture, Japan / Sushi shops
  seed concern finds 2; 8 utterances kept of 8 asked for
  wrong_area        0  緑区の寿司屋を探しています                          -> Midori-ku, Sushi restaurants
  accepted          1  埼玉県緑区で寿司能吃きたい                          -> Midori, Saitama, Sushi resta
  wrong_area        0  Midori Wardの寿司屋さん教えて                   -> Midori Ward, Yokohama, Sushi
  no_area_line       0  さいたま緑区 寿司 ランキング                        -> 
  accepted         62  Show me sushi restaurants in Midori    -> Midori Ward, Saitama, Sushi 
  accepted          1  I'm looking for sushi places in Mido   -> Midori Ward, Saitama, Saitam
  accepted          2  Please find sushi shops located in M   -> Midori Ward, Saitama, Saitam
  accepted          1  List sushi establishments in Midori    -> Midori Ward, Saitama, Saitam

### Minami Ward, Nagoya, Aichi Prefecture, Japan / Sushi shops
  seed concern finds 3; 8 utterances kept of 8 asked for
  wrong_area        0  南区の寿司屋                                 -> Minami, Japan, Sushi restaur
  deep_gap          0  愛知県名古屋市南区にある寿司屋さんを知りたいです               -> Minami, Nagoya, Aichi, Sushi
  accepted         36  名古屋南区の寿司推薦                             -> Minami, Nagoya, Sushi restau
  wrong_area        0  愛知県の南区で美味しい寿司屋を探しています                  -> Minami-ku, Nagoya, Aichi, Su
  wrong_area        0  Sushi shops in Minami Ward, Nagoya,    -> Minami Ward, Nagoya, Aichi P
  wrong_area        0  Show me sushi restaurants in Minami    -> Minami Ward, Nagoya, Aichi P
  accepted          1  Find sushi places located in Minami    -> Minami Ward, Nagoya, Aichi P
  wrong_area        0  I want to find sushi shops in Minami   -> Minami Ward, Nagoya, Aichi P

### Minato Ward, Osaka, Osaka Prefecture, Japan / Sushi shops
  seed concern finds 2; 8 utterances kept of 8 asked for
  no_area_line       0  Minato Ward, Osaka, Osaka Prefecture   -> 
  accepted          1  Minato Ward, Osaka, Osaka Prefecture   -> Minato Ward, Osaka, Osaka Pr
  accepted          1  Minato Ward, Osaka, Osaka Prefecture   -> Minato Ward, Osaka, Osaka Pr
  wrong_area        0  Minato Ward, Osaka, Osaka Prefecture   -> Minato, Osaka, Osaka Prefect
  wrong_area        0  Find sushi shops in Minato Ward, Osa   -> Minato Ward, Osaka, Osaka Pr
  accepted          1  Where are sushi restaurants in Minat   -> Minato, Osaka, Sushi restaur
  accepted          1  Minato Ward, Osaka, Osaka Prefecture   -> Minato Ward, Osaka, Osaka Pr
  wrong_area        0  Show me sushi spots in Minato Ward,    -> Minato Ward, Osaka, Osaka Pr

### Miyakojima Ward, Osaka, Osaka Prefecture, Japan / Sushi shops
  seed concern finds 10; 7 utterances kept of 8 asked for
  wrong_area        0  大阪府大阪市都島区の寿司屋を教えて                      -> Mikunimachi, Ikeda, Osaka, S
  wrong_area        0  都島区で寿司が食べられる店                          -> Miyoshima, Osaka, Sushi rest
  wrong_area        0  大阪市 都島区 寿司                             -> Mikunimachi, Ikeda, Osaka, S
  wrong_area        0  都島区の寿司屋一覧                              -> Ikuno, Osaka, Sushi restaura
  accepted        221  Where are the sushi restaurants in M   -> Miyakojima, Osaka, Sushi res
  accepted        221  Show me sushi spots in Miyakojima Wa   -> Miyakojima, Osaka, Sushi res
  accepted        221  I need sushi places in Miyakojima Wa   -> Miyakojima, Osaka, Sushi res

### Naka Ward, Nagoya, Aichi Prefecture, Japan / Sushi shops
  seed concern finds 23; 8 utterances kept of 8 asked for
  accepted         22  名古屋市中区の寿司屋を教えてください                     -> Naka, Nagoya, Sushi restaura
  wrong_area        0  中区の寿司店を探しています                          -> Naka, Yokohama, Sushi restau
  accepted         22  愛知県名古屋市中区で寿司を食べられるお店                   -> Naka, Nagoya, Aichi, Sushi r
  accepted         22  名古屋市中区にある寿司屋一覧                         -> Naka, Nagoya, Sushi restaura
  accepted         23  sushi shops in Naka Ward, Nagoya, Ai   -> Naka Ward, Nagoya, Aichi Pre
  accepted         22  Find sushi restaurants in Naka Ward,   -> Naka Ward, Nagoya, Aichi Pre
  accepted         22  Where can I eat sushi in Naka Ward,    -> Naka Ward, Nagoya, Aichi Pre
  accepted         22  List of sushi places in Naka Ward, N   -> Naka Ward, Nagoya, Aichi Pre

### Nakamura Ward, Nagoya, Aichi Prefecture, Japan / Sushi shops
  seed concern finds 119; 8 utterances kept of 8 asked for
  accepted    !    10  中村区の寿司屋を教えて                            -> Nakamura, Nagoya, Sushi rest
  accepted    !    10  名古屋市中村区の寿司店はどこですか？                     -> Nakamura, Nagoya, Sushi rest
  deep_gap          0  愛知県名古屋市中村区にある寿司屋を探す                    -> Nakamura, Nagoya, Aichi, Sus
  accepted    !    10  中村区の寿司屋を教えてください                        -> Nakamura, Nagoya, Sushi rest
  wrong_area        0  Show me sushi shops in Nakamura Ward   -> Nakamura Ward, Nagoya, Aichi
  accepted         84  Where can I find sushi restaurants i   -> Nakamura, Nagoya, Aichi Pref
  deep_gap          0  Sushi places in Nakamura Ward, Nagoy   -> Nakamura, Nagoya, Aichi Pref
  wrong_area        0  Please list all the sushi shops loca   -> Nakamura Ward, Nagoya, Aichi

### Nishi Ward, Fukuoka, Fukuoka Prefecture, Japan / Sushi shops
  seed concern finds 0; 8 utterances kept of 8 asked for
  wrong_area        0  福岡県福岡市西区の寿司屋を教えて                       -> Nishi, Fukuoka City, Fukuoka
  wrong_area        0  西区にある寿司屋をマップに出して                       -> Nishi, Osaka, Sushi restaura
  wrong_area        0  福岡市西区 寿司屋                              -> Nishi, Fukuoka, Sushi restau
  wrong_area        0  西区の寿司屋さんどこ？                            -> Nishi, Osaka, Sushi restaura
  wrong_area        0  Sushi shops in Nishi Ward              -> Nishi Ward, Sushi shops
  accepted         41  Show me sushi restaurants in Nishi W   -> Nishi Ward, Fukuoka, Sushi r
  wrong_area        0  I am looking for sushi places in Nis   -> Nishi Ward, Sushi restaurant
  zero_results       0  Find sushi shops in Nishi Ward, Fuku   -> Nishi Ward, Fukuoka, Sushi s

### Nishi Ward, Yokohama, Kanagawa Prefecture, Japan / Sushi shops
  seed concern finds 14; 8 utterances kept of 8 asked for
  wrong_area        0  西区の寿司屋を教えて                             -> Nishi, Osaka, Sushi restaura
  accepted         13  神奈川県横浜市の西区にある寿司店を調べて                   -> Nishi-ku, Yokohama, Kanagawa
  wrong_area        0  西区の寿司屋を探して                             -> Nishi, Osaka, Sushi restaura
  accepted         12  横浜市西区 寿司                               -> Nishi-ku, Yokohama, Sushi re
  accepted         13  Sushi restaurants in Nishi Ward, Yok   -> Nishi, Yokohama, Kanagawa Pr
  deep_gap          0  Show sushi shops in Nishi Ward, Yoko   -> Nishi Ward, Yokohama, Kanaga
  deep_gap          0  Where to find sushi shops in Nishi W   -> Nishi Ward, Yokohama, Kanaga
  deep_gap          0  Find sushi shops located in Nishi Wa   -> Nishi Ward, Yokohama, Kanaga

### Nishiyodogawa Ward, Osaka, Osaka Prefecture, Japan / Sushi shops
  seed concern finds 2; 8 utterances kept of 8 asked for
  deep_gap          0  大阪府大阪市西淀川区の寿司屋を教えて。                    -> Nishiyodogawa, Osaka, Sushi 
  deep_gap          0  西淀川区、寿司のお店はどこ？                         -> Nishiyodogawa, Osaka, Sushi 
  deep_gap          0  大阪 西淀川区 寿司                             -> Nishiyodogawa, Osaka, Sushi 
  deep_gap          0  西淀川区の寿司屋検索                             -> Nishiyodogawa, Osaka, Sushi 
  deep_gap          0  Sushi shops in Nishiyodogawa Ward, O   -> Nishiyodogawa Ward, Osaka, O
  deep_gap          0  Where can I find sushi in Nishiyodog   -> Nishiyodogawa, Osaka, Sushi 
  deep_gap          0  Show me sushi restaurants located in   -> Nishiyodogawa Ward, Osaka, O
  deep_gap          0  I am looking for sushi places in Nis   -> Nishiyodogawa Ward, Osaka, O

### Oshima, Tokyo, Japan / Sushi shops
  seed concern finds 2; 8 utterances kept of 8 asked for
  accepted          2  大島 (東京) の寿司屋                           -> Oshima, Tokyo, Sushi restaur
  accepted          2  東京都大島で寿司が食べられるお店を調べて                   -> Oshima, Tokyo, Sushi restaur
  accepted          2  大島にある寿司専門店                             -> Oshima, Tokyo, Sushi restaur
  accepted          2  お前、大島の寿司屋教えてや                          -> Oshima, Tokyo, Sushi restaur
  accepted          2  Where are the sushi shops in Oshima,   -> Oshima, Tokyo, Sushi shops
  accepted          2  Find sushi restaurants in Oshima Tok   -> Oshima, Tokyo, Sushi restaur
  accepted          2  Please show me sushi places in Oshim   -> Oshima, Tokyo, Sushi restaur
  accepted          2  Oshima Tokyo Japan sushi shops         -> Oshima, Tokyo, Sushi shops

### Sawara Ward, Fukuoka, Fukuoka Prefecture, Japan / Sushi shops
  seed concern finds 54; 8 utterances kept of 8 asked for
  accepted         37  福岡県福岡市早良区の寿司屋                          -> Sawara, Fukuoka, Fukuoka Pre
  accepted    !     5  早良区の寿司店を教えて                            -> Sawara, Fukuoka, Sushi resta
  accepted    !     5  福岡の早良区にある寿司屋を探しています                    -> Sawara, Fukuoka, Sushi resta
  accepted    !     5  早良区 寿司                                 -> Sawara, Fukuoka, Sushi resta
  accepted         54  Where can I find sushi shops in Sawa   -> Sawara Ward, Fukuoka, Fukuok
  accepted         54  sushi shops Sawara Ward, Fukuoka, Fu   -> Sawara Ward, Fukuoka, Fukuok
  accepted         54  I am looking for sushi shops in Sawa   -> Sawara Ward, Fukuoka, Fukuok
  accepted         54  Show me sushi shops in Sawara Ward,    -> Sawara Ward, Fukuoka, Fukuok

### Shibuya, Tokyo, Japan / Sushi shops
  seed concern finds 35; 8 utterances kept of 8 asked for
  accepted         35  渋谷の寿司屋を教えて                             -> Shibuya, Tokyo, Sushi restau
  accepted         35  Shibuyaの寿司店を探して                        -> Shibuya, Tokyo, Sushi restau
  accepted         35  Tokyo, Shibuyaにある寿司屋さんどこ？              -> Shibuya, Tokyo, Sushi restau
  accepted         35  Shibuya, Tokyo, Japanの寿司専門店教えて         -> Shibuya, Tokyo, Sushi restau
  accepted         35  Sushi shops in Shibuya, Tokyo, Japan   -> Shibuya, Tokyo, Sushi shops
  accepted         35  Where can I find sushi restaurants i   -> Shibuya, Tokyo, Sushi restau
  accepted         35  I need sushi places in Shibuya, Toky   -> Shibuya, Tokyo, Japan, Sushi
  accepted         35  Show me sushi shops in Shibuya, Toky   -> Shibuya, Tokyo, Japan, Sushi

### Showa Ward, Nagoya, Aichi Prefecture, Japan / Sushi shops
  seed concern finds 3; 8 utterances kept of 8 asked for
  wrong_area        0  昭和区の寿司屋を教えて                            -> Showa, Tokyo, Sushi restaura
  invented_name       0  愛知県名古屋市中川区の寿司店を探しています                  -> 
  wrong_area        0  Showa Ward, Nagoya, Aichi Prefecture   -> Showa Ward, Nagoya, Aichi Pr
  invented_name       0  中川区の寿司屋を探して                            -> 
  wrong_area        0  Where can I find sushi shops in Show   -> Showa Ward, Nagoya, Aichi Pr
  wrong_area        0  Show me sushi places in Showa Ward,    -> Showa Ward, Nagoya, Aichi Pr
  accepted          3  List all sushi shops located in Show   -> Showa Ward, Nagoya, Aichi Pr
  wrong_area        0  I am looking for sushi restaurants i   -> Showa Ward, Nagoya, Aichi Pr

### Sumiyoshi Ward, Osaka, Osaka Prefecture, Japan / Sushi shops
  seed concern finds 4; 5 utterances kept of 8 asked for
  accepted         74  住吉区の寿司屋を調べて                            -> Sumiyoshi, Osaka, Sushi rest
  wrong_area        0  I am looking for sushi places in Sum   -> Sumiyoshi Ward, Osaka, Osaka
  wrong_area        0  Where can I get sushi in Sumiyoshi W   -> Sumiyoshi Ward, Osaka, Osaka
  deep_gap          0  Find sushi shops located in Sumiyosh   -> Sumiyoshi Ward, Osaka, Sushi
  accepted          4  Sushi shops in Sumiyoshi Ward, Osaka   -> Sumiyoshi Ward, Osaka, Osaka

### Tama, Tokyo, Japan / Sushi shops
  seed concern finds 4; 8 utterances kept of 8 asked for
  accepted          4  Tama, Tokyo, Japanの寿司屋を教えてください         -> Tama, Tokyo, Sushi restauran
  accepted          4  多摩の寿司店を探している                           -> Tama, Tokyo, Sushi restauran
  accepted          4  東京都多摩市の寿司屋さんを教えて                       -> Tama, Tokyo, Sushi restauran
  accepted          4  多摩地区にある寿司屋さんの一覧                        -> Tama, Tokyo, Sushi restauran
  accepted          4  Where are the sushi restaurants in T   -> Tama, Tokyo, Sushi restauran
  accepted          4  Show me Tama, Tokyo, Japan for sushi   -> Tama, Tokyo, Sushi restauran
  accepted          4  Sushi shops in Tama, Tokyo, Japan      -> Tama, Tokyo, Sushi shops
  accepted          4  Find sushi shops in Tama, Tokyo, Jap   -> Tama, Tokyo, Sushi shops

### Tsurumi Ward, Osaka, Osaka Prefecture, Japan / Sushi shops
  seed concern finds 4; 5 utterances kept of 8 asked for
  accepted         45  大阪府大阪市鶴見区の寿司屋を教えて                      -> Tsurumi, Osaka, Sushi restau
  accepted         45  大阪市鶴見区内の寿司専門店を探しています                   -> Tsurumi, Osaka, Sushi restau
  wrong_area        0  鶴見区の寿司屋でおすすめはどこ？                       -> Tsurumi, Yokohama, Sushi res
  accepted         45  大阪市鶴見区の寿司屋のリストを出して                     -> Tsurumi, Osaka, Sushi restau
  accepted          4  Sushi shops in Tsurumi Ward, Osaka,    -> Tsurumi Ward, Osaka, Osaka P

### Urawa Ward, Saitama, Saitama Prefecture, Japan / Sushi shops
  seed concern finds 6; 7 utterances kept of 8 asked for
  accepted          6  埼玉県の浦和区の寿司屋を探してる                       -> Urawa, Saitama, Sushi restau
  accepted          6  浦和区内にある寿司専門店はどこですか？                    -> Urawa, Saitama, Sushi restau
  accepted          6  埼玉・浦和区の寿司店一覧を見せて                       -> Urawa, Saitama, Sushi restau
  accepted          6  Find sushi restaurants in Urawa Ward   -> Urawa Ward, Saitama, Saitama
  accepted        113  Where can I get sushi in Urawa Ward,   -> Urawa Ward, Saitama, Sushi r
  accepted        113  Show me sushi spots near Urawa Ward,   -> Urawa Ward, Saitama, Sushi r
  accepted          6  Sushi places in Urawa Ward, Saitama,   -> Urawa, Saitama, Sushi restau

### Dongdaemun-gu, Seoul, South Korea / Swimming Pools
  seed concern finds 1; 8 utterances kept of 8 asked for
  deep_gap          0  東大門区のプールの場所を教えて                        -> Dongdaemun District, Swimmin
  deep_gap          0  ソウルの東大門区にあるプールを探している                   -> Dongdaemun District, Seoul, 
  deep_gap          0  東大門区のプールMAP                            -> Dongdaemun District, Seoul, 
  deep_gap          0  東大門区 プール 一覧                            -> Dongdaemun District, Seoul, 
  accepted          1  Show swimming pools in Dongdaemun-gu   -> Dongdaemun-gu, Seoul, South 
  accepted          1  Where are the swimming pools located   -> Dongdaemun-gu, Seoul, South 
  accepted          1  I need a list of swimming pools in D   -> Dongdaemun-gu, Seoul, South 
  accepted          1  Find all swimming pools in Dongdaemu   -> Dongdaemun-gu, Seoul, South 

### Geumcheon-gu, Seoul, South Korea / Swimming Pools
  seed concern finds 1; 8 utterances kept of 8 asked for
  accepted          1  Geumcheon-gu, Seoul, South Koreaの水泳施   -> Geumcheon-gu, Seoul, South K
  accepted          1  Geumcheon-gu, Seoul, South Koreaにプール   -> Geumcheon-gu, Seoul, South K
  accepted          1  Geumcheon-gu, Seoul, South Koreaのスイミ   -> Geumcheon-gu, Seoul, South K
  accepted          1  Geumcheon-gu, Seoul, South Koreaにある水   -> Geumcheon-gu, Seoul, South K
  accepted          1  Where are the swimming pools in Geum   -> Geumcheon-gu, Seoul, South K
  accepted          1  Find swimming pools in Geumcheon-gu,   -> Geumcheon-gu, Seoul, South K
  accepted          1  I would like to see swimming pools i   -> Geumcheon-gu, Seoul, South K
  accepted          1  Search for swimming pools in Geumche   -> Geumcheon-gu, Seoul, South K

### Higashi Ward, Fukuoka, Fukuoka Prefecture, Japan / Swimming Pools
  seed concern finds 42; 8 utterances kept of 8 asked for
  wrong_area        0  福岡県福岡市東区のスイミングプールを教えてください              -> Higashi-ku, Fukuoka, Fukuoka
  wrong_area        0  東区のプール施設を教えて                           -> Higashi, Tokyo, Swimming poo
  accepted         42  福岡市東区内にある水泳プールのある場所を検索して               -> Higashi, Fukuoka, Swimming p
  wrong_area        0  東区 水泳プール 一覧                            -> Higashi, Osaka, Swimming poo
  accepted         42  Show me swimming pools in Higashi Wa   -> Higashi Ward, Fukuoka, Fukuo
  accepted         42  Where can I find swimming pools in H   -> Higashi Ward, Fukuoka, Fukuo
  accepted         42  List all swimming pools in Higashi W   -> Higashi Ward, Fukuoka, Fukuo
  accepted         42  Find swimming pools in Higashi Ward,   -> Higashi Ward, Fukuoka, Fukuo

### Lok Ma Chau Loop, Hong Kong, China / Swimming Pools
  seed concern finds 1836; 8 utterances kept of 8 asked for
  accepted       1836  Lok Ma Chau Loop, Hong Kong, China に   -> Lok Ma Chau Loop, Hong Kong,
  accepted       1836  Lok Ma Chau Loop, Hong Kong, China の   -> Lok Ma Chau Loop, Hong Kong,
  wrong_area        0  Lok Ma Chau Loop, Hong Kong, China の   -> Lok Ma Chau, Hong Kong, Swim
  accepted       1836  Lok Ma Chau Loop, Hong Kong, China に   -> Lok Ma Chau Loop, Hong Kong,
  accepted       1836  Find swimming pools in Lok Ma Chau L   -> Lok Ma Chau Loop, Hong Kong,
  accepted       1836  Show me swimming pools at Lok Ma Cha   -> Lok Ma Chau Loop, Hong Kong,
  accepted       1836  Locate swimming pools in the Lok Ma    -> Lok Ma Chau Loop, Hong Kong,
  accepted       1836  Where are the swimming pools in Lok    -> Lok Ma Chau Loop, Hong Kong,

### Nowon-gu, Seoul, South Korea / Swimming Pools
  seed concern finds 2; 7 utterances kept of 8 asked for
  invented_name       0  ソウル北漢区のプール施設はどこですか？                    -> 
  invented_name       0  ナムンクに泳げる場所ありますか？                       -> 
  invented_name       0  北漢区のプール一覧を出して。                         -> 
  accepted          2  Where are the swimming pools in Nowo   -> Nowon-gu, Seoul, South Korea
  accepted          2  Show me swimming pools in Nowon-gu,    -> Nowon-gu, Seoul, South Korea
  accepted          2  I need to find swimming pools in Now   -> Nowon-gu, Seoul, South Korea
  failed            0  Please list swimming pools in Nowon-   -> 

### Seongdong-gu, Seoul, South Korea / Swimming Pools
  seed concern finds 1; 8 utterances kept of 8 asked for
  deep_gap          0  Seongdong-gu, Seoul, South Korea の水泳   -> Seongdong-gu, Seoul, Water s
  accepted         29  Seongdong-gu, Seoul, South Korea にある   -> Seongdong-gu, Seoul, Pools
  accepted          1  Seongdong-gu, Seoul, South Korea 内のス   -> Seongdong-gu, Seoul, Swimmin
  deep_gap          0  Seongdong-gu, Seoul, South Korea の水泳   -> Seongdong-gu, Seoul, Water s
  accepted          1  Show me swimming pools in Seongdong-   -> Seongdong-gu, Seoul, South K
  accepted          1  Where are the swimming pools in Seon   -> Seongdong-gu, Seoul, South K
  accepted          1  List all swimming pools in Seongdong   -> Seongdong-gu, Seoul, South K
  accepted          1  I am looking for swimming pools in S   -> Seongdong-gu, Seoul, South K

### Ukyo Ward, Kyoto, Kyoto Prefecture, Japan / Swimming Pools
  seed concern finds 32; 8 utterances kept of 8 asked for
  wrong_area        0  京都府京都市右京区のスイミングプールを教えて                 -> Taito, Tokyo, Swimming pools
  wrong_area        0  右京区のプール一覧を出して                          -> Bunkyō, Tokyo, Pools
  wrong_area        0  京都市右京区で泳げる場所を探している                     -> Taito, Tokyo, Overpasses
  wrong_area        0  右京区の水泳施設をマップに表示してください                  -> Bunkyō, Tokyo, Water sports 
  invented_name       0  Show me swimming pools in Ukyo Ward,   -> 
  invented_name       0  I need to find swimming pools in Uky   -> 
  invented_name       0  Where are the swimming pools in Ukyo   -> 
  invented_name       0  List all swimming pools in Ukyo Ward   -> 

### Yuen Long District, Hong Kong, China / Swimming Pools
  seed concern finds 103; 8 utterances kept of 8 asked for
  deep_gap          0  Yuen Long District, Hong Kong, China   -> Yuen Long District, Hong Kon
  accepted        103  Yuen Long District, Hong Kong, China   -> Hong Kong, Yuen Long Distric
  deep_gap          0  Yuen Long District, Hong Kong, China   -> ong Kong, Yuen Long District
  deep_gap          0  Yuen Long District, Hong Kong, China   -> Hong Kong, Yuen Long Distric
  accepted        103  Show me swimming pools in Yuen Long    -> uen Long District, Hong Kong
  accepted        103  Where are the swimming pools in Yuen   -> uen Long District, Hong Kong
  accepted        103  I need a list of swimming pools in Y   -> Yuen Long District, Hong Kon
  accepted        103  Find swimming pools in Yuen Long Dis   -> uen Long District, Hong Kong

### Akiruno, Tokyo, Japan / Temples
  seed concern finds 20; 8 utterances kept of 8 asked for
  wrong_area        0  東京のあきる野市にある寺院を教えて                      -> Akira City, Buddhist temples
  wrong_area        0  あきる野市 寺                                -> Akiyurayashi, Kyoto, Shelter
  deep_gap          0  Akirunoの寺社仏閣                           -> Akiruno, Buddhist temples
  wrong_area        0  あきる野市の寺院一覧                             -> Akiyabashi, Kyoto, Monks
  accepted         20  Show me the temples in Akiruno, Toky   -> kiruno, Tokyo, temples
  wrong_area        0  temples Akiruno Tokyo Japan            -> Tokyo, temples
  accepted         20  Can you list the temples located in    -> kiruno, Tokyo, Temples
  accepted         20  I need a map of temples in Akiruno,    -> kiruno, Tokyo, temples

### Arakawa, Tokyo, Japan / Temples
  seed concern finds 38; 8 utterances kept of 8 asked for
  wrong_area        0  荒川区の寺院を教えて                             -> Harakawa City, Buddhist temp
  accepted         38  Arakawa Tokyo の寺社一覧                    -> Tokyo, Arakawa, Buddhist tem
  wrong_area        0  荒川区、東京都にあるお寺はどこですか？                    -> Chūō, Tokyo, Shelters
  accepted         38  Arakawa, Tokyo, Japan の寺院検索            -> Arakawa, Tokyo, Buddhist tem
  deep_gap          0  Where are the temples in Arakawa, To   -> Arakawa, Tokyo, temples
  accepted         38  Show me temples in Arakawa, Tokyo, J   -> Arakawa, Tokyo, Temples
  deep_gap          0  Find temples in Arakawa, Tokyo, Japa   -> Arakawa, Tokyo, temples
  deep_gap          0  I am looking for temples in Arakawa,   -> Arakawa, Tokyo, temples

### Chikusa Ward, Nagoya, Aichi Prefecture, Japan / Temples
  seed concern finds 21; 8 utterances kept of 8 asked for
  wrong_area        0  愛知県名古屋市千種区の寺を調べて                       -> Izu, Nakauma, Tokyo Prefectu
  accepted          4  名古屋市千種区にあるお寺はどこ？                       -> 名古屋市, 千種区, Shelters
  wrong_area        0  愛知 名古屋 千種区 寺院 マップ                      -> Izu, Osaka, 名古屋
  wrong_area        0  千種区の仏教寺院の場所を教えて                        -> Kiyō, Tokyo, Buddhist temple
  accepted         21  Show me the temples in Chikusa Ward,   -> Chikusa Ward, Nagoya, Aichi 
  accepted         21  Where are the temples located in Chi   -> Chikusa Ward, Nagoya, Aichi 
  accepted         21  I need directions to the temples in    -> Chikusa Ward, Nagoya, Aichi 
  deep_gap          0  List all temples in Chikusa Ward, Na   -> hikusa Ward, Nagoya, Aichi P

### Chuo Ward, Niigata, Niigata Prefecture, Japan / Temples
  seed concern finds 56; 8 utterances kept of 8 asked for
  wrong_area        0  新潟県新潟市中央区にある寺を教えてください                  -> Izu, Shizuoka Prefecture, Te
  wrong_area        0  新潟市中央区の寺院リスト                           -> Taito, New潟, Shelters
  wrong_area        0  新潟県新潟市中央区 寺                            -> New潟, Nigori City, Shrine
  wrong_area        0  新潟市中央区にあるお寺はどこ？                        -> Taito, Tokyo, Shelters
  wrong_area        0  Show me temples in Chuo Ward           -> huo Ward, temples
  accepted         35  I need to find temples in Chuo Ward,   -> Chuo Ward, Niigata Prefectur
  wrong_area        0  Please list the temples located in C   -> Chuo Ward, Niigata, Niigata 
  wrong_area        0  Where are the temples in Chuo Ward?    -> huo Ward, temples

### Dongdaemun-gu, Seoul, South Korea / Temples
  seed concern finds 1; 8 utterances kept of 8 asked for
  accepted         15  Dongdaemun-gu, Seoul, South Korea の寺   -> Dongdaemun-gu, Seoul, Buddhi
  accepted         19  South Korea の Seoul にある Dongdaemun-g   -> Dongdaemun-gu, Seoul, Shelte
  accepted         15  Dongdaemun-gu, Seoul, South Korea 周辺   -> Dongdaemun-gu, Seoul, South 
  accepted          1  Could you find temples in Dongdaemun   -> Dongdaemun-gu, Seoul, South 
  accepted          1  Temples in Dongdaemun-gu, Seoul, Sou   -> Dongdaemun-gu, Seoul, South 
  accepted          1  show me temples located in Dongdaemu   -> Dongdaemun-gu, Seoul, South 
  accepted          1  Where are the temples in Dongdaemun-   -> Dongdaemun-gu, Seoul, South 
  accepted          1  Find temples in Dongdaemun-gu, Seoul   -> Dongdaemun-gu, Seoul, South 

### Fukushima Ward, Osaka, Osaka Prefecture, Japan / Temples
  seed concern finds 13; 8 utterances kept of 8 asked for
  wrong_area        0  大阪府大阪市福島区の寺を教えて                        -> Osaka, Osaka City, Shinto te
  wrong_area        0  福島区の寺院を探しています                          -> Fukushima, Japan, Monasterie
  wrong_area        0  福島区にあるお寺はどこですか？                        -> Fukushima, Japan, Shelters
  wrong_area        0  福島区の寺について知りたいです                        -> Fukushima, Japan, Buddhist t
  wrong_area        0  Where are the temples in Fukushima W   -> Fukushima Ward, temples
  deep_gap          0  List all temples in Fukushima Ward,    -> Osaka, Fukushima Ward, Templ
  wrong_area        0  I need to find temples in Fukushima    -> Osaka Prefecture, Fukushima 
  accepted         13  Show me temples located in Fukushima   -> Fukushima, Osaka, Temples

### Gangnam-gu, Seoul, South Korea / Temples
  seed concern finds 1; 8 utterances kept of 8 asked for
  wrong_area        0  江南区の寺院を教えてください                         -> Jiangnan, China, Monasteries
  wrong_area        0  ソウルの江南区にあるお寺はどこですか                     -> Jiangnan, Shanghai, Shelters
  accepted         23  Gangnam-gu, Seoul, South Korea の寺院リス   -> Gangnam-gu, Seoul,寺院リスト
  wrong_area        0  江南区の仏教寺院を教えて                           -> Jiangnan, China, Buddhist te
  accepted         24  Tell me about Gangnam-gu, Seoul, Sou   -> angnam-gu, Seoul, South Kore
  accepted         76  Gangnam-gu, Seoul, South Korea         -> Gangnam-gu, Seoul, South Kor
  accepted         24  Show Gangnam-gu, Seoul, South Korea    -> angnam-gu, Seoul, South Kore
  accepted         24  I want to see Gangnam-gu, Seoul, Sou   -> angnam-gu, Seoul, South Kore

### Hachijō, Tokyo, Japan / Temples
  seed concern finds 6; 8 utterances kept of 8 asked for
  wrong_area        0  東京都八丈島の寺院を教えて                          -> Tokyo, Izu Island, Shelters
  wrong_area        0  八丈島にあるお寺の場所を知りたいです。                    -> Izu, Shizuoka Prefecture, Sh
  wrong_area        0  八丈島の寺を教えてください                          -> Izu, Shizuoka Prefecture, Bu
  wrong_area        0  東京都八丈島周辺の寺院を探しています。                    -> Chūō, Chūō Island, Shelters
  deep_gap          0  Show me temples in Hachijō, Tokyo, J   -> okyo, Hachijō, temples
  accepted          6  I need directions to temples in Hach   -> Hachijō, Tokyo, Temples
  accepted          6  Find temples in Hachijō, Tokyo, Japa   -> Hachijō, Tokyo, Temples
  accepted          6  Where are the temples in Hachijō, To   -> Tokyo, Hachijō, Temples

### Higashi Ward, Fukuoka, Fukuoka Prefecture, Japan / Temples
  seed concern finds 10; 8 utterances kept of 8 asked for
  wrong_area        0  福岡県福岡市東区の寺院を教えて                        -> Izu, Shizuoka Prefecture, Bu
  wrong_area        0  東区の寺所はどこですか？                           -> Tokyo, Tokyo, Shelters
  wrong_area        0  福岡市東区内のお寺を探しています                       -> Taito, Fukuoka, Shelters
  wrong_area        0  東区にある寺院一覧をください                         -> Tokyo, Tokyo, Shelters
  accepted         10  Where are the temples in Higashi War   -> Higashi Ward, Fukuoka Prefec
  accepted         10  I need to find temples located in Hi   -> Higashi Ward, Fukuoka Prefec
  wrong_area        0  Show me all the temples in the Higas   -> Higashi Ward, Fukuoka, Fukuo
  wrong_area        0  Please list the temples in Higashi W   -> Higashi Ward, Fukuoka, Fukuo

### Higashinari Ward, Osaka, Osaka Prefecture, Japan / Temples
  seed concern finds 8; 8 utterances kept of 8 asked for
  wrong_area        0  東成区の寺院を教えて                             -> East Chuo, Tokyo, Monasterie
  wrong_area        0  大阪府東成区内にあるお寺の一覧を出して                    -> Osaka, Osaka, Shelters
  wrong_area        0  東成区の寺社をマップ上に表示してください                   -> Taito, Tokyo, Shelters
  wrong_area        0  東成区にある寺院の場所を知りたい                       -> Taito, Tokyo, Shelters
  accepted         19  Temples in Higashinari Ward            -> Higashinari Ward, Temples
  accepted          8  Where are the temples in Higashinari   -> Higashinari Ward, Osaka, Tem
  deep_gap          0  Show me all temples in Higashinari W   -> Higashinari Ward, Osaka, Osa
  accepted         19  Can you find temples in Higashinari    -> Higashinari Ward, Temples

verdict            n  share
accepted        5430  69%
invented_name    745  9%
wrong_area       714  9%
deep_gap         622  8%
zero_results     199  3%
no_area_line     179  2%
failed             3  0%

82 accepted pairs found under 10% of what the seed concern finds

554.1 min for 1000 seeds (33 s each, 4 s per pair)

wrote tmp/inner-pairs-production.jsonl
